states_ut,region_code,serotype_o_pct_pre,serotype_o_pct_post,serotype_a_pct_pre,serotype_a_pct_post,serotype_asia1_pct_pre,serotype_asia1_pct_post,report_page,round_name,sample_year,report_year,test_type,test_threshold,serotype_all_count_pre,serotype_all_count_post,serotype_o_count_pre,serotype_o_count_post,serotype_a_count_pre,serotype_a_count_post,serotype_asia1_count_pre,serotype_asia1_count_post
A&N Island,AN,21.3,49.9,23.0,52.6,29.9,60.7,31,15,2013,2019,SPCE,1.8 log10 @ 50% inhibition,,,,,,,,
A&N Island,AN,41.5,62.2,45.8,79.3,50.0,74.3,31,16,2014,2019,SPCE,1.8 log10 @ 50% inhibition,,,,,,,,
A&N Island,AN,42.3,69.2,58.0,82.0,55.0,78.0,31,17,2014,2019,SPCE,1.8 log10 @ 50% inhibition,,,,,,,,
A&N Island,AN,62.9,82.3,67.9,85.9,82.3,92.3,31,18,2015,2019,SPCE,1.8 log10 @ 50% inhibition,,,,,,,,
A&N Island,AN,60.6,73.1,63.8,87.9,72.7,86.7,31,19,2015,2019,SPCE,1.8 log10 @ 50% inhibition,,,,,,,,
A&N Island,AN,14.6,33.9,16.4,28.8,24.4,37.8,31,20,2016,2019,SPCE,1.8 log10 @ 50% inhibition,,,,,,,,
A&N Island,AN,17.7,34.3,14.9,19.4,19.1,38.8,31,21,2016,2019,SPCE,1.8 log10 @ 50% inhibition,,,,,,,,
A&N Island,AN,18.6,40.9,15.8,37.2,20.9,44.1,31,22,2017,2019,SPCE,1.8 log10 @ 50% inhibition,,,,,,,,
A&N Island,AN,21.8,40.4,12.7,27.3,22.7,43.3,31,23,2018,2019,SPCE,1.8 log10 @ 50% inhibition,,,,,,,,
A&N Island,AN,25.1,55.2,9.6,46.9,29.7,61.8,31,24,2019,2019,SPCE,1.8 log10 @ 50% inhibition,,,,,,,,
A&N Island,AN,21.3,49.9,23.0,52.6,29.9,60.7,31,15,2013,2019,SPCE,1.8 log10 @ 50% inhibition,,,,,,,,
A&N Island,AN,41.5,62.2,45.8,79.3,50.0,74.3,31,16,2014,2019,SPCE,1.8 log10 @ 50% inhibition,,,,,,,,
A&N Island,AN,42.3,69.2,58.0,82.0,55.0,78.0,31,17,2014,2019,SPCE,1.8 log10 @ 50% inhibition,,,,,,,,
A&N Island,AN,62.9,82.3,67.9,85.9,82.3,92.3,31,18,2015,2019,SPCE,1.8 log10 @ 50% inhibition,,,,,,,,
A&N Island,AN,60.6,73.1,63.8,87.9,72.7,86.7,31,19,2015,2019,SPCE,1.8 log10 @ 50% inhibition,,,,,,,,
A&N Island,AN,14.6,33.9,16.4,28.8,24.4,37.8,31,20,2016,2019,SPCE,1.8 log10 @ 50% inhibition,,,,,,,,
A&N Island,AN,17.7,34.3,14.9,19.4,19.1,38.8,31,21,2016,2019,SPCE,1.8 log10 @ 50% inhibition,,,,,,,,
A&N Island,AN,18.6,40.9,15.8,37.2,20.9,44.1,31,22,2017,2019,SPCE,1.8 log10 @ 50% inhibition,,,,,,,,
A&N Island,AN,21.8,40.4,12.7,27.3,22.7,43.3,31,23,2018,2019,SPCE,1.8 log10 @ 50% inhibition,,,,,,,,
A&N Island,AN,25.1,55.2,9.6,46.9,29.7,61.8,31,24,2019,2019,SPCE,1.8 log10 @ 50% inhibition,,,,,,,,
A&N Island,,21.3,49.9,23.0,52.6,29.9,60.7,31,15,2013,2019,SPCE,1.8 log10 @ 50% inhibition,,,,,,,,
A&N Island,,41.5,62.2,45.8,79.3,50.0,74.3,31,16,2014,2019,SPCE,1.8 log10 @ 50% inhibition,,,,,,,,
A&N Island,,42.3,69.2,58.0,82.0,55.0,78.0,31,17,2014,2019,SPCE,1.8 log10 @ 50% inhibition,,,,,,,,
A&N Island,,62.9,82.3,67.9,85.9,82.3,92.3,31,18,2015,2019,SPCE,1.8 log10 @ 50% inhibition,,,,,,,,
A&N Island,,60.6,73.1,63.8,87.9,72.7,86.7,31,19,2015,2019,SPCE,1.8 log10 @ 50% inhibition,,,,,,,,
A&N Island,,14.6,33.9,16.4,28.8,24.4,37.8,31,20,2016,2019,SPCE,1.8 log10 @ 50% inhibition,,,,,,,,
A&N Island,,17.7,34.3,14.9,19.4,19.1,38.8,31,21,2016,2019,SPCE,1.8 log10 @ 50% inhibition,,,,,,,,
A&N Island,,18.6,40.9,15.8,37.2,20.9,44.1,31,22,2017,2019,SPCE,1.8 log10 @ 50% inhibition,,,,,,,,
A&N Island,,21.8,40.4,12.7,27.3,22.7,43.3,31,23,2018,2019,SPCE,1.8 log10 @ 50% inhibition,,,,,,,,
A&N Island,,25.1,55.2,9.6,46.9,29.7,61.8,31,24,2019,2019,SPCE,1.8 log10 @ 50% inhibition,,,,,,,,
A&N Island,,21.3,49.9,23.0,52.6,29.9,60.7,31,15,2013,2019,SPCE,1.8 log10 @ 50% inhibition,,,,,,,,
A&N Island,,41.5,62.2,45.8,79.3,50.0,74.3,31,16,2014,2019,SPCE,1.8 log10 @ 50% inhibition,,,,,,,,
A&N Island,,42.3,69.2,58.0,82.0,55.0,78.0,31,17,2014,2019,SPCE,1.8 log10 @ 50% inhibition,,,,,,,,
A&N Island,,62.9,82.3,67.9,85.9,82.3,92.3,31,18,2015,2019,SPCE,1.8 log10 @ 50% inhibition,,,,,,,,
A&N Island,,60.6,73.1,63.8,87.9,72.7,86.7,31,19,2015,2019,SPCE,1.8 log10 @ 50% inhibition,,,,,,,,
A&N Island,,14.6,33.9,16.4,28.8,24.4,37.8,31,20,2016,2019,SPCE,1.8 log10 @ 50% inhibition,,,,,,,,
A&N Island,,17.7,34.3,14.9,19.4,19.1,38.8,31,21,2016,2019,SPCE,1.8 log10 @ 50% inhibition,,,,,,,,
A&N Island,,18.6,40.9,15.8,37.2,20.9,44.1,31,22,2017,2019,SPCE,1.8 log10 @ 50% inhibition,,,,,,,,
A&N Island,,21.8,40.4,12.7,27.3,22.7,43.3,31,23,2018,2019,SPCE,1.8 log10 @ 50% inhibition,,,,,,,,
A&N Island,,25.1,55.2,9.6,46.9,29.7,61.8,31,24,2019,2019,SPCE,1.8 log10 @ 50% inhibition,,,,,,,,
Andhra Pradesh,,72.3,86.8,55.3,82.2,69.0,87.1,19,8,2015,2019,SPCE,1.8 log10 @ 50% inhibition,,,,,,,,
Andhra Pradesh,,52.9,71.9,37.0,58.8,47.9,71.8,19,9,2015,2019,SPCE,1.8 log10 @ 50% inhibition,,,,,,,,
Andhra Pradesh,,61.9,75.7,50.2,66.8,54.9,69.1,19,10,2016,2019,SPCE,1.8 log10 @ 50% inhibition,,,,,,,,
Andhra Pradesh,,51.4,63.8,35.8,54.0,44.2,63.0,19,11,2016,2019,SPCE,1.8 log10 @ 50% inhibition,,,,,,,,
Andhra Pradesh,,48.9,60.3,30.3,45.0,45.9,60.8,19,12,2017,2019,SPCE,1.8 log10 @ 50% inhibition,,,,,,,,
Andhra Pradesh,,35.6,55.8,30.7,51.6,40.0,60.0,19,13,2017,2019,SPCE,1.8 log10 @ 50% inhibition,,,,,,,,
Andhra Pradesh,,35.7,58.5,28.2,50.3,38.7,56.6,19,14,2018,2019,SPCE,1.8 log10 @ 50% inhibition,,,,,,,,
Andhra Pradesh,,45.0,75.7,31.0,66.0,46.5,72.4,19,15,2018,2019,SPCE,1.8 log10 @ 50% inhibition,,,,,,,,
Andhra Pradesh,,43.1,70.5,29.6,57.7,47.3,68.4,19,16,2019,2019,SPCE,1.8 log10 @ 50% inhibition,,,,,,,,
Andhra Pradesh,,36.5,61.4,28.4,54.3,43.9,65.5,19,17,2019,2019,SPCE,1.8 log10 @ 50% inhibition,,,,,,,,
Bihar,,,11.0,,7.8,,4.8,27,4,2017,2019,SPCE,1.8 log10 @ 50% inhibition,,,,,,,,
Bihar,,3.6,9.3,2.4,7.2,2.2,5.6,27,5,2018,2019,SPCE,1.8 log10 @ 50% inhibition,,,,,,,,
Bihar,,0.0,4.6,0.0,3.8,0.0,2.7,27,7,2019,2019,SPCE,1.8 log10 @ 50% inhibition,,,,,,,,
Chhattisgarh,,29.2,43.9,17.3,31.4,27.9,39.3,21,1,2018,2019,SPCE,1.8 log10 @ 50% inhibition,,,,,,,,
Chhattisgarh,,34.3,46.9,17.8,34.2,34.8,50.5,21,2,2018,2019,SPCE,1.8 log10 @ 50% inhibition,,,,,,,,
Chhattisgarh,,24.4,47.6,16.5,30.7,20.8,46.8,21,3,2019,2019,SPCE,1.8 log10 @ 50% inhibition,,,,,,,,
Chhattisgarh,,28.2,50.9,20.3,42.3,23.9,44.3,21,4,2019,2019,SPCE,1.8 log10 @ 50% inhibition,,,,,,,,
Goa,,47.4,82.1,64.3,86.1,54.4,86.0,30,3,2013,2019,SPCE,1.8 log10 @ 50% inhibition,,,,,,,,
Goa,,45.1,77.0,58.5,86.0,57.0,85.1,30,4,2013,2019,SPCE,1.8 log10 @ 50% inhibition,,,,,,,,
Goa,,85.9,98.9,77.1,96.3,51.7,90.1,30,5,2014,2019,SPCE,1.8 log10 @ 50% inhibition,,,,,,,,
Goa,,71.2,97.6,56.9,91.1,63.3,92.5,30,6,2014,2019,SPCE,1.8 log10 @ 50% inhibition,,,,,,,,
Goa,,65.3,93.0,67.8,98.1,76.4,98.6,30,7,2015,2019,SPCE,1.8 log10 @ 50% inhibition,,,,,,,,
Goa,,43.3,71.8,33.0,68.3,36.5,67.0,30,11,2017,2019,SPCE,1.8 log10 @ 50% inhibition,,,,,,,,
Goa,,43.5,64.8,29.8,55.8,33.0,58.0,30,12,2017,2019,SPCE,1.8 log10 @ 50% inhibition,,,,,,,,
Goa,,36.5,43.5,34.8,39.0,38.3,43.3,30,13,2018,2019,SPCE,1.8 log10 @ 50% inhibition,,,,,,,,
Goa,,31.3,49.8,26.3,41.0,38.5,48.5,30,14,2018,2019,SPCE,1.8 log10 @ 50% inhibition,,,,,,,,
Goa,,40.8,54.0,33.3,46.8,36.5,50.5,30,15,2019,2019,SPCE,1.8 log10 @ 50% inhibition,,,,,,,,
Gujarat,,54.5,75.9,62.5,76.9,69.2,81.3,22,4,2013,2019,SPCE,1.8 log10 @ 50% inhibition,,,,,,,,
Gujarat,,59.5,74.4,62.7,76.4,74.9,80.0,22,5,2014,2019,SPCE,1.8 log10 @ 50% inhibition,,,,,,,,
Gujarat,,74.9,81.6,49.6,65.8,65.6,79.5,22,6,2014,2019,SPCE,1.8 log10 @ 50% inhibition,,,,,,,,
Gujarat,,60.0,73.1,61.6,74.6,72.4,80.6,22,7,2015,2019,SPCE,1.8 log10 @ 50% inhibition,,,,,,,,
Gujarat,,31.5,58.4,24.4,46.6,25.7,53.4,22,9,2016,2019,SPCE,1.8 log10 @ 50% inhibition,,,,,,,,
Gujarat,,31.7,57.7,23.9,48.0,24.3,52.6,22,10,2017,2019,SPCE,1.8 log10 @ 50% inhibition,,,,,,,,
Gujarat,,26.0,44.0,19.8,35.4,25.3,43.1,22,11,2017,2019,SPCE,1.8 log10 @ 50% inhibition,,,,,,,,
Gujarat,,21.9,48.9,15.4,37.8,24.3,50.3,22,12,2018,2019,SPCE,1.8 log10 @ 50% inhibition,,,,,,,,
Gujarat,,22.3,52.8,13.2,41.4,21.2,53.8,22,13,2018,2019,SPCE,1.8 log10 @ 50% inhibition,,,,,,,,
Gujarat,,29.5,53.3,19.4,37.4,26.1,49.9,22,14,2019,2019,SPCE,1.8 log10 @ 50% inhibition,,,,,,,,
Haryana,,42.7,76.9,32.4,69.8,29.7,61.6,26,1,2011,2019,SPCE,1.8 log10 @ 50% inhibition,2587,2573,1105,1979,838,1796,769,1586
Haryana,,41.8,72.3,38.1,72.3,28.1,59.3,26,2,2011,2019,SPCE,1.8 log10 @ 50% inhibition,2586,2594,1081,1876,986,1876,727,1537
Haryana,,42.7,70.6,43.6,72.4,25.4,61.5,26,3,2012,2019,SPCE,1.8 log10 @ 50% inhibition,2555,2562,1092,1809,1113,1856,650,1576
Haryana,,40.7,79.6,34.8,70.3,32.7,66.0,26,4,2012,2019,SPCE,1.8 log10 @ 50% inhibition,2565,2575,1043,2049,893,1811,840,1700
Haryana,,46.5,71.8,45.3,63.0,38.8,65.7,26,5,2013,2019,SPCE,1.8 log10 @ 50% inhibition,2600,2600,1210,1867,1178,1638,1010,1709
Haryana,,45.4,80.0,56.4,83.8,72.3,90.7,26,6,2013,2019,SPCE,1.8 log10 @ 50% inhibition,2580,2580,1171,2063,1455,2161,1865,2341
Haryana,,68.6,88.0,74.1,83.2,80.1,95.6,26,7,2014,2019,SPCE,1.8 log10 @ 50% inhibition,2558,2597,1755,2285,1895,2160,2050,2483
Haryana,,76.4,93.3,73.3,91.2,82.2,96.4,26,8,2014,2019,SPCE,1.8 log10 @ 50% inhibition,2600,2600,1987,2427,1907,2371,2138,2506
Haryana,,81.3,94.1,81.2,93.8,84.9,97.8,26,9,2015,2019,SPCE,1.8 log10 @ 50% inhibition,2600,2600,2113,2447,2112,2439,2208,2542
Haryana,,67.4,96.0,67.2,95.5,77.8,99.5,26,10,2015,2019,SPCE,1.8 log10 @ 50% inhibition,2000,200,1347,192,1343,191,1555,199
Haryana,,27.1,71.4,22.0,70.5,28.7,74.0,26,16,2019,2019,SPCE,1.8 log10 @ 50% inhibition,797,1383,216,988,175,975,229,1024
Haryana,,39.5,71.3,44.6,75.6,41.9,74.8,26,17,2019,2019,SPCE,1.8 log10 @ 50% inhibition,1200,1800,474,1284,535,1361,503,1347
Jammu & Kashmir,,16.4,46.4,14.6,29.3,12.9,18.7,26,1,2018,2019,SPCE,1.8 log10 @ 50% inhibition,,,,,,,,
Jammu & Kashmir,,20.0,,15.8,,10.7,,26,2,2019,2019,SPCE,1.8 log10 @ 50% inhibition,,,,,,,,
Karnataka,,83.0,97.0,88.0,94.0,93.0,98.0,18,7,2014,2019,SPCE,1.8 log10 @ 50% inhibition,,,,,,,,
Karnataka,,87.5,95.5,84.9,96.7,91.2,97.1,18,8,2015,2019,SPCE,1.8 log10 @ 50% inhibition,,,,,,,,
Karnataka,,73.5,87.8,65.3,86.0,74.9,89.9,18,9,2015,2019,SPCE,1.8 log10 @ 50% inhibition,,,,,,,,
Karnataka,,70.6,82.9,59.1,75.8,74.5,83.8,18,10,2016,2019,SPCE,1.8 log10 @ 50% inhibition,,,,,,,,
Karnataka,,67.9,82.0,63.0,78.0,71.8,80.7,18,11,2016,2019,SPCE,1.8 log10 @ 50% inhibition,,,,,,,,
Karnataka,,75.0,88.0,88.0,90.0,74.0,84.0,18,12,2017,2019,SPCE,1.8 log10 @ 50% inhibition,,,,,,,,
Karnataka,,52.5,69.7,45.8,61.2,51.0,65.9,18,13,2017,2019,SPCE,1.8 log10 @ 50% inhibition,,,,,,,,
Karnataka,,47.4,64.8,41.8,56.1,44.2,56.3,18,14,2018,2019,SPCE,1.8 log10 @ 50% inhibition,,,,,,,,
Karnataka,,36.1,61.6,31.8,49.8,37.4,53.8,18,15,2019,2019,SPCE,1.8 log10 @ 50% inhibition,,,,,,,,
Karnataka,,26.2,48.1,20.8,39.5,24.8,44.1,18,16,2019,2019,SPCE,1.8 log10 @ 50% inhibition,,,,,,,,
Kerala,,13.0,25.0,15.2,30.0,17.0,35.0,18,4,2013,2019,SPCE,1.8 log10 @ 50% inhibition,,,,,,,,
Kerala,,20.0,51.1,24.7,58.5,45.1,70.3,18,5,2013,2019,SPCE,1.8 log10 @ 50% inhibition,,,,,,,,
Kerala,,53.7,90.5,51.1,79.0,61.3,88.2,18,6,2014,2019,SPCE,1.8 log10 @ 50% inhibition,,,,,,,,
Kerala,,76.6,81.1,64.0,92.0,78.3,97.1,18,7,2014,2019,SPCE,1.8 log10 @ 50% inhibition,,,,,,,,
Kerala,,82.3,92.0,76.6,87.2,88.1,95.9,18,8,2015,2019,SPCE,1.8 log10 @ 50% inhibition,,,,,,,,
Kerala,,67.0,82.7,57.4,79.6,60.4,79.6,18,11,2016,2019,SPCE,1.8 log10 @ 50% inhibition,,,,,,,,
Kerala,,51.5,83.4,54.6,83.1,61.5,86.7,18,12,2017,2019,SPCE,1.8 log10 @ 50% inhibition,,,,,,,,
Kerala,,59.0,83.8,41.0,68.9,59.9,84.0,18,13,2018,2019,SPCE,1.8 log10 @ 50% inhibition,,,,,,,,
Kerala,,38.9,62.2,31.8,55.5,45.9,62.9,18,14,2019,2019,SPCE,1.8 log10 @ 50% inhibition,,,,,,,,
Kerala,,44.4,75.6,34.5,64.0,48.0,73.5,18,15,2019,2019,SPCE,1.8 log10 @ 50% inhibition,,,,,,,,
Madhya Pradesh,,11.0,27.5,8.5,20.3,7.6,22.0,20,1,2017,2019,SPCE,1.8 log10 @ 50% inhibition,,,,,,,,
Madhya Pradesh,,15.2,31.7,10.2,23.2,11.8,30.1,20,2,2017,2019,SPCE,1.8 log10 @ 50% inhibition,,,,,,,,
Madhya Pradesh,,14.5,30.3,9.6,22.5,11.6,28.0,20,3,2018,2019,SPCE,1.8 log10 @ 50% inhibition,,,,,,,,
Madhya Pradesh,,21.5,14.9,15.6,37.5,28.3,33.5,20,4,2018,2019,SPCE,1.8 log10 @ 50% inhibition,,,,,,,,
Maharashtra,,61.3,92.5,43.1,82.8,35.5,77.0,22,6,2014,2019,SPCE,1.8 log10 @ 50% inhibition,,,,,,,,
Maharashtra,,71.1,93.0,57.4,89.0,60.0,65.0,22,7,2014,2019,SPCE,1.8 log10 @ 50% inhibition,,,,,,,,
Maharashtra,,60.5,89.4,67.9,93.3,67.2,93.9,22,8,2015,2019,SPCE,1.8 log10 @ 50% inhibition,,,,,,,,
Maharashtra,,46.3,67.0,28.9,51.9,38.9,60.7,22,9,2015,2019,SPCE,1.8 log10 @ 50% inhibition,,,,,,,,
Maharashtra,,66.1,75.8,46.2,59.0,54.2,67.1,22,10,2016,2019,SPCE,1.8 log10 @ 50% inhibition,,,,,,,,
Maharashtra,,44.9,66.9,32.8,57.6,41.4,60.8,22,11,2017,2019,SPCE,1.8 log10 @ 50% inhibition,,,,,,,,
Maharashtra,,40.2,57.5,27.2,44.9,36.4,50.9,22,12,2018,2019,SPCE,1.8 log10 @ 50% inhibition,,,,,,,,
Maharashtra,,44.1,59.0,29.8,49.0,38.4,59.5,22,13,2018,2019,SPCE,1.8 log10 @ 50% inhibition,,,,,,,,
Maharashtra,,30.6,43.9,20.2,33.6,24.1,37.9,22,14,2019,2019,SPCE,1.8 log10 @ 50% inhibition,,,,,,,,
Manipur,,21.6,50.4,13.5,36.8,16.7,46.4,29,1,2018,2019,SPCE,1.8 log10 @ 50% inhibition,,,,,,,,
Manipur,,13.5,62.7,8.8,60.9,12.4,61.8,29,2,2019,2019,SPCE,1.8 log10 @ 50% inhibition,,,,,,,,
Mizoram,,29.4,62.5,23.5,54.0,34.5,60.5,29,1,2019,2019,SPCE,1.8 log10 @ 50% inhibition,,,,,,,,
Mizoram,,45.1,70.1,39.6,67.2,38.3,63.6,29,2,2019,2019,SPCE,1.8 log10 @ 50% inhibition,,,,,,,,
Andaman,,19.8,39.3,9.8,34.9,24.4,45.3,,NADCP 1,2020/2021,2021,SPCE,1.8 log10 @ 50% inhibition,328,516,65,203,32,180,80,234
Andhra Pradesh,,9.0,29.2,5.6,23.8,9.2,27.2,,NADCP 1,2020/2021,2021,SPCE,1.8 log10 @ 50% inhibition,2119,2116,191,618,119,504,195,576
Arunachal Pradesh,,2.7,,14.0,,1.1,,,NADCP 1,2020/2021,2021,SPCE,1.8 log10 @ 50% inhibition,186,,5,,26,,2,
Assam,,9.3,16.0,2.0,6.9,1.3,6.2,,NADCP 1,2020/2021,2021,SPCE,1.8 log10 @ 50% inhibition,1989,1401,185,224,40,97,26,87
Chhattisgarh,,17.0,35.6,10.9,22.9,11.5,22.7,,NADCP 1,2020/2021,2021,SPCE,1.8 log10 @ 50% inhibition,2152,2011,366,716,235,461,247,456
Delhi,,39.5,81.2,47.5,74.9,40.5,77.5,,NADCP 1,2020/2021,2021,SPCE,1.8 log10 @ 50% inhibition,200,191,79,155,95,143,81,148
Goa,,34.1,49.1,27.6,43.3,34.4,42.7,,NADCP 1,2020/2021,2021,SPCE,1.8 log10 @ 50% inhibition,735,735,251,361,203,318,253,314
Gujarat,,18.8,44.2,16.4,42.4,20.1,46.5,,NADCP 1,2020/2021,2021,SPCE,1.8 log10 @ 50% inhibition,2223,2223,418,983,365,943,447,1034
Haryana,,24.2,59.2,24.0,60.8,28.4,63.8,,NADCP 1,2020/2021,2021,SPCE,1.8 log10 @ 50% inhibition,2267,2271,549,1344,544,1381,644,1449
Himachal Pradesh,,2.9,9.0,3.5,7.3,1.2,4.0,,NADCP 1,2020/2021,2021,SPCE,1.8 log10 @ 50% inhibition,1504,2301,44,207,53,168,18,92
Jammu & Kashmir,,17.4,35.3,9.2,23.1,10.3,19.3,,NADCP 1,2020/2021,2021,SPCE,1.8 log10 @ 50% inhibition,1525,1276,265,450,140,295,157,246
Jharkhand,,9.0,29.1,3.4,13.2,4.7,16.7,,NADCP 1,2020/2021,2021,SPCE,1.8 log10 @ 50% inhibition,1506,492,136,143,51,65,71,82
Karnataka,,16.3,45.2,12.3,33.3,13.2,37.6,,NADCP 1,2020/2021,2021,SPCE,1.8 log10 @ 50% inhibition,2300,2303,375,1041,283,767,304,866
Kerala,,47.4,70.9,39.5,60.1,45.7,67.6,,NADCP 1,2020/2021,2021,SPCE,1.8 log10 @ 50% inhibition,2145,2145,1017,1521,847,1289,980,1450
Madhya Pradesh,,10.0,28.4,8.7,21.4,9.3,24.1,,NADCP 1,2020/2021,2021,SPCE,1.8 log10 @ 50% inhibition,4589,4589,459,1303,399,982,427,1106
Maharashtra,,17.5,36.3,14.4,29.5,16.2,32.3,,NADCP 1,2020/2021,2021,SPCE,1.8 log10 @ 50% inhibition,4346,4359,761,1582,626,1286,704,1408
Manipur,,9.7,45.8,7.1,40.8,7.2,36.8,,NADCP 1,2020/2021,2021,SPCE,1.8 log10 @ 50% inhibition,807,807,78,370,57,329,58,297
Meghalaya,,14.0,41.6,7.0,34.5,16.9,32.4,,NADCP 1,2020/2021,2021,SPCE,1.8 log10 @ 50% inhibition,586,586,82,244,41,202,99,190
Mizoram,,10.5,30.4,8.9,26.5,10.9,28.8,,NADCP 1,2020/2021,2021,SPCE,1.8 log10 @ 50% inhibition,838,838,88,255,75,222,91,241
Nagaland,,13.2,6.0,6.2,12.9,4.3,9.5,,NADCP 1,2020/2021,2021,SPCE,1.8 log10 @ 50% inhibition,726,419,96,25,45,54,31,40
Odisha,,12.7,36.0,8.8,20.5,7.3,17.8,,NADCP 1,2020/2021,2021,SPCE,1.8 log10 @ 50% inhibition,2262,2262,287,814,199,464,165,403
Pondichery,,84.1,89.3,78.6,80.3,84.8,89.2,,NADCP 1,2020/2021,2021,SPCE,1.8 log10 @ 50% inhibition,960,960,807,857,755,771,814,856
Punjab,,11.5,22.7,18.9,16.7,18.1,23.6,,NADCP 1,2020/2021,2021,SPCE,1.8 log10 @ 50% inhibition,2198,886,253,201,415,148,398,209
Rajasthan,,44.9,57.1,44.6,54.0,38.6,52.9,,NADCP 1,2020/2021,2021,SPCE,1.8 log10 @ 50% inhibition,1188,1188,533,678,530,642,459,628
Sikkim,,2.7,22.2,3.9,14.9,2.8,16.6,,NADCP 1,2020/2021,2021,SPCE,1.8 log10 @ 50% inhibition,999,743,27,165,39,111,28,123
Tamil Nadu,,37.0,70.3,27.5,60.8,27.8,61.8,,NADCP 1,2020/2021,2021,SPCE,1.8 log10 @ 50% inhibition,2246,2246,831,1579,618,1366,624,1388
Telangana,,20.7,52.4,14.5,49.1,20.5,55.0,,NADCP 1,2020/2021,2021,SPCE,1.8 log10 @ 50% inhibition,2210,2210,457,1158,320,1085,453,1216
Uttar Pradesh,,9.9,28.7,7.5,18.2,8.6,22.1,,NADCP 1,2020/2021,2021,SPCE,1.8 log10 @ 50% inhibition,7468,5975,739,1715,560,1087,642,1320
Uttarakhand,,4.2,24.3,3.8,17.5,3.0,23.1,,NADCP 1,2020/2021,2021,SPCE,1.8 log10 @ 50% inhibition,1320,1291,55,314,50,226,40,298
Total,,17.6,39.0,14.4,31.6,15.8,34.0,,NADCP 1,2020/2021,2021,SPCE,1.8 log10 @ 50% inhibition,53922,49340,9490,19243,7765,15591,8520,16776
Andaman,,19.8,39.3,9.8,34.9,24.4,45.3,,NADCP 1,2021,2021,SPCE,1.8 log10 @ 50% inhibition,328,516,65,203,32,180,80,234
Himachal Pradesh,,2.8,9.4,3.4,7.3,1.0,3.8,,NADCP 1,2021,2021,SPCE,1.8 log10 @ 50% inhibition,879,1273,25,120,30,93,9,48
Jammu & Kashmir,,NaN,24.5,NaN,19.4,NaN,18.7,,NADCP 1,2021,2021,SPCE,1.8 log10 @ 50% inhibition,0,139,0,34,0,27,0,26
Kerala,,53.9,71.1,45.4,58.4,51.2,66.6,,NADCP 1,2021,2021,SPCE,1.8 log10 @ 50% inhibition,1485,1349,800,959,674,788,761,898
Meghalaya,,14.0,41.6,7.0,34.5,16.9,32.4,,NADCP 1,2021,2021,SPCE,1.8 log10 @ 50% inhibition,586,586,82,244,41,202,99,190
Nagaland,,13.2,6.0,6.2,12.9,4.3,9.5,,NADCP 1,2021,2021,SPCE,1.8 log10 @ 50% inhibition,726,419,96,25,45,54,31,40
Pondichery,,84.1,89.3,78.6,80.3,84.8,89.2,,NADCP 1,2021,2021,SPCE,1.8 log10 @ 50% inhibition,960,960,807,857,755,771,814,856
Punjab,,17.0,22.7,13.2,16.7,15.1,23.6,,NADCP 1,2021,2021,SPCE,1.8 log10 @ 50% inhibition,53,886,9,201,7,148,8,209
Rajasthan,,44.9,57.1,44.6,54.0,38.6,52.9,,NADCP 1,2021,2021,SPCE,1.8 log10 @ 50% inhibition,1188,1188,533,678,530,642,459,628
Sikkim,,7.7,17.6,5.1,13.0,7.7,11.0,,NADCP 1,2021,2021,SPCE,1.8 log10 @ 50% inhibition,78,353,6,62,4,46,6,39
Total,,38.6,44.1,33.7,38.5,36.1,41.3,,NADCP 1,2021,2021,SPCE,1.8 log10 @ 50% inhibition,6283,7669,2423,3383,2118,2951,2267,3168
A&N Island,,19.8,39.3,9.8,34.9,24.4,45.3,,NADCP 1,2020,2020,SPCE,1.8 log10 @ 50% inhibition,328,516,65,203,32,180,80,234
Andhra Pradesh,,9.0,29.2,5.6,23.8,9.2,27.2,,NADCP 1,2020,2020,SPCE,1.8 log10 @ 50% inhibition,2119,2116,191,618,119,504,196,576
Arunachal Pradesh,,2.7,,14.0,,1.1,,,NADCP 1,2020,2020,SPCE,1.8 log10 @ 50% inhibition,186,,5,,26,,2,
Assam,,9.3,16.0,2.0,6.9,1.3,6.2,,NADCP 1,2020,2020,SPCE,1.8 log10 @ 50% inhibition,1989,1401,184,224,39,96,26,87
Chhattisgarh,,17.0,35.6,10.9,22.9,11.5,22.7,,NADCP 1,2020,2020,SPCE,1.8 log10 @ 50% inhibition,2152,2011,366,716,234,461,248,457
Delhi,,39.5,81.2,47.5,74.9,40.5,77.5,,NADCP 1,2020,2020,SPCE,1.8 log10 @ 50% inhibition,200,191,79,155,95,143,81,148
Goa,,34.1,49.1,27.6,43.3,34.4,42.7,,NADCP 1,2020,2020,SPCE,1.8 log10 @ 50% inhibition,735,735,251,361,203,318,253,314
Gujarat,,18.8,44.2,16.4,42.4,20.1,46.5,,NADCP 1,2020,2020,SPCE,1.8 log10 @ 50% inhibition,2223,2223,418,982,364,942,447,1033
Haryana,,24.2,59.2,24.0,60.8,28.4,63.8,,NADCP 1,2020,2020,SPCE,1.8 log10 @ 50% inhibition,2267,2271,549,1345,545,1380,643,1448
Himachal Pradesh,,3.0,8.5,3.7,7.3,1.4,4.3,,NADCP 1,2020,2020,SPCE,1.8 log10 @ 50% inhibition,625,1028,19,87,23,75,9,44
Jammu & Kashmir,,17.4,36.6,9.2,23.6,10.3,19.3,,NADCP 1,2020,2020,SPCE,1.8 log10 @ 50% inhibition,1525,1137,265,416,141,268,157,220
Jharkhand,,9.0,29.1,3.4,13.2,4.7,16.7,,NADCP 1,2020,2020,SPCE,1.8 log10 @ 50% inhibition,1506,492,135,143,51,65,71,82
Karnataka,,16.3,45.2,12.3,33.3,13.2,37.6,,NADCP 1,2020,2020,SPCE,1.8 log10 @ 50% inhibition,2300,2303,376,1042,284,766,304,865
Kerala,,32.9,70.6,26.2,62.9,33.2,69.3,,NADCP 1,2020,2020,SPCE,1.8 log10 @ 50% inhibition,660,796,217,562,173,501,219,552
Madhya Pradesh,,10.0,28.4,8.7,21.4,9.3,24.1,,NADCP 1,2020,2020,SPCE,1.8 log10 @ 50% inhibition,4589,4589,458,1304,397,983,428,1108
Maharashtra,,17.5,36.3,14.4,29.5,16.2,32.3,,NADCP 1,2020,2020,SPCE,1.8 log10 @ 50% inhibition,4346,4359,761,1581,627,1285,705,1410
Manipur,,9.7,45.8,7.1,40.8,7.2,36.8,,NADCP 1,2020,2020,SPCE,1.8 log10 @ 50% inhibition,807,807,78,370,57,329,58,297
Mizoram,,10.5,30.4,8.9,26.5,10.9,28.8,,NADCP 1,2020,2020,SPCE,1.8 log10 @ 50% inhibition,838,838,88,255,75,222,91,241
Odisha,,12.7,36.0,8.8,20.5,7.3,17.8,,NADCP 1,2020,2020,SPCE,1.8 log10 @ 50% inhibition,2262,2262,287,814,198,464,166,402
Punjab,,11.4,,19.0,,18.2,,,NADCP 1,2020,2020,SPCE,1.8 log10 @ 50% inhibition,2145,,244,,408,,390,
Sikkim,,2.3,26.4,3.8,16.7,2.4,21.5,,NADCP 1,2020,2020,SPCE,1.8 log10 @ 50% inhibition,921,390,21,103,35,65,22,84
Tamil Nadu,,37.0,70.3,27.5,60.8,27.8,61.8,,NADCP 1,2020,2020,SPCE,1.8 log10 @ 50% inhibition,2246,2246,832,1578,618,1366,625,1388
Telangana,,20.7,52.4,14.5,49.1,20.5,55.0,,NADCP 1,2020,2020,SPCE,1.8 log10 @ 50% inhibition,2210,2210,458,1157,321,1085,453,1215
Uttar Pradesh,,9.9,28.7,7.5,18.2,8.6,22.1,,NADCP 1,2020,2020,SPCE,1.8 log10 @ 50% inhibition,7468,5975,738,1714,559,1086,642,1323
Uttarakhand,,4.2,24.3,3.8,17.5,3.0,23.1,,NADCP 1,2020,2020,SPCE,1.8 log10 @ 50% inhibition,1320,1291,55,314,50,226,39,298
Total,,14.9,38.0,11.8,30.4,13.2,32.8,,NADCP 1,2020,2020,SPCE,1.8 log10 @ 50% inhibition,47967,42187,7140,16044,5674,12810,6355,13826
A&N Island,,19.8,39.3,9.8,34.9,24.4,45.3,,NADCP 1,2020,2020,SPCE,1.8 log10 @ 50% inhibition,328,516,65,203,32,180,80,234
Andhra Pradesh,,9.0,29.2,5.6,23.8,9.2,27.2,,NADCP 1,2020,2020,SPCE,1.8 log10 @ 50% inhibition,2119,2116,191,618,119,504,196,576
Arunachal Pradesh,,2.7,,14.0,,1.1,,,NADCP 1,2020,2020,SPCE,1.8 log10 @ 50% inhibition,186,,5,,26,,2,
Assam,,9.3,16.0,2.0,6.9,1.3,6.2,,NADCP 1,2020,2020,SPCE,1.8 log10 @ 50% inhibition,1989,1401,184,224,39,96,26,87
Chhattisgarh,,17.0,35.6,10.9,22.9,11.5,22.7,,NADCP 1,2020,2020,SPCE,1.8 log10 @ 50% inhibition,2152,2011,366,716,234,461,248,457
Delhi,,39.5,81.2,47.5,74.9,40.5,77.5,,NADCP 1,2020,2020,SPCE,1.8 log10 @ 50% inhibition,200,191,79,155,95,143,81,148
Goa,,34.1,49.1,27.6,43.3,34.4,42.7,,NADCP 1,2020,2020,SPCE,1.8 log10 @ 50% inhibition,735,735,251,361,203,318,253,314
Gujarat,,18.8,44.2,16.4,42.4,20.1,46.5,,NADCP 1,2020,2020,SPCE,1.8 log10 @ 50% inhibition,2223,2223,418,982,364,942,447,1033
Haryana,,24.2,59.2,24.0,60.8,28.4,63.8,,NADCP 1,2020,2020,SPCE,1.8 log10 @ 50% inhibition,2267,2271,549,1345,545,1380,643,1448
Himachal Pradesh,,3.0,8.5,3.7,7.3,1.4,4.3,,NADCP 1,2020,2020,SPCE,1.8 log10 @ 50% inhibition,625,1028,19,87,23,75,9,44
Jammu & Kashmir,,17.4,36.6,9.2,23.6,10.3,19.3,,NADCP 1,2020,2020,SPCE,1.8 log10 @ 50% inhibition,1525,1137,265,416,141,268,157,220
Jharkhand,,9.0,29.1,3.4,13.2,4.7,16.7,,NADCP 1,2020,2020,SPCE,1.8 log10 @ 50% inhibition,1506,492,135,143,51,65,71,82
Karnataka,,16.3,45.2,12.3,33.3,13.2,37.6,,NADCP 1,2020,2020,SPCE,1.8 log10 @ 50% inhibition,2300,2303,376,1042,284,766,304,865
Kerala,,32.9,70.6,26.2,62.9,33.2,69.3,,NADCP 1,2020,2020,SPCE,1.8 log10 @ 50% inhibition,660,796,217,562,173,501,219,552
Madhya Pradesh,,10.0,28.4,8.7,21.4,9.3,24.1,,NADCP 1,2020,2020,SPCE,1.8 log10 @ 50% inhibition,4589,4589,458,1304,397,983,428,1108
Maharashtra,,17.5,36.3,14.4,29.5,16.2,32.3,,NADCP 1,2020,2020,SPCE,1.8 log10 @ 50% inhibition,4346,4359,761,1581,627,1285,705,1410
Manipur,,9.7,45.8,7.1,40.8,7.2,36.8,,NADCP 1,2020,2020,SPCE,1.8 log10 @ 50% inhibition,807,807,78,370,57,329,58,297
Mizoram,,10.5,30.4,8.9,26.5,10.9,28.8,,NADCP 1,2020,2020,SPCE,1.8 log10 @ 50% inhibition,838,838,88,255,75,222,91,241
Odisha,,12.7,36.0,8.8,20.5,7.3,17.8,,NADCP 1,2020,2020,SPCE,1.8 log10 @ 50% inhibition,2262,2262,287,814,198,464,166,402
Punjab,,11.4,,19.0,,18.2,,,NADCP 1,2020,2020,SPCE,1.8 log10 @ 50% inhibition,2145,,244,,408,,390,
Sikkim,,2.3,26.4,3.8,16.7,2.4,21.5,,NADCP 1,2020,2020,SPCE,1.8 log10 @ 50% inhibition,921,390,21,103,35,65,22,84
Tamil Nadu,,37.0,70.3,27.5,60.8,27.8,61.8,,NADCP 1,2020,2020,SPCE,1.8 log10 @ 50% inhibition,2246,2246,832,1578,618,1366,625,1388
Telangana,,20.7,52.4,14.5,49.1,20.5,55.0,,NADCP 1,2020,2020,SPCE,1.8 log10 @ 50% inhibition,2210,2210,458,1157,321,1085,453,1215
Uttar Pradesh,,9.9,28.7,7.5,18.2,8.6,22.1,,NADCP 1,2020,2020,SPCE,1.8 log10 @ 50% inhibition,7468,5975,738,1714,559,1086,642,1323
Uttarakhand,,4.2,24.3,3.8,17.5,3.0,23.1,,NADCP 1,2020,2020,SPCE,1.8 log10 @ 50% inhibition,1320,1291,55,314,50,226,39,298
Total,,14.9,38.0,11.8,30.4,13.2,32.8,,NADCP 1,2020,2020,SPCE,1.8 log10 @ 50% inhibition,47967,42187,7140,16044,5674,12810,6355,13826
Andaman,,19.8,39.3,9.8,34.9,24.4,45.3,,NADCP 1,2021,2021,SPCE,1.8 log10 @ 50% inhibition,328,516,65,203,32,180,80,234
Himachal Pradesh,,2.8,9.4,3.4,7.3,1.0,3.8,,NADCP 1,2021,2021,SPCE,1.8 log10 @ 50% inhibition,879,1273,25,120,30,93,9,48
Jammu & Kashmir,,NaN,24.5,NaN,19.4,NaN,18.7,,NADCP 1,2021,2021,SPCE,1.8 log10 @ 50% inhibition,0,139,0,34,0,27,0,26
Kerala,,53.9,71.1,45.4,58.4,51.2,66.6,,NADCP 1,2021,2021,SPCE,1.8 log10 @ 50% inhibition,1485,1349,800,959,674,788,761,898
Meghalaya,,14.0,41.6,7.0,34.5,16.9,32.4,,NADCP 1,2021,2021,SPCE,1.8 log10 @ 50% inhibition,586,586,82,244,41,202,99,190
Nagaland,,13.2,6.0,6.2,12.9,4.3,9.5,,NADCP 1,2021,2021,SPCE,1.8 log10 @ 50% inhibition,726,419,96,25,45,54,31,40
Pondichery,,84.1,89.3,78.6,80.3,84.8,89.2,,NADCP 1,2021,2021,SPCE,1.8 log10 @ 50% inhibition,960,960,807,857,755,771,814,856
Punjab,,17.0,22.7,13.2,16.7,15.1,23.6,,NADCP 1,2021,2021,SPCE,1.8 log10 @ 50% inhibition,53,886,9,201,7,148,8,209
Rajasthan,,44.9,57.1,44.6,54.0,38.6,52.9,,NADCP 1,2021,2021,SPCE,1.8 log10 @ 50% inhibition,1188,1188,533,678,530,642,459,628
Sikkim,,7.7,17.6,5.1,13.0,7.7,11.0,,NADCP 1,2021,2021,SPCE,1.8 log10 @ 50% inhibition,78,353,6,62,4,46,6,39
Total,,38.6,44.1,33.7,38.5,36.1,41.3,,NADCP 1,2021,2021,SPCE,1.8 log10 @ 50% inhibition,6283,7669,2423,3383,2118,2951,2267,3168
A&N Island,,15.3,79.2,6.8,68.0,16.7,85.8,,NADCP 2,2021/2022,2022,SPCE,1.65 log10 @ 35% inhibition,472,472,72,374,32,321,79,405
Andhra Pradesh,,19.7,41.5,19.5,46.5,22.9,49.2,,NADCP 2,2021/2022,2022,SPCE,1.65 log10 @ 35% inhibition,2722,2716,536,1127,531,1263,623,1336
Arunachal Pradesh,,15.6,82.5,12.0,73.1,0.5,72.5,,NADCP 2,2021/2022,2022,SPCE,1.65 log10 @ 35% inhibition,417,342,65,282,50,250,2,248
Assam,,24.7,57.1,19.9,54.2,19.9,55.0,,NADCP 2,2021/2022,2022,SPCE,1.65 log10 @ 35% inhibition,1848,1848,456,1055,368,1002,368,1016
Bihar,,16.0,45.3,7.4,45.9,11.8,37.2,,NADCP 2,2021/2022,2022,SPCE,1.65 log10 @ 35% inhibition,2246,2117,359,959,166,972,265,788
Chandigarh,,35.5,75.5,32.0,68.0,40.0,79.0,,NADCP 2,2021/2022,2022,SPCE,1.65 log10 @ 35% inhibition,200,200,71,151,64,136,80,158
Chhattisgarh,,24.4,,16.6,,11.5,,,NADCP 2,2021/2022,2022,SPCE,1.65 log10 @ 35% inhibition,2209,,539,,367,,254,
Dadra and Nagar Haveli and Daman and Diu,,56.0,69.6,27.5,67.5,32.0,58.6,,NADCP 2,2021/2022,2022,SPCE,1.65 log10 @ 35% inhibition,200,191,112,133,55,129,64,112
Delhi,,73.1,88.7,65.0,86.1,65.0,89.6,,NADCP 2,2021/2022,2022,SPCE,1.65 log10 @ 35% inhibition,234,230,171,204,152,198,152,206
Goa,,48.4,77.8,35.1,79.8,43.2,84.8,,NADCP 2,2021/2022,2022,SPCE,1.65 log10 @ 35% inhibition,1289,1289,624,1003,452,1029,557,1093
Gujarat,,15.2,40.6,12.1,27.1,14.0,34.8,,NADCP 2,2021/2022,2022,SPCE,1.65 log10 @ 35% inhibition,2184,2184,332,887,264,592,306,760
Haryana,,36.4,68.8,34.7,67.9,43.2,72.9,,NADCP 2,2021/2022,2022,SPCE,1.65 log10 @ 35% inhibition,2289,2285,833,1572,794,1552,989,1666
Himachal Pradesh,,31.7,61.5,26.8,54.9,20.5,55.1,,NADCP 2,2021/2022,2022,SPCE,1.65 log10 @ 35% inhibition,619,1432,196,881,166,786,127,789
Jammu & Kashmir,,18.5,67.3,13.0,58.2,10.3,57.4,,NADCP 2,2021/2022,2022,SPCE,1.65 log10 @ 35% inhibition,1073,1048,199,705,139,610,111,602
Jharkhand,,33.7,,15.7,,36.1,,,NADCP 2,2021/2022,2022,SPCE,1.65 log10 @ 35% inhibition,83,,28,,13,,30,
Karnataka,,50.0,85.5,45.2,84.1,45.5,83.2,,NADCP 2,2021/2022,2022,SPCE,1.65 log10 @ 35% inhibition,2166,2173,1083,1858,979,1827,986,1808
Kerala,,35.7,72.7,33.7,69.2,37.0,72.5,,NADCP 2,2021/2022,2022,SPCE,1.65 log10 @ 35% inhibition,2182,2182,779,1586,735,1510,807,1582
Madhya Pradesh,,35.1,63.0,38.0,66.6,20.8,51.9,,NADCP 2,2021/2022,2022,SPCE,1.65 log10 @ 35% inhibition,1014,1014,356,639,385,675,211,526
Maharashtra,,31.4,76.3,33.5,79.7,31.2,77.8,,NADCP 2,2021/2022,2022,SPCE,1.65 log10 @ 35% inhibition,4420,4420,1388,3372,1481,3523,1379,3439
Meghalaya,,34.8,90.9,60.6,92.2,8.1,66.2,,NADCP 2,2021/2022,2022,SPCE,1.65 log10 @ 35% inhibition,198,154,69,140,120,142,16,102
Nagaland,,44.3,,28.1,,31.6,,,NADCP 2,2021/2022,2022,SPCE,1.65 log10 @ 35% inhibition,1056,,468,,297,,334,
Odisha,,13.4,89.9,12.5,87.9,12.7,87.0,,NADCP 2,2021/2022,2022,SPCE,1.65 log10 @ 35% inhibition,2262,2262,303,2034,283,1988,287,1968
Pondichery,,91.3,95.9,83.1,89.8,85.5,89.1,,NADCP 2,2021/2022,2022,SPCE,1.65 log10 @ 35% inhibition,883,883,806,847,734,793,755,787
Punjab,,33.2,66.1,29.5,66.7,30.2,68.1,,NADCP 2,2021/2022,2022,SPCE,1.65 log10 @ 35% inhibition,2196,2196,729,1452,648,1465,663,1495
Sikkim,,12.5,52.4,11.2,48.2,12.6,45.9,,NADCP 2,2021/2022,2022,SPCE,1.65 log10 @ 35% inhibition,1138,1016,142,532,127,490,143,466
Tamil Nadu,,51.4,78.3,36.5,68.5,40.6,70.3,,NADCP 2,2021/2022,2022,SPCE,1.65 log10 @ 35% inhibition,2327,2327,1196,1822,849,1594,945,1636
Telangana,,29.8,64.0,22.6,56.0,22.0,57.2,,NADCP 2,2021/2022,2022,SPCE,1.65 log10 @ 35% inhibition,2275,2275,678,1456,514,1274,500,1301
Uttar Pradesh,,33.0,54.6,22.0,57.1,25.2,45.3,,NADCP 2,2021/2022,2022,SPCE,1.65 log10 @ 35% inhibition,2433,2240,803,1223,535,1279,613,1015
Uttarakhand,,16.7,58.2,13.3,59.7,11.0,45.0,,NADCP 2,2021/2022,2022,SPCE,1.65 log10 @ 35% inhibition,1358,1236,227,719,181,738,149,556
West Bengal,,30.8,75.3,17.2,63.0,19.6,63.6,,NADCP 2,2021/2022,2022,SPCE,1.65 log10 @ 35% inhibition,803,814,247,613,138,513,157,518
Total,,31.0,66.5,25.9,64.1,26.7,63.5,,NADCP 2,2021/2022,2022,SPCE,1.65 log10 @ 35% inhibition,44796,41546,13887,27628,11602,26631,11961,26382
A&N Island,,10.2,79.2,5.6,68.0,13.9,85.8,,NADCP 2,2022,2022,SPCE,1.65 log10 @ 35% inhibition,108,472,11,374,6,321,15,405
Arunachal Pradesh,,15.6,82.5,12.0,73.1,0.5,72.5,,NADCP 2,2022,2022,SPCE,1.65 log10 @ 35% inhibition,417,342,65,282,50,250,2,248
Assam,,24.7,57.1,19.9,54.2,19.9,55.0,,NADCP 2,2022,2022,SPCE,1.65 log10 @ 35% inhibition,1848,1848,456,1055,368,1002,368,1016
Bihar,,16.0,45.3,7.4,45.9,11.8,37.2,,NADCP 2,2022,2022,SPCE,1.65 log10 @ 35% inhibition,2246,2117,359,959,166,972,265,788
Chhattisgarh,,24.4,NaN,16.6,NaN,11.5,NaN,,NADCP 2,2022,2022,SPCE,1.65 log10 @ 35% inhibition,2209,0,539,0,367,0,254,0
Dadra and Nagar Haveli and Daman and Diu,,56.0,69.6,27.5,67.5,32.0,58.6,,NADCP 2,2022,2022,SPCE,1.65 log10 @ 35% inhibition,200,191,112,133,55,129,64,112
Goa,,48.4,77.8,35.1,79.8,43.2,84.8,,NADCP 2,2022,2022,SPCE,1.65 log10 @ 35% inhibition,1289,1289,624,1003,452,1029,557,1093
Gujarat,,15.2,40.6,12.1,27.1,14.0,34.8,,NADCP 2,2022,2022,SPCE,1.65 log10 @ 35% inhibition,2184,2184,332,887,264,592,306,760
Himachal Pradesh,,31.7,58.6,26.8,51.8,20.5,49.9,,NADCP 2,2022,2022,SPCE,1.65 log10 @ 35% inhibition,619,1108,196,649,166,574,127,553
Jammu & Kashmir,,2.0,67.3,2.0,58.2,4.4,57.4,,NADCP 2,2022,2022,SPCE,1.65 log10 @ 35% inhibition,586,1048,12,705,12,610,26,602
Jharkhand,,33.7,NaN,15.7,NaN,36.1,NaN,,NADCP 2,2022,2022,SPCE,1.65 log10 @ 35% inhibition,83,0,28,0,13,0,30,0
Karnataka,,50.0,85.5,45.2,84.1,45.5,83.2,,NADCP 2,2022,2022,SPCE,1.65 log10 @ 35% inhibition,2166,2173,1083,1858,979,1827,986,1808
Kerala,,35.7,72.7,33.7,69.2,37.0,72.5,,NADCP 2,2022,2022,SPCE,1.65 log10 @ 35% inhibition,2182,2182,779,1586,735,1510,807,1582
Madhya Pradesh,,35.1,63.0,38.0,66.6,20.8,51.9,,NADCP 2,2022,2022,SPCE,1.65 log10 @ 35% inhibition,1014,1014,356,639,385,675,211,526
Maharashtra,,37.0,77.6,38.3,81.5,35.9,79.8,,NADCP 2,2022,2022,SPCE,1.65 log10 @ 35% inhibition,3341,3809,1236,2957,1278,3106,1201,3040
Meghalaya,,34.8,90.9,60.6,92.2,8.1,66.2,,NADCP 2,2022,2022,SPCE,1.65 log10 @ 35% inhibition,198,154,69,140,120,142,16,102
Nagaland,,44.3,NaN,28.1,NaN,31.6,NaN,,NADCP 2,2022,2022,SPCE,1.65 log10 @ 35% inhibition,1056,0,468,0,297,0,334,0
Odisha,,13.4,89.9,12.5,87.9,12.7,87.0,,NADCP 2,2022,2022,SPCE,1.65 log10 @ 35% inhibition,2262,2262,303,2034,283,1988,287,1968
Pondichery,,91.3,95.9,83.1,89.8,85.5,89.1,,NADCP 2,2022,2022,SPCE,1.65 log10 @ 35% inhibition,883,883,806,847,734,793,755,787
Punjab,,33.2,66.1,29.5,66.7,30.2,68.1,,NADCP 2,2022,2022,SPCE,1.65 log10 @ 35% inhibition,2196,2196,729,1452,648,1465,663,1495
Sikkim,,12.5,52.4,11.2,48.2,12.6,45.9,,NADCP 2,2022,2022,SPCE,1.65 log10 @ 35% inhibition,1138,1016,142,532,127,490,143,466
Tamil Nadu,,51.4,78.3,36.5,68.5,40.6,70.3,,NADCP 2,2022,2022,SPCE,1.65 log10 @ 35% inhibition,2327,2327,1196,1822,849,1594,945,1636
Telangana,,29.8,64.0,22.6,56.0,22.0,57.2,,NADCP 2,2022,2022,SPCE,1.65 log10 @ 35% inhibition,2275,2275,678,1456,514,1274,500,1301
Uttar Pradesh,,30.2,54.6,24.2,57.1,18.8,45.3,,NADCP 2,2022,2022,SPCE,1.65 log10 @ 35% inhibition,1554,2240,469,1223,376,1279,292,1015
Uttarakhand,,16.7,58.2,13.3,59.7,11.0,45.0,,NADCP 2,2022,2022,SPCE,1.65 log10 @ 35% inhibition,1358,1236,227,719,181,738,149,556
West Bengal,,30.8,75.3,17.2,63.0,19.6,63.6,,NADCP 2,2022,2022,SPCE,1.65 log10 @ 35% inhibition,803,814,247,613,138,513,157,518
Total,,31.5,68.0,26.2,65.0,25.9,63.6,,NADCP 2,2022,2022,SPCE,1.65 log10 @ 35% inhibition,36542,35180,11522,23925,9563,22873,9460,22377
A&N Island,,16.8,,7.1,,17.6,,,NADCP 2,2021,2021,SPCE,1.65 log10 @ 35% inhibition,364,,61,,26,,64,
Andhra Pradesh,,19.7,41.5,19.5,46.5,22.9,49.2,,NADCP 2,2021,2021,SPCE,1.65 log10 @ 35% inhibition,2722,2716,536,1127,531,1263,623,1336
Chandigarh,,35.5,75.5,32.0,68.0,40.0,79.0,,NADCP 2,2021,2021,SPCE,1.65 log10 @ 35% inhibition,200,200,71,151,64,136,80,158
Delhi,,73.1,88.7,65.0,86.1,65.0,89.6,,NADCP 2,2021,2021,SPCE,1.65 log10 @ 35% inhibition,234,230,171,204,152,198,152,206
Haryana,,36.4,68.8,34.7,67.9,43.2,72.9,,NADCP 2,2021,2021,SPCE,1.65 log10 @ 35% inhibition,2289,2285,833,1572,794,1552,989,1666
Himachal Pradesh,,,71.6,,65.4,,72.8,,NADCP 2,2021,2021,SPCE,1.65 log10 @ 35% inhibition,,324,,232,,212,,236
Jammu & Kashmir,,38.4,,26.1,,17.5,,,NADCP 2,2021,2021,SPCE,1.65 log10 @ 35% inhibition,487,,187,,127,,85,
Kamataka,,60.3,88.1,56.0,88.1,55.4,86.3,,NADCP 2,2021,2021,SPCE,1.65 log10 @ 35% inhibition,1196,1213,721,1069,670,1069,663,1047
Maharashtra,,14.1,67.9,18.8,68.2,16.5,65.3,,NADCP 2,2021,2021,SPCE,1.65 log10 @ 35% inhibition,1079,611,152,415,203,417,178,399
Uttar Pradesh,,38.0,,18.1,,36.5,,,NADCP 2,2021,2021,SPCE,1.65 log10 @ 35% inhibition,879,,334,,159,,321,
Total,,32.5,62.9,28.8,63.9,33.4,66.6,,NADCP 2,2021,2021,SPCE,1.65 log10 @ 35% inhibition,9450,7579,3071,4767,2722,4843,3156,5048
A&N Island,,16.8,,7.1,,17.6,,,NADCP 2,2021,2021,SPCE,1.65 log10 @ 35% inhibition,364,,61,,26,,64,
Andhra Pradesh,,19.7,41.5,19.5,46.5,22.9,49.2,,NADCP 2,2021,2021,SPCE,1.65 log10 @ 35% inhibition,2722,2716,536,1127,531,1263,623,1336
Chandigarh,,35.5,75.5,32.0,68.0,40.0,79.0,,NADCP 2,2021,2021,SPCE,1.65 log10 @ 35% inhibition,200,200,71,151,64,136,80,158
Delhi,,73.1,88.7,65.0,86.1,65.0,89.6,,NADCP 2,2021,2021,SPCE,1.65 log10 @ 35% inhibition,234,230,171,204,152,198,152,206
Haryana,,36.4,68.8,34.7,67.9,43.2,72.9,,NADCP 2,2021,2021,SPCE,1.65 log10 @ 35% inhibition,2289,2285,833,1572,794,1552,989,1666
Himachal Pradesh,,,71.6,,65.4,,72.8,,NADCP 2,2021,2021,SPCE,1.65 log10 @ 35% inhibition,,324,,232,,212,,236
Jammu & Kashmir,,38.4,,26.1,,17.5,,,NADCP 2,2021,2021,SPCE,1.65 log10 @ 35% inhibition,487,,187,,127,,85,
Kamataka,,60.3,88.1,56.0,88.1,55.4,86.3,,NADCP 2,2021,2021,SPCE,1.65 log10 @ 35% inhibition,1196,1213,721,1069,670,1069,663,1047
Maharashtra,,14.1,67.9,18.8,68.2,16.5,65.3,,NADCP 2,2021,2021,SPCE,1.65 log10 @ 35% inhibition,1079,611,152,415,203,417,178,399
Uttar Pradesh,,38.0,,18.1,,36.5,,,NADCP 2,2021,2021,SPCE,1.65 log10 @ 35% inhibition,879,,334,,159,,321,
Total,,32.5,62.9,28.8,63.9,33.4,66.6,,NADCP 2,2021,2021,SPCE,1.65 log10 @ 35% inhibition,9450,7579,3071,4767,2722,4843,3156,5048
A&N Island,,10.2,79.2,5.6,68.0,13.9,85.8,,NADCP 2,2022,2022,SPCE,1.65 log10 @ 35% inhibition,108,472,11,374,6,321,15,405
Arunachal Pradesh,,15.6,82.5,12.0,73.1,0.5,72.5,,NADCP 2,2022,2022,SPCE,1.65 log10 @ 35% inhibition,417,342,65,282,50,250,2,248
Assam,,24.7,57.1,19.9,54.2,19.9,55.0,,NADCP 2,2022,2022,SPCE,1.65 log10 @ 35% inhibition,1848,1848,456,1055,368,1002,368,1016
Bihar,,16.0,45.3,7.4,45.9,11.8,37.2,,NADCP 2,2022,2022,SPCE,1.65 log10 @ 35% inhibition,2246,2117,359,959,166,972,265,788
Chhattisgarh,,24.4,NaN,16.6,NaN,11.5,NaN,,NADCP 2,2022,2022,SPCE,1.65 log10 @ 35% inhibition,2209,0,539,0,367,0,254,0
Dadra and Nagar Haveli and Daman and Diu,,56.0,69.6,27.5,67.5,32.0,58.6,,NADCP 2,2022,2022,SPCE,1.65 log10 @ 35% inhibition,200,191,112,133,55,129,64,112
Goa,,48.4,77.8,35.1,79.8,43.2,84.8,,NADCP 2,2022,2022,SPCE,1.65 log10 @ 35% inhibition,1289,1289,624,1003,452,1029,557,1093
Gujarat,,15.2,40.6,12.1,27.1,14.0,34.8,,NADCP 2,2022,2022,SPCE,1.65 log10 @ 35% inhibition,2184,2184,332,887,264,592,306,760
Himachal Pradesh,,31.7,58.6,26.8,51.8,20.5,49.9,,NADCP 2,2022,2022,SPCE,1.65 log10 @ 35% inhibition,619,1108,196,649,166,574,127,553
Jammu & Kashmir,,2.0,67.3,2.0,58.2,4.4,57.4,,NADCP 2,2022,2022,SPCE,1.65 log10 @ 35% inhibition,586,1048,12,705,12,610,26,602
Jharkhand,,33.7,NaN,15.7,NaN,36.1,NaN,,NADCP 2,2022,2022,SPCE,1.65 log10 @ 35% inhibition,83,0,28,0,13,0,30,0
Karnataka,,50.0,85.5,45.2,84.1,45.5,83.2,,NADCP 2,2022,2022,SPCE,1.65 log10 @ 35% inhibition,2166,2173,1083,1858,979,1827,986,1808
Kerala,,35.7,72.7,33.7,69.2,37.0,72.5,,NADCP 2,2022,2022,SPCE,1.65 log10 @ 35% inhibition,2182,2182,779,1586,735,1510,807,1582
Madhya Pradesh,,35.1,63.0,38.0,66.6,20.8,51.9,,NADCP 2,2022,2022,SPCE,1.65 log10 @ 35% inhibition,1014,1014,356,639,385,675,211,526
Maharashtra,,37.0,77.6,38.3,81.5,35.9,79.8,,NADCP 2,2022,2022,SPCE,1.65 log10 @ 35% inhibition,3341,3809,1236,2957,1278,3106,1201,3040
Meghalaya,,34.8,90.9,60.6,92.2,8.1,66.2,,NADCP 2,2022,2022,SPCE,1.65 log10 @ 35% inhibition,198,154,69,140,120,142,16,102
Nagaland,,44.3,NaN,28.1,NaN,31.6,NaN,,NADCP 2,2022,2022,SPCE,1.65 log10 @ 35% inhibition,1056,0,468,0,297,0,334,0
Odisha,,13.4,89.9,12.5,87.9,12.7,87.0,,NADCP 2,2022,2022,SPCE,1.65 log10 @ 35% inhibition,2262,2262,303,2034,283,1988,287,1968
Pondichery,,91.3,95.9,83.1,89.8,85.5,89.1,,NADCP 2,2022,2022,SPCE,1.65 log10 @ 35% inhibition,883,883,806,847,734,793,755,787
Punjab,,33.2,66.1,29.5,66.7,30.2,68.1,,NADCP 2,2022,2022,SPCE,1.65 log10 @ 35% inhibition,2196,2196,729,1452,648,1465,663,1495
Sikkim,,12.5,52.4,11.2,48.2,12.6,45.9,,NADCP 2,2022,2022,SPCE,1.65 log10 @ 35% inhibition,1138,1016,142,532,127,490,143,466
Tamil Nadu,,51.4,78.3,36.5,68.5,40.6,70.3,,NADCP 2,2022,2022,SPCE,1.65 log10 @ 35% inhibition,2327,2327,1196,1822,849,1594,945,1636
Telangana,,29.8,64.0,22.6,56.0,22.0,57.2,,NADCP 2,2022,2022,SPCE,1.65 log10 @ 35% inhibition,2275,2275,678,1456,514,1274,500,1301
Uttar Pradesh,,30.2,54.6,24.2,57.1,18.8,45.3,,NADCP 2,2022,2022,SPCE,1.65 log10 @ 35% inhibition,1554,2240,469,1223,376,1279,292,1015
Uttarakhand,,16.7,58.2,13.3,59.7,11.0,45.0,,NADCP 2,2022,2022,SPCE,1.65 log10 @ 35% inhibition,1358,1236,227,719,181,738,149,556
West Bengal,,30.8,75.3,17.2,63.0,19.6,63.6,,NADCP 2,2022,2022,SPCE,1.65 log10 @ 35% inhibition,803,814,247,613,138,513,157,518
Total,,31.5,68.0,26.2,65.0,25.9,63.6,,NADCP 2,2022,2022,SPCE,1.65 log10 @ 35% inhibition,36542,35180,11522,23925,9563,22873,9460,22377
Haryana,,32.4,74.3,35.9,77.9,34.6,79.5,,NADCP 3,2022,2022,SPCE,1.65 log10 @ 35% inhibition,2145,2143,695,1592,770,1669,742,1704
Karnataka,,45.3,,42.3,,41.4,,,NADCP 3,2022,2022,SPCE,1.65 log10 @ 35% inhibition,1612,,730,,682,,667,
Total,,37.9,74.3,38.6,77.9,37.5,79.5,,NADCP 3,2022,2022,SPCE,1.65 log10 @ 35% inhibition,3757,2143,1424,1592,1450,1669,1409,1704
Odisha,,23.8,58.8,14.7,44.9,17.1,50.8,28,1,2017,2019,SPCE,1.8 log10 @ 50% inhibition,,,,,,,,
Odisha,,26.4,47.9,16.5,35.4,22.4,44.7,28,2,2018,2019,SPCE,1.8 log10 @ 50% inhibition,,,,,,,,
Odisha,,34.1,51.3,17.8,33.8,27.7,40.0,28,3,2018,2019,SPCE,1.8 log10 @ 50% inhibition,,,,,,,,
Odisha,,25.3,48.0,13.0,39.0,17.1,35.7,28,4,2019,2019,SPCE,1.8 log10 @ 50% inhibition,,,,,,,,
Odisha,,21.6,40.2,12.9,28.0,16.1,21.1,28,5,2019,2019,SPCE,1.8 log10 @ 50% inhibition,,,,,,,,
Andhra Pradesh,,83.9,96.3,72.5,86.9,84.8,92.3,,Organized farms,2021,2021,SPCE,1.8 log10 @ 50% inhibition,429,480,360,462,311,417,364,443
Chhattisgarh,,65.1,79.3,61.4,87.8,57.8,67.1,,Organized farms,2021,2021,SPCE,1.8 log10 @ 50% inhibition,83,82,54,65,51,72,48,55
Gujarat,,63.2,95.0,53.5,79.2,63.2,77.4,,Organized farms,2021,2021,SPCE,1.8 log10 @ 50% inhibition,340,159,215,151,182,126,215,123
Haryana,,89.9,95.8,79.7,92.4,89.0,95.7,,Organized farms,2021,2021,SPCE,1.8 log10 @ 50% inhibition,1283,1574,1153,1508,1023,1454,1142,1506
Himachal Pradesh,,84.4,92.2,53.1,81.3,32.8,54.7,,Organized farms,2021,2021,SPCE,1.8 log10 @ 50% inhibition,64,64,54,59,34,52,21,35
Kerala,,84.5,92.6,73.0,86.8,85.5,91.6,,Organized farms,2021,2021,SPCE,1.8 log10 @ 50% inhibition,882,901,745,834,644,782,754,825
Madhya Pradesh,,66.7,90.7,61.2,79.0,78.4,91.2,,Organized farms,2021,2021,SPCE,1.8 log10 @ 50% inhibition,402,601,268,545,246,475,315,548
Tamil Nadu,,87.6,97.1,69.5,96.2,77.1,93.3,,Organized farms,2021,2021,SPCE,1.8 log10 @ 50% inhibition,105,105,92,102,73,101,81,98
Uttar Pradesh,,72.1,83.4,69.6,72.8,89.2,87.6,,Organized farms,2021,2021,SPCE,1.8 log10 @ 50% inhibition,240,169,173,141,167,123,214,148
West Bengal,,88.2,94.5,91.8,97.3,93.6,97.3,,Organized farms,2021,2021,SPCE,1.8 log10 @ 50% inhibition,110,110,97,104,101,107,103,107
Total,,81.6,93.6,71.9,87.4,82.7,91.6,,Organized farms,2021,2021,SPCE,1.8 log10 @ 50% inhibition,3938,4245,3213,3973,2831,3710,3257,3888
Andhra Pradesh,,98.6,97.9,96.2,96.6,98.6,100.0,,Organized farms,2022,2022,SPCE,1.65 log10 @ 35% inhibition,501,326,494,319,482,315,494,326
Chhattisgarh,,78.5,100.0,68.8,100.0,74.2,100.0,,Organized farms,2022,2022,SPCE,1.65 log10 @ 35% inhibition,93,68,73,68,64,68,69,68
Gujarat,,100.0,100.0,98.7,94.3,93.1,95.0,,Organized farms,2022,2022,SPCE,1.65 log10 @ 35% inhibition,379,562,379,562,374,530,353,534
Haryana,,93.6,98.5,93.3,98.7,93.0,98.8,,Organized farms,2022,2022,SPCE,1.65 log10 @ 35% inhibition,644,868,603,855,601,857,599,858
Himachal Pradesh,,96.1,95.8,97.1,97.2,96.1,96.5,,Organized farms,2022,2022,SPCE,1.65 log10 @ 35% inhibition,103,144,99,138,100,140,99,139
Karnataka,,94.1,99.4,94.9,99.4,94.3,99.4,,Organized farms,2022,2022,SPCE,1.65 log10 @ 35% inhibition,370,339,348,337,351,337,349,337
Kerala,,90.9,91.8,88.4,91.7,90.6,92.0,,Organized farms,2022,2022,SPCE,1.65 log10 @ 35% inhibition,1305,1295,1186,1189,1154,1188,1182,1191
Madhya Pradesh,,92.5,99.5,90.8,97.7,92.5,97.5,,Organized farms,2022,2022,SPCE,1.65 log10 @ 35% inhibition,401,398,371,396,364,389,371,388
Maharashtra,,92.2,100.0,91.9,100.0,91.5,100.0,,Organized farms,2022,2022,SPCE,1.65 log10 @ 35% inhibition,283,240,261,240,260,240,259,240
Odisha,,28.6,90.5,23.8,90.5,19.0,85.7,,Organized farms,2022,2022,SPCE,1.65 log10 @ 35% inhibition,21,21,6,19,5,19,4,18
Tamil Nadu,,97.6,98.8,92.7,97.6,97.4,98.8,,Organized farms,2022,2022,SPCE,1.65 log10 @ 35% inhibition,547,500,534,494,507,488,533,494
Telangana,,14.3,99.0,0.0,95.8,0.0,99.0,,Organized farms,2022,2022,SPCE,1.65 log10 @ 35% inhibition,14,96,2,95,0,92,0,95
Uttar Pradesh,,84.2,90.3,91.9,90.0,93.0,97.9,,Organized farms,2022,2022,SPCE,1.65 log10 @ 35% inhibition,570,339,480,306,524,305,530,332
Uttarakhand,,93.2,95.5,93.2,95.5,100.0,100.0,,Organized farms,2022,2022,SPCE,1.65 log10 @ 35% inhibition,44,44,41,42,41,42,44,44
Total,,92.5,96.6,91.5,95.6,92.6,96.6,,Organized farms,2022,2022,SPCE,1.65 log10 @ 35% inhibition,5275,5240,4879,5062,4827,5009,4885,5062
Pondichery,,42.1,52.6,26.3,36.8,,21.1,31,2,2012,2019,SPCE,1.8 log10 @ 50% inhibition,,,,,,,,
Pondichery,,45.7,63.0,15.2,43.5,56.5,65.2,31,3,2013,2019,SPCE,1.8 log10 @ 50% inhibition,,,,,,,,
Pondichery,,87.0,96.3,74.0,94.3,87.0,95.5,31,6,2014,2019,SPCE,1.8 log10 @ 50% inhibition,,,,,,,,
Pondichery,,95.1,96.0,60.4,86.0,93.0,95.1,31,7,2015,2019,SPCE,1.8 log10 @ 50% inhibition,,,,,,,,
Pondichery,,88.0,94.9,73.5,86.5,85.8,92.7,31,11,2016,2019,SPCE,1.8 log10 @ 50% inhibition,,,,,,,,
Pondichery,,95.8,98.1,85.7,89.8,94.7,95.5,31,12,2017,2019,SPCE,1.8 log10 @ 50% inhibition,,,,,,,,
Pondichery,,58.7,75.5,49.8,60.8,69.0,78.4,31,13,2017,2019,SPCE,1.8 log10 @ 50% inhibition,,,,,,,,
Pondichery,,69.8,82.3,49.6,80.2,73.4,89.1,31,14,2018,2019,SPCE,1.8 log10 @ 50% inhibition,,,,,,,,
Pondichery,,63.9,73.6,41.3,69.8,83.3,93.4,31,15,2018,2019,SPCE,1.8 log10 @ 50% inhibition,,,,,,,,
Pondichery,,69.0,85.2,57.2,74.5,77.9,90.3,31,16,2019,2019,SPCE,1.8 log10 @ 50% inhibition,,,,,,,,
Punjab,,65.5,70.7,62.7,68.2,63.2,81.7,25,3,2013,2019,SPCE,1.8 log10 @ 50% inhibition,,,,,,,,
Punjab,,55.6,75.5,68.1,48.8,74.6,87.6,25,4,2013,2019,SPCE,1.8 log10 @ 50% inhibition,,,,,,,,
Punjab,,55.1,68.2,68.8,81.5,84.1,94.0,25,5,2014,2019,SPCE,1.8 log10 @ 50% inhibition,,,,,,,,
Punjab,,66.7,71.2,76.0,80.7,84.5,92.1,25,6,2014,2019,SPCE,1.8 log10 @ 50% inhibition,,,,,,,,
Punjab,,67.8,75.8,64.1,74.4,64.2,77.7,25,7,2015,2019,SPCE,1.8 log10 @ 50% inhibition,,,,,,,,
Punjab,,71.8,79.7,65.7,73.9,60.2,70.2,25,8,2015,2019,SPCE,1.8 log10 @ 50% inhibition,,,,,,,,
Punjab,,63.7,76.1,49.1,62.2,61.4,70.2,25,10,2016,2019,SPCE,1.8 log10 @ 50% inhibition,,,,,,,,
Punjab,,41.4,62.4,40.8,55.6,40.5,55.3,25,11,2017,2019,SPCE,1.8 log10 @ 50% inhibition,,,,,,,,
Punjab,,40.5,63.8,34.4,58.8,36.7,50.7,25,12,2018,2019,SPCE,1.8 log10 @ 50% inhibition,,,,,,,,
Punjab,,31.4,39.0,30.6,45.9,26.7,38.1,25,13,2018,2019,SPCE,1.8 log10 @ 50% inhibition,,,,,,,,
Rajasthan,,53.6,83.3,60.1,71.1,63.9,72.1,23,2,2016,2019,SPCE,1.8 log10 @ 50% inhibition,,,,,,,,
Rajasthan,,67.1,96.2,74.0,83.2,91.6,89.5,23,3,2016,2019,SPCE,1.8 log10 @ 50% inhibition,,,,,,,,
Rajasthan,,31.0,54.6,29.0,51.2,22.5,44.7,23,5,2017,2019,SPCE,1.8 log10 @ 50% inhibition,,,,,,,,
Rajasthan,,25.7,45.0,17.4,33.4,20.0,31.9,23,6,2018,2019,SPCE,1.8 log10 @ 50% inhibition,,,,,,,,
Rajasthan,,17.6,37.4,11.5,30.3,12.6,25.7,23,7,2019,2019,SPCE,1.8 log10 @ 50% inhibition,,,,,,,,
Rajasthan,,20.4,42.0,16.6,33.9,11.3,20.0,23,8,2019,2019,SPCE,1.8 log10 @ 50% inhibition,,,,,,,,
Tamil Nadu,,83.3,96.6,78.4,94.2,87.1,97.5,17,7,2014,2019,SPCE,1.8 log10 @ 50% inhibition,,,,,,,,
Tamil Nadu,,85.6,98.2,83.6,97.8,91.3,98.8,17,8,2015,2019,SPCE,1.8 log10 @ 50% inhibition,,,,,,,,
Tamil Nadu,,86.2,97.3,81.7,95.7,86.7,98.2,17,9,2015,2019,SPCE,1.8 log10 @ 50% inhibition,,,,,,,,
Tamil Nadu,,64.4,83.4,56.4,78.9,70.1,86.5,17,11,2016,2019,SPCE,1.8 log10 @ 50% inhibition,,,,,,,,
Tamil Nadu,,59.3,77.0,52.5,74.5,61.0,77.6,17,12,2017,2019,SPCE,1.8 log10 @ 50% inhibition,,,,,,,,
Tamil Nadu,,62.2,84.7,52.8,76.8,59.5,80.1,17,13,2017,2019,SPCE,1.8 log10 @ 50% inhibition,,,,,,,,
Tamil Nadu,,53.5,78.4,45.7,70.2,52.3,74.8,17,14,2018,2019,SPCE,1.8 log10 @ 50% inhibition,,,,,,,,
Tamil Nadu,,47.3,77.4,40.2,69.2,51.7,73.9,17,15,2018,2019,SPCE,1.8 log10 @ 50% inhibition,,,,,,,,
Tamil Nadu,,53.5,75.7,41.3,63.3,47.5,60.1,17,16,2019,2019,SPCE,1.8 log10 @ 50% inhibition,,,,,,,,
Tamil Nadu,,40.3,78.6,36.8,75.0,36.4,72.2,17,17,2019,2019,SPCE,1.8 log10 @ 50% inhibition,,,,,,,,
Telangana,,77.4,94.9,83.4,94.5,77.5,95.3,20,7,2014,2019,SPCE,1.8 log10 @ 50% inhibition,,,,,,,,
Telangana,,88.7,94.7,78.4,89.2,86.9,93.5,20,8,2015,2019,SPCE,1.8 log10 @ 50% inhibition,,,,,,,,
Telangana,,81.7,84.7,74.1,91.5,84.7,94.8,20,9,2015,2019,SPCE,1.8 log10 @ 50% inhibition,,,,,,,,
Telangana,,66.8,76.7,57.4,71.4,65.5,74.3,20,10,2016,2019,SPCE,1.8 log10 @ 50% inhibition,,,,,,,,
Telangana,,61.9,77.8,56.4,69.0,57.9,79.3,20,11,2017,2019,SPCE,1.8 log10 @ 50% inhibition,,,,,,,,
Telangana,,73.0,86.9,60.0,72.3,65.1,81.5,20,12,2017,2019,SPCE,1.8 log10 @ 50% inhibition,,,,,,,,
Telangana,,55.9,75.9,44.3,69.7,53.1,74.4,20,13,2018,2019,SPCE,1.8 log10 @ 50% inhibition,,,,,,,,
Telangana,,49.2,78.3,37.7,63.4,52.6,76.7,20,14,2018,2019,SPCE,1.8 log10 @ 50% inhibition,,,,,,,,
Telangana,,53.4,82.5,46.6,75.9,54.5,82.7,20,15,2019,2019,SPCE,1.8 log10 @ 50% inhibition,,,,,,,,
Telangana,,57.0,79.3,48.3,75.8,57.9,78.9,20,16,2019,2019,SPCE,1.8 log10 @ 50% inhibition,,,,,,,,
Uttar Pradesh,,20.5,34.4,15.7,28.3,20.0,34.8,24,6,2017,2019,SPCE,1.8 log10 @ 50% inhibition,,,,,,,,
Uttar Pradesh,,16.7,30.8,13.9,24.5,18.9,32.4,24,7,2018,2019,SPCE,1.8 log10 @ 50% inhibition,,,,,,,,
Uttar Pradesh,,20.9,38.1,16.2,28.8,24.1,41.9,24,8,2018,2019,SPCE,1.8 log10 @ 50% inhibition,,,,,,,,
Uttar Pradesh,,17.2,38.6,12.4,33.7,17.5,40.2,24,9,2019,2019,SPCE,1.8 log10 @ 50% inhibition,,,,,,,,
Uttarakhand,,16.0,18.6,9.2,9.8,12.0,13.4,24,1,2017,2019,SPCE,1.8 log10 @ 50% inhibition,,,,,,,,
Uttarakhand,,18.6,17.5,26.1,12.1,26.7,12.1,24,2,2017,2019,SPCE,1.8 log10 @ 50% inhibition,,,,,,,,
Uttarakhand,,14.9,18.7,8.7,10.1,11.8,12.4,24,3,2018,2019,SPCE,1.8 log10 @ 50% inhibition,,,,,,,,
Uttarakhand,,15.3,17.6,12.7,15.2,13.7,14.1,24,4,2018,2019,SPCE,1.8 log10 @ 50% inhibition,,,,,,,,
Uttarakhand,,13.2,22.1,7.9,15.5,10.9,16.5,24,5,2019,2019,SPCE,1.8 log10 @ 50% inhibition,,,,,,,,
West Bengal,,26.8,35.8,17.3,22.0,19.5,27.2,27,1,2017,2019,SPCE,1.8 log10 @ 50% inhibition,,,,,,,,
West Bengal,,19.2,40.5,13.1,25.4,11.2,23.1,27,2,2017,2019,SPCE,1.8 log10 @ 50% inhibition,,,,,,,,
West Bengal,,22.9,42.5,11.3,22.9,15.5,29.0,27,3,2018,2019,SPCE,1.8 log10 @ 50% inhibition,,,,,,,,
Andhra Pradesh,,72.3,86.8,55.3,82.2,69.0,87.1,19,8,2015,2019,SPCE,1.8 log10 @ 50% inhibition,,,,,,,,
Andhra Pradesh,,52.9,71.9,37.0,58.8,47.9,71.8,19,9,2015,2019,SPCE,1.8 log10 @ 50% inhibition,,,,,,,,
Andhra Pradesh,,61.9,75.7,50.2,66.8,54.9,69.1,19,10,2016,2019,SPCE,1.8 log10 @ 50% inhibition,,,,,,,,
Andhra Pradesh,,51.4,63.8,35.8,54.0,44.2,63.0,19,11,2016,2019,SPCE,1.8 log10 @ 50% inhibition,,,,,,,,
Andhra Pradesh,,48.9,60.3,30.3,45.0,45.9,60.8,19,12,2017,2019,SPCE,1.8 log10 @ 50% inhibition,,,,,,,,
Andhra Pradesh,,35.6,55.8,30.7,51.6,40.0,60.0,19,13,2017,2019,SPCE,1.8 log10 @ 50% inhibition,,,,,,,,
Andhra Pradesh,,35.7,58.5,28.2,50.3,38.7,56.6,19,14,2018,2019,SPCE,1.8 log10 @ 50% inhibition,,,,,,,,
Andhra Pradesh,,45.0,75.7,31.0,66.0,46.5,72.4,19,15,2018,2019,SPCE,1.8 log10 @ 50% inhibition,,,,,,,,
Andhra Pradesh,,43.1,70.5,29.6,57.7,47.3,68.4,19,16,2019,2019,SPCE,1.8 log10 @ 50% inhibition,,,,,,,,
Andhra Pradesh,,36.5,61.4,28.4,54.3,43.9,65.5,19,17,2019,2019,SPCE,1.8 log10 @ 50% inhibition,,,,,,,,
Bihar,,,11.0,,7.8,,4.8,27,4,2017,2019,SPCE,1.8 log10 @ 50% inhibition,,,,,,,,
Bihar,,3.6,9.3,2.4,7.2,2.2,5.6,27,5,2018,2019,SPCE,1.8 log10 @ 50% inhibition,,,,,,,,
Bihar,,0.0,4.6,0.0,3.8,0.0,2.7,27,7,2019,2019,SPCE,1.8 log10 @ 50% inhibition,,,,,,,,
Chhattisgarh,,29.2,43.9,17.3,31.4,27.9,39.3,21,1,2018,2019,SPCE,1.8 log10 @ 50% inhibition,,,,,,,,
Chhattisgarh,,34.3,46.9,17.8,34.2,34.8,50.5,21,2,2018,2019,SPCE,1.8 log10 @ 50% inhibition,,,,,,,,
Chhattisgarh,,24.4,47.6,16.5,30.7,20.8,46.8,21,3,2019,2019,SPCE,1.8 log10 @ 50% inhibition,,,,,,,,
Chhattisgarh,,28.2,50.9,20.3,42.3,23.9,44.3,21,4,2019,2019,SPCE,1.8 log10 @ 50% inhibition,,,,,,,,
A&N Island,,21.3,49.9,23.0,52.6,29.9,60.7,31,15,2013,2019,SPCE,1.8 log10 @ 50% inhibition,,,,,,,,
A&N Island,,41.5,62.2,45.8,79.3,50.0,74.3,31,16,2014,2019,SPCE,1.8 log10 @ 50% inhibition,,,,,,,,
A&N Island,,42.3,69.2,58.0,82.0,55.0,78.0,31,17,2014,2019,SPCE,1.8 log10 @ 50% inhibition,,,,,,,,
A&N Island,,62.9,82.3,67.9,85.9,82.3,92.3,31,18,2015,2019,SPCE,1.8 log10 @ 50% inhibition,,,,,,,,
A&N Island,,60.6,73.1,63.8,87.9,72.7,86.7,31,19,2015,2019,SPCE,1.8 log10 @ 50% inhibition,,,,,,,,
A&N Island,,14.6,33.9,16.4,28.8,24.4,37.8,31,20,2016,2019,SPCE,1.8 log10 @ 50% inhibition,,,,,,,,
A&N Island,,17.7,34.3,14.9,19.4,19.1,38.8,31,21,2016,2019,SPCE,1.8 log10 @ 50% inhibition,,,,,,,,
A&N Island,,18.6,40.9,15.8,37.2,20.9,44.1,31,22,2017,2019,SPCE,1.8 log10 @ 50% inhibition,,,,,,,,
A&N Island,,21.8,40.4,12.7,27.3,22.7,43.3,31,23,2018,2019,SPCE,1.8 log10 @ 50% inhibition,,,,,,,,
A&N Island,,25.1,55.2,9.6,46.9,29.7,61.8,31,24,2019,2019,SPCE,1.8 log10 @ 50% inhibition,,,,,,,,
Andhra Pradesh,,72.3,86.8,55.3,82.2,69.0,87.1,19,8,2015,2019,SPCE,1.8 log10 @ 50% inhibition,,,,,,,,
Andhra Pradesh,,52.9,71.9,37.0,58.8,47.9,71.8,19,9,2015,2019,SPCE,1.8 log10 @ 50% inhibition,,,,,,,,
Andhra Pradesh,,61.9,75.7,50.2,66.8,54.9,69.1,19,10,2016,2019,SPCE,1.8 log10 @ 50% inhibition,,,,,,,,
Andhra Pradesh,,51.4,63.8,35.8,54.0,44.2,63.0,19,11,2016,2019,SPCE,1.8 log10 @ 50% inhibition,,,,,,,,
Andhra Pradesh,,48.9,60.3,30.3,45.0,45.9,60.8,19,12,2017,2019,SPCE,1.8 log10 @ 50% inhibition,,,,,,,,
Andhra Pradesh,,35.6,55.8,30.7,51.6,40.0,60.0,19,13,2017,2019,SPCE,1.8 log10 @ 50% inhibition,,,,,,,,
Andhra Pradesh,,35.7,58.5,28.2,50.3,38.7,56.6,19,14,2018,2019,SPCE,1.8 log10 @ 50% inhibition,,,,,,,,
Andhra Pradesh,,45.0,75.7,31.0,66.0,46.5,72.4,19,15,2018,2019,SPCE,1.8 log10 @ 50% inhibition,,,,,,,,
Andhra Pradesh,,43.1,70.5,29.6,57.7,47.3,68.4,19,16,2019,2019,SPCE,1.8 log10 @ 50% inhibition,,,,,,,,
Andhra Pradesh,,36.5,61.4,28.4,54.3,43.9,65.5,19,17,2019,2019,SPCE,1.8 log10 @ 50% inhibition,,,,,,,,
Bihar,,,11.0,,7.8,,4.8,27,4,2017,2019,SPCE,1.8 log10 @ 50% inhibition,,,,,,,,
Bihar,,3.6,9.3,2.4,7.2,2.2,5.6,27,5,2018,2019,SPCE,1.8 log10 @ 50% inhibition,,,,,,,,
Bihar,,0.0,4.6,0.0,3.8,0.0,2.7,27,7,2019,2019,SPCE,1.8 log10 @ 50% inhibition,,,,,,,,
Chhattisgarh,,29.2,43.9,17.3,31.4,27.9,39.3,21,1,2018,2019,SPCE,1.8 log10 @ 50% inhibition,,,,,,,,
Chhattisgarh,,34.3,46.9,17.8,34.2,34.8,50.5,21,2,2018,2019,SPCE,1.8 log10 @ 50% inhibition,,,,,,,,
Chhattisgarh,,24.4,47.6,16.5,30.7,20.8,46.8,21,3,2019,2019,SPCE,1.8 log10 @ 50% inhibition,,,,,,,,
Chhattisgarh,,28.2,50.9,20.3,42.3,23.9,44.3,21,4,2019,2019,SPCE,1.8 log10 @ 50% inhibition,,,,,,,,
Goa,,47.4,82.1,64.3,86.1,54.4,86.0,30,3,2013,2019,SPCE,1.8 log10 @ 50% inhibition,,,,,,,,
Goa,,45.1,77.0,58.5,86.0,57.0,85.1,30,4,2013,2019,SPCE,1.8 log10 @ 50% inhibition,,,,,,,,
Goa,,85.9,98.9,77.1,96.3,51.7,90.1,30,5,2014,2019,SPCE,1.8 log10 @ 50% inhibition,,,,,,,,
Goa,,71.2,97.6,56.9,91.1,63.3,92.5,30,6,2014,2019,SPCE,1.8 log10 @ 50% inhibition,,,,,,,,
Goa,,65.3,93.0,67.8,98.1,76.4,98.6,30,7,2015,2019,SPCE,1.8 log10 @ 50% inhibition,,,,,,,,
Goa,,43.3,71.8,33.0,68.3,36.5,67.0,30,11,2017,2019,SPCE,1.8 log10 @ 50% inhibition,,,,,,,,
Goa,,43.5,64.8,29.8,55.8,33.0,58.0,30,12,2017,2019,SPCE,1.8 log10 @ 50% inhibition,,,,,,,,
Goa,,36.5,43.5,34.8,39.0,38.3,43.3,30,13,2018,2019,SPCE,1.8 log10 @ 50% inhibition,,,,,,,,
Goa,,31.3,49.8,26.3,41.0,38.5,48.5,30,14,2018,2019,SPCE,1.8 log10 @ 50% inhibition,,,,,,,,
Goa,,40.8,54.0,33.3,46.8,36.5,50.5,30,15,2019,2019,SPCE,1.8 log10 @ 50% inhibition,,,,,,,,
Gujarat,,54.5,75.9,62.5,76.9,69.2,81.3,22,4,2013,2019,SPCE,1.8 log10 @ 50% inhibition,,,,,,,,
Gujarat,,59.5,74.4,62.7,76.4,74.9,80.0,22,5,2014,2019,SPCE,1.8 log10 @ 50% inhibition,,,,,,,,
Gujarat,,74.9,81.6,49.6,65.8,65.6,79.5,22,6,2014,2019,SPCE,1.8 log10 @ 50% inhibition,,,,,,,,
Gujarat,,60.0,73.1,61.6,74.6,72.4,80.6,22,7,2015,2019,SPCE,1.8 log10 @ 50% inhibition,,,,,,,,
Gujarat,,31.5,58.4,24.4,46.6,25.7,53.4,22,9,2016,2019,SPCE,1.8 log10 @ 50% inhibition,,,,,,,,
Gujarat,,31.7,57.7,23.9,48.0,24.3,52.6,22,10,2017,2019,SPCE,1.8 log10 @ 50% inhibition,,,,,,,,
Gujarat,,26.0,44.0,19.8,35.4,25.3,43.1,22,11,2017,2019,SPCE,1.8 log10 @ 50% inhibition,,,,,,,,
Gujarat,,21.9,48.9,15.4,37.8,24.3,50.3,22,12,2018,2019,SPCE,1.8 log10 @ 50% inhibition,,,,,,,,
Gujarat,,22.3,52.8,13.2,41.4,21.2,53.8,22,13,2018,2019,SPCE,1.8 log10 @ 50% inhibition,,,,,,,,
Gujarat,,29.5,53.3,19.4,37.4,26.1,49.9,22,14,2019,2019,SPCE,1.8 log10 @ 50% inhibition,,,,,,,,
Haryana,,42.7,76.9,32.4,69.8,29.7,61.6,26,1,2011,2019,SPCE,1.8 log10 @ 50% inhibition,2587,2573,1105,1979,838,1796,769,1586
Haryana,,41.8,72.3,38.1,72.3,28.1,59.3,26,2,2011,2019,SPCE,1.8 log10 @ 50% inhibition,2586,2594,1081,1876,986,1876,727,1537
Haryana,,42.7,70.6,43.6,72.4,25.4,61.5,26,3,2012,2019,SPCE,1.8 log10 @ 50% inhibition,2555,2562,1092,1809,1113,1856,650,1576
Haryana,,40.7,79.6,34.8,70.3,32.7,66.0,26,4,2012,2019,SPCE,1.8 log10 @ 50% inhibition,2565,2575,1043,2049,893,1811,840,1700
Haryana,,46.5,71.8,45.3,63.0,38.8,65.7,26,5,2013,2019,SPCE,1.8 log10 @ 50% inhibition,2600,2600,1210,1867,1178,1638,1010,1709
Haryana,,45.4,80.0,56.4,83.8,72.3,90.7,26,6,2013,2019,SPCE,1.8 log10 @ 50% inhibition,2580,2580,1171,2063,1455,2161,1865,2341
Haryana,,68.6,88.0,74.1,83.2,80.1,95.6,26,7,2014,2019,SPCE,1.8 log10 @ 50% inhibition,2558,2597,1755,2285,1895,2160,2050,2483
Haryana,,76.4,93.3,73.3,91.2,82.2,96.4,26,8,2014,2019,SPCE,1.8 log10 @ 50% inhibition,2600,2600,1987,2427,1907,2371,2138,2506
Haryana,,81.3,94.1,81.2,93.8,84.9,97.8,26,9,2015,2019,SPCE,1.8 log10 @ 50% inhibition,2600,2600,2113,2447,2112,2439,2208,2542
Haryana,,67.4,96.0,67.2,95.5,77.8,99.5,26,10,2015,2019,SPCE,1.8 log10 @ 50% inhibition,2000,200,1347,192,1343,191,1555,199
Haryana,,27.1,71.4,22.0,70.5,28.7,74.0,26,16,2019,2019,SPCE,1.8 log10 @ 50% inhibition,797,1383,216,988,175,975,229,1024
Haryana,,39.5,71.3,44.6,75.6,41.9,74.8,26,17,2019,2019,SPCE,1.8 log10 @ 50% inhibition,1200,1800,474,1284,535,1361,503,1347
Jammu & Kashmir,,16.4,46.4,14.6,29.3,12.9,18.7,26,1,2018,2019,SPCE,1.8 log10 @ 50% inhibition,,,,,,,,
Jammu & Kashmir,,20.0,,15.8,,10.7,,26,2,2019,2019,SPCE,1.8 log10 @ 50% inhibition,,,,,,,,
Karnataka,,83.0,97.0,88.0,94.0,93.0,98.0,18,7,2014,2019,SPCE,1.8 log10 @ 50% inhibition,,,,,,,,
Karnataka,,87.5,95.5,84.9,96.7,91.2,97.1,18,8,2015,2019,SPCE,1.8 log10 @ 50% inhibition,,,,,,,,
Karnataka,,73.5,87.8,65.3,86.0,74.9,89.9,18,9,2015,2019,SPCE,1.8 log10 @ 50% inhibition,,,,,,,,
Karnataka,,70.6,82.9,59.1,75.8,74.5,83.8,18,10,2016,2019,SPCE,1.8 log10 @ 50% inhibition,,,,,,,,
Karnataka,,67.9,82.0,63.0,78.0,71.8,80.7,18,11,2016,2019,SPCE,1.8 log10 @ 50% inhibition,,,,,,,,
Karnataka,,75.0,88.0,88.0,90.0,74.0,84.0,18,12,2017,2019,SPCE,1.8 log10 @ 50% inhibition,,,,,,,,
Karnataka,,52.5,69.7,45.8,61.2,51.0,65.9,18,13,2017,2019,SPCE,1.8 log10 @ 50% inhibition,,,,,,,,
Karnataka,,47.4,64.8,41.8,56.1,44.2,56.3,18,14,2018,2019,SPCE,1.8 log10 @ 50% inhibition,,,,,,,,
Karnataka,,36.1,61.6,31.8,49.8,37.4,53.8,18,15,2019,2019,SPCE,1.8 log10 @ 50% inhibition,,,,,,,,
Karnataka,,26.2,48.1,20.8,39.5,24.8,44.1,18,16,2019,2019,SPCE,1.8 log10 @ 50% inhibition,,,,,,,,
Kerala,,13.0,25.0,15.2,30.0,17.0,35.0,18,4,2013,2019,SPCE,1.8 log10 @ 50% inhibition,,,,,,,,
Kerala,,20.0,51.1,24.7,58.5,45.1,70.3,18,5,2013,2019,SPCE,1.8 log10 @ 50% inhibition,,,,,,,,
Kerala,,53.7,90.5,51.1,79.0,61.3,88.2,18,6,2014,2019,SPCE,1.8 log10 @ 50% inhibition,,,,,,,,
Kerala,,76.6,81.1,64.0,92.0,78.3,97.1,18,7,2014,2019,SPCE,1.8 log10 @ 50% inhibition,,,,,,,,
Kerala,,82.3,92.0,76.6,87.2,88.1,95.9,18,8,2015,2019,SPCE,1.8 log10 @ 50% inhibition,,,,,,,,
Kerala,,67.0,82.7,57.4,79.6,60.4,79.6,18,11,2016,2019,SPCE,1.8 log10 @ 50% inhibition,,,,,,,,
Kerala,,51.5,83.4,54.6,83.1,61.5,86.7,18,12,2017,2019,SPCE,1.8 log10 @ 50% inhibition,,,,,,,,
Kerala,,59.0,83.8,41.0,68.9,59.9,84.0,18,13,2018,2019,SPCE,1.8 log10 @ 50% inhibition,,,,,,,,
Kerala,,38.9,62.2,31.8,55.5,45.9,62.9,18,14,2019,2019,SPCE,1.8 log10 @ 50% inhibition,,,,,,,,
Kerala,,44.4,75.6,34.5,64.0,48.0,73.5,18,15,2019,2019,SPCE,1.8 log10 @ 50% inhibition,,,,,,,,
Madhya Pradesh,,11.0,27.5,8.5,20.3,7.6,22.0,20,1,2017,2019,SPCE,1.8 log10 @ 50% inhibition,,,,,,,,
Madhya Pradesh,,15.2,31.7,10.2,23.2,11.8,30.1,20,2,2017,2019,SPCE,1.8 log10 @ 50% inhibition,,,,,,,,
Madhya Pradesh,,14.5,30.3,9.6,22.5,11.6,28.0,20,3,2018,2019,SPCE,1.8 log10 @ 50% inhibition,,,,,,,,
Madhya Pradesh,,21.5,14.9,15.6,37.5,28.3,33.5,20,4,2018,2019,SPCE,1.8 log10 @ 50% inhibition,,,,,,,,
Maharashtra,,61.3,92.5,43.1,82.8,35.5,77.0,22,6,2014,2019,SPCE,1.8 log10 @ 50% inhibition,,,,,,,,
Maharashtra,,71.1,93.0,57.4,89.0,60.0,65.0,22,7,2014,2019,SPCE,1.8 log10 @ 50% inhibition,,,,,,,,
Maharashtra,,60.5,89.4,67.9,93.3,67.2,93.9,22,8,2015,2019,SPCE,1.8 log10 @ 50% inhibition,,,,,,,,
Maharashtra,,46.3,67.0,28.9,51.9,38.9,60.7,22,9,2015,2019,SPCE,1.8 log10 @ 50% inhibition,,,,,,,,
Maharashtra,,66.1,75.8,46.2,59.0,54.2,67.1,22,10,2016,2019,SPCE,1.8 log10 @ 50% inhibition,,,,,,,,
Maharashtra,,44.9,66.9,32.8,57.6,41.4,60.8,22,11,2017,2019,SPCE,1.8 log10 @ 50% inhibition,,,,,,,,
Maharashtra,,40.2,57.5,27.2,44.9,36.4,50.9,22,12,2018,2019,SPCE,1.8 log10 @ 50% inhibition,,,,,,,,
Maharashtra,,44.1,59.0,29.8,49.0,38.4,59.5,22,13,2018,2019,SPCE,1.8 log10 @ 50% inhibition,,,,,,,,
Maharashtra,,30.6,43.9,20.2,33.6,24.1,37.9,22,14,2019,2019,SPCE,1.8 log10 @ 50% inhibition,,,,,,,,
Manipur,,21.6,50.4,13.5,36.8,16.7,46.4,29,1,2018,2019,SPCE,1.8 log10 @ 50% inhibition,,,,,,,,
Manipur,,13.5,62.7,8.8,60.9,12.4,61.8,29,2,2019,2019,SPCE,1.8 log10 @ 50% inhibition,,,,,,,,
Mizoram,,29.4,62.5,23.5,54.0,34.5,60.5,29,1,2019,2019,SPCE,1.8 log10 @ 50% inhibition,,,,,,,,
Mizoram,,45.1,70.1,39.6,67.2,38.3,63.6,29,2,2019,2019,SPCE,1.8 log10 @ 50% inhibition,,,,,,,,
Odisha,,23.8,58.8,14.7,44.9,17.1,50.8,28,1,2017,2019,SPCE,1.8 log10 @ 50% inhibition,,,,,,,,
Odisha,,26.4,47.9,16.5,35.4,22.4,44.7,28,2,2018,2019,SPCE,1.8 log10 @ 50% inhibition,,,,,,,,
Odisha,,34.1,51.3,17.8,33.8,27.7,40.0,28,3,2018,2019,SPCE,1.8 log10 @ 50% inhibition,,,,,,,,
Odisha,,25.3,48.0,13.0,39.0,17.1,35.7,28,4,2019,2019,SPCE,1.8 log10 @ 50% inhibition,,,,,,,,
Odisha,,21.6,40.2,12.9,28.0,16.1,21.1,28,5,2019,2019,SPCE,1.8 log10 @ 50% inhibition,,,,,,,,
Pondichery,,42.1,52.6,26.3,36.8,,21.1,31,2,2012,2019,SPCE,1.8 log10 @ 50% inhibition,,,,,,,,
Pondichery,,45.7,63.0,15.2,43.5,56.5,65.2,31,3,2013,2019,SPCE,1.8 log10 @ 50% inhibition,,,,,,,,
Pondichery,,87.0,96.3,74.0,94.3,87.0,95.5,31,6,2014,2019,SPCE,1.8 log10 @ 50% inhibition,,,,,,,,
Pondichery,,95.1,96.0,60.4,86.0,93.0,95.1,31,7,2015,2019,SPCE,1.8 log10 @ 50% inhibition,,,,,,,,
Pondichery,,88.0,94.9,73.5,86.5,85.8,92.7,31,11,2016,2019,SPCE,1.8 log10 @ 50% inhibition,,,,,,,,
Pondichery,,95.8,98.1,85.7,89.8,94.7,95.5,31,12,2017,2019,SPCE,1.8 log10 @ 50% inhibition,,,,,,,,
Pondichery,,58.7,75.5,49.8,60.8,69.0,78.4,31,13,2017,2019,SPCE,1.8 log10 @ 50% inhibition,,,,,,,,
Pondichery,,69.8,82.3,49.6,80.2,73.4,89.1,31,14,2018,2019,SPCE,1.8 log10 @ 50% inhibition,,,,,,,,
Pondichery,,63.9,73.6,41.3,69.8,83.3,93.4,31,15,2018,2019,SPCE,1.8 log10 @ 50% inhibition,,,,,,,,
Pondichery,,69.0,85.2,57.2,74.5,77.9,90.3,31,16,2019,2019,SPCE,1.8 log10 @ 50% inhibition,,,,,,,,
Punjab,,65.5,70.7,62.7,68.2,63.2,81.7,25,3,2013,2019,SPCE,1.8 log10 @ 50% inhibition,,,,,,,,
Punjab,,55.6,75.5,68.1,48.8,74.6,87.6,25,4,2013,2019,SPCE,1.8 log10 @ 50% inhibition,,,,,,,,
Punjab,,55.1,68.2,68.8,81.5,84.1,94.0,25,5,2014,2019,SPCE,1.8 log10 @ 50% inhibition,,,,,,,,
Punjab,,66.7,71.2,76.0,80.7,84.5,92.1,25,6,2014,2019,SPCE,1.8 log10 @ 50% inhibition,,,,,,,,
Punjab,,67.8,75.8,64.1,74.4,64.2,77.7,25,7,2015,2019,SPCE,1.8 log10 @ 50% inhibition,,,,,,,,
Punjab,,71.8,79.7,65.7,73.9,60.2,70.2,25,8,2015,2019,SPCE,1.8 log10 @ 50% inhibition,,,,,,,,
Punjab,,63.7,76.1,49.1,62.2,61.4,70.2,25,10,2016,2019,SPCE,1.8 log10 @ 50% inhibition,,,,,,,,
Punjab,,41.4,62.4,40.8,55.6,40.5,55.3,25,11,2017,2019,SPCE,1.8 log10 @ 50% inhibition,,,,,,,,
Punjab,,40.5,63.8,34.4,58.8,36.7,50.7,25,12,2018,2019,SPCE,1.8 log10 @ 50% inhibition,,,,,,,,
Punjab,,31.4,39.0,30.6,45.9,26.7,38.1,25,13,2018,2019,SPCE,1.8 log10 @ 50% inhibition,,,,,,,,
Rajasthan,,53.6,83.3,60.1,71.1,63.9,72.1,23,2,2016,2019,SPCE,1.8 log10 @ 50% inhibition,,,,,,,,
Rajasthan,,67.1,96.2,74.0,83.2,91.6,89.5,23,3,2016,2019,SPCE,1.8 log10 @ 50% inhibition,,,,,,,,
Rajasthan,,31.0,54.6,29.0,51.2,22.5,44.7,23,5,2017,2019,SPCE,1.8 log10 @ 50% inhibition,,,,,,,,
Rajasthan,,25.7,45.0,17.4,33.4,20.0,31.9,23,6,2018,2019,SPCE,1.8 log10 @ 50% inhibition,,,,,,,,
Rajasthan,,17.6,37.4,11.5,30.3,12.6,25.7,23,7,2019,2019,SPCE,1.8 log10 @ 50% inhibition,,,,,,,,
Rajasthan,,20.4,42.0,16.6,33.9,11.3,20.0,23,8,2019,2019,SPCE,1.8 log10 @ 50% inhibition,,,,,,,,
Tamil Nadu,,83.3,96.6,78.4,94.2,87.1,97.5,17,7,2014,2019,SPCE,1.8 log10 @ 50% inhibition,,,,,,,,
Tamil Nadu,,85.6,98.2,83.6,97.8,91.3,98.8,17,8,2015,2019,SPCE,1.8 log10 @ 50% inhibition,,,,,,,,
Tamil Nadu,,86.2,97.3,81.7,95.7,86.7,98.2,17,9,2015,2019,SPCE,1.8 log10 @ 50% inhibition,,,,,,,,
Tamil Nadu,,64.4,83.4,56.4,78.9,70.1,86.5,17,11,2016,2019,SPCE,1.8 log10 @ 50% inhibition,,,,,,,,
Tamil Nadu,,59.3,77.0,52.5,74.5,61.0,77.6,17,12,2017,2019,SPCE,1.8 log10 @ 50% inhibition,,,,,,,,
Tamil Nadu,,62.2,84.7,52.8,76.8,59.5,80.1,17,13,2017,2019,SPCE,1.8 log10 @ 50% inhibition,,,,,,,,
Tamil Nadu,,53.5,78.4,45.7,70.2,52.3,74.8,17,14,2018,2019,SPCE,1.8 log10 @ 50% inhibition,,,,,,,,
Tamil Nadu,,47.3,77.4,40.2,69.2,51.7,73.9,17,15,2018,2019,SPCE,1.8 log10 @ 50% inhibition,,,,,,,,
Tamil Nadu,,53.5,75.7,41.3,63.3,47.5,60.1,17,16,2019,2019,SPCE,1.8 log10 @ 50% inhibition,,,,,,,,
Tamil Nadu,,40.3,78.6,36.8,75.0,36.4,72.2,17,17,2019,2019,SPCE,1.8 log10 @ 50% inhibition,,,,,,,,
Telangana,,77.4,94.9,83.4,94.5,77.5,95.3,20,7,2014,2019,SPCE,1.8 log10 @ 50% inhibition,,,,,,,,
Telangana,,88.7,94.7,78.4,89.2,86.9,93.5,20,8,2015,2019,SPCE,1.8 log10 @ 50% inhibition,,,,,,,,
Telangana,,81.7,84.7,74.1,91.5,84.7,94.8,20,9,2015,2019,SPCE,1.8 log10 @ 50% inhibition,,,,,,,,
Telangana,,66.8,76.7,57.4,71.4,65.5,74.3,20,10,2016,2019,SPCE,1.8 log10 @ 50% inhibition,,,,,,,,
Telangana,,61.9,77.8,56.4,69.0,57.9,79.3,20,11,2017,2019,SPCE,1.8 log10 @ 50% inhibition,,,,,,,,
Telangana,,73.0,86.9,60.0,72.3,65.1,81.5,20,12,2017,2019,SPCE,1.8 log10 @ 50% inhibition,,,,,,,,
Telangana,,55.9,75.9,44.3,69.7,53.1,74.4,20,13,2018,2019,SPCE,1.8 log10 @ 50% inhibition,,,,,,,,
Telangana,,49.2,78.3,37.7,63.4,52.6,76.7,20,14,2018,2019,SPCE,1.8 log10 @ 50% inhibition,,,,,,,,
Telangana,,53.4,82.5,46.6,75.9,54.5,82.7,20,15,2019,2019,SPCE,1.8 log10 @ 50% inhibition,,,,,,,,
Telangana,,57.0,79.3,48.3,75.8,57.9,78.9,20,16,2019,2019,SPCE,1.8 log10 @ 50% inhibition,,,,,,,,
Uttar Pradesh,,20.5,34.4,15.7,28.3,20.0,34.8,24,6,2017,2019,SPCE,1.8 log10 @ 50% inhibition,,,,,,,,
Uttar Pradesh,,16.7,30.8,13.9,24.5,18.9,32.4,24,7,2018,2019,SPCE,1.8 log10 @ 50% inhibition,,,,,,,,
Uttar Pradesh,,20.9,38.1,16.2,28.8,24.1,41.9,24,8,2018,2019,SPCE,1.8 log10 @ 50% inhibition,,,,,,,,
Uttar Pradesh,,17.2,38.6,12.4,33.7,17.5,40.2,24,9,2019,2019,SPCE,1.8 log10 @ 50% inhibition,,,,,,,,
Uttarakhand,,16.0,18.6,9.2,9.8,12.0,13.4,24,1,2017,2019,SPCE,1.8 log10 @ 50% inhibition,,,,,,,,
Uttarakhand,,18.6,17.5,26.1,12.1,26.7,12.1,24,2,2017,2019,SPCE,1.8 log10 @ 50% inhibition,,,,,,,,
Uttarakhand,,14.9,18.7,8.7,10.1,11.8,12.4,24,3,2018,2019,SPCE,1.8 log10 @ 50% inhibition,,,,,,,,
Uttarakhand,,15.3,17.6,12.7,15.2,13.7,14.1,24,4,2018,2019,SPCE,1.8 log10 @ 50% inhibition,,,,,,,,
Uttarakhand,,13.2,22.1,7.9,15.5,10.9,16.5,24,5,2019,2019,SPCE,1.8 log10 @ 50% inhibition,,,,,,,,
West Bengal,,26.8,35.8,17.3,22.0,19.5,27.2,27,1,2017,2019,SPCE,1.8 log10 @ 50% inhibition,,,,,,,,
West Bengal,,19.2,40.5,13.1,25.4,11.2,23.1,27,2,2017,2019,SPCE,1.8 log10 @ 50% inhibition,,,,,,,,
West Bengal,,22.9,42.5,11.3,22.9,15.5,29.0,27,3,2018,2019,SPCE,1.8 log10 @ 50% inhibition,,,,,,,,
Andaman,,19.8,39.3,9.8,34.9,24.4,45.3,,NADCP 1,2020/2021,2021,SPCE,1.8 log10 @ 50% inhibition,328,516,65,203,32,180,80,234
Andhra Pradesh,,9.0,29.2,5.6,23.8,9.2,27.2,,NADCP 1,2020/2021,2021,SPCE,1.8 log10 @ 50% inhibition,2119,2116,191,618,119,504,195,576
Arunachal Pradesh,,2.7,,14.0,,1.1,,,NADCP 1,2020/2021,2021,SPCE,1.8 log10 @ 50% inhibition,186,,5,,26,,2,
Assam,,9.3,16.0,2.0,6.9,1.3,6.2,,NADCP 1,2020/2021,2021,SPCE,1.8 log10 @ 50% inhibition,1989,1401,185,224,40,97,26,87
Chhattisgarh,,17.0,35.6,10.9,22.9,11.5,22.7,,NADCP 1,2020/2021,2021,SPCE,1.8 log10 @ 50% inhibition,2152,2011,366,716,235,461,247,456
Delhi,,39.5,81.2,47.5,74.9,40.5,77.5,,NADCP 1,2020/2021,2021,SPCE,1.8 log10 @ 50% inhibition,200,191,79,155,95,143,81,148
Goa,,34.1,49.1,27.6,43.3,34.4,42.7,,NADCP 1,2020/2021,2021,SPCE,1.8 log10 @ 50% inhibition,735,735,251,361,203,318,253,314
Gujarat,,18.8,44.2,16.4,42.4,20.1,46.5,,NADCP 1,2020/2021,2021,SPCE,1.8 log10 @ 50% inhibition,2223,2223,418,983,365,943,447,1034
Haryana,,24.2,59.2,24.0,60.8,28.4,63.8,,NADCP 1,2020/2021,2021,SPCE,1.8 log10 @ 50% inhibition,2267,2271,549,1344,544,1381,644,1449
Himachal Pradesh,,2.9,9.0,3.5,7.3,1.2,4.0,,NADCP 1,2020/2021,2021,SPCE,1.8 log10 @ 50% inhibition,1504,2301,44,207,53,168,18,92
Jammu & Kashmir,,17.4,35.3,9.2,23.1,10.3,19.3,,NADCP 1,2020/2021,2021,SPCE,1.8 log10 @ 50% inhibition,1525,1276,265,450,140,295,157,246
Jharkhand,,9.0,29.1,3.4,13.2,4.7,16.7,,NADCP 1,2020/2021,2021,SPCE,1.8 log10 @ 50% inhibition,1506,492,136,143,51,65,71,82
Karnataka,,16.3,45.2,12.3,33.3,13.2,37.6,,NADCP 1,2020/2021,2021,SPCE,1.8 log10 @ 50% inhibition,2300,2303,375,1041,283,767,304,866
Kerala,,47.4,70.9,39.5,60.1,45.7,67.6,,NADCP 1,2020/2021,2021,SPCE,1.8 log10 @ 50% inhibition,2145,2145,1017,1521,847,1289,980,1450
Madhya Pradesh,,10.0,28.4,8.7,21.4,9.3,24.1,,NADCP 1,2020/2021,2021,SPCE,1.8 log10 @ 50% inhibition,4589,4589,459,1303,399,982,427,1106
Maharashtra,,17.5,36.3,14.4,29.5,16.2,32.3,,NADCP 1,2020/2021,2021,SPCE,1.8 log10 @ 50% inhibition,4346,4359,761,1582,626,1286,704,1408
Manipur,,9.7,45.8,7.1,40.8,7.2,36.8,,NADCP 1,2020/2021,2021,SPCE,1.8 log10 @ 50% inhibition,807,807,78,370,57,329,58,297
Meghalaya,,14.0,41.6,7.0,34.5,16.9,32.4,,NADCP 1,2020/2021,2021,SPCE,1.8 log10 @ 50% inhibition,586,586,82,244,41,202,99,190
Mizoram,,10.5,30.4,8.9,26.5,10.9,28.8,,NADCP 1,2020/2021,2021,SPCE,1.8 log10 @ 50% inhibition,838,838,88,255,75,222,91,241
Nagaland,,13.2,6.0,6.2,12.9,4.3,9.5,,NADCP 1,2020/2021,2021,SPCE,1.8 log10 @ 50% inhibition,726,419,96,25,45,54,31,40
Odisha,,12.7,36.0,8.8,20.5,7.3,17.8,,NADCP 1,2020/2021,2021,SPCE,1.8 log10 @ 50% inhibition,2262,2262,287,814,199,464,165,403
Pondichery,,84.1,89.3,78.6,80.3,84.8,89.2,,NADCP 1,2020/2021,2021,SPCE,1.8 log10 @ 50% inhibition,960,960,807,857,755,771,814,856
Punjab,,11.5,22.7,18.9,16.7,18.1,23.6,,NADCP 1,2020/2021,2021,SPCE,1.8 log10 @ 50% inhibition,2198,886,253,201,415,148,398,209
Rajasthan,,44.9,57.1,44.6,54.0,38.6,52.9,,NADCP 1,2020/2021,2021,SPCE,1.8 log10 @ 50% inhibition,1188,1188,533,678,530,642,459,628
Sikkim,,2.7,22.2,3.9,14.9,2.8,16.6,,NADCP 1,2020/2021,2021,SPCE,1.8 log10 @ 50% inhibition,999,743,27,165,39,111,28,123
Tamil Nadu,,37.0,70.3,27.5,60.8,27.8,61.8,,NADCP 1,2020/2021,2021,SPCE,1.8 log10 @ 50% inhibition,2246,2246,831,1579,618,1366,624,1388
Telangana,,20.7,52.4,14.5,49.1,20.5,55.0,,NADCP 1,2020/2021,2021,SPCE,1.8 log10 @ 50% inhibition,2210,2210,457,1158,320,1085,453,1216
Uttar Pradesh,,9.9,28.7,7.5,18.2,8.6,22.1,,NADCP 1,2020/2021,2021,SPCE,1.8 log10 @ 50% inhibition,7468,5975,739,1715,560,1087,642,1320
Uttarakhand,,4.2,24.3,3.8,17.5,3.0,23.1,,NADCP 1,2020/2021,2021,SPCE,1.8 log10 @ 50% inhibition,1320,1291,55,314,50,226,40,298
Total,,17.6,39.0,14.4,31.6,15.8,34.0,,NADCP 1,2020/2021,2021,SPCE,1.8 log10 @ 50% inhibition,53922,49340,9490,19243,7765,15591,8520,16776
Andaman,,19.8,39.3,9.8,34.9,24.4,45.3,,NADCP 1,2021,2021,SPCE,1.8 log10 @ 50% inhibition,328,516,65,203,32,180,80,234
Himachal Pradesh,,2.8,9.4,3.4,7.3,1.0,3.8,,NADCP 1,2021,2021,SPCE,1.8 log10 @ 50% inhibition,879,1273,25,120,30,93,9,48
Jammu & Kashmir,,NaN,24.5,NaN,19.4,NaN,18.7,,NADCP 1,2021,2021,SPCE,1.8 log10 @ 50% inhibition,0,139,0,34,0,27,0,26
Kerala,,53.9,71.1,45.4,58.4,51.2,66.6,,NADCP 1,2021,2021,SPCE,1.8 log10 @ 50% inhibition,1485,1349,800,959,674,788,761,898
Meghalaya,,14.0,41.6,7.0,34.5,16.9,32.4,,NADCP 1,2021,2021,SPCE,1.8 log10 @ 50% inhibition,586,586,82,244,41,202,99,190
Nagaland,,13.2,6.0,6.2,12.9,4.3,9.5,,NADCP 1,2021,2021,SPCE,1.8 log10 @ 50% inhibition,726,419,96,25,45,54,31,40
Pondichery,,84.1,89.3,78.6,80.3,84.8,89.2,,NADCP 1,2021,2021,SPCE,1.8 log10 @ 50% inhibition,960,960,807,857,755,771,814,856
Punjab,,17.0,22.7,13.2,16.7,15.1,23.6,,NADCP 1,2021,2021,SPCE,1.8 log10 @ 50% inhibition,53,886,9,201,7,148,8,209
Rajasthan,,44.9,57.1,44.6,54.0,38.6,52.9,,NADCP 1,2021,2021,SPCE,1.8 log10 @ 50% inhibition,1188,1188,533,678,530,642,459,628
Sikkim,,7.7,17.6,5.1,13.0,7.7,11.0,,NADCP 1,2021,2021,SPCE,1.8 log10 @ 50% inhibition,78,353,6,62,4,46,6,39
Total,,38.6,44.1,33.7,38.5,36.1,41.3,,NADCP 1,2021,2021,SPCE,1.8 log10 @ 50% inhibition,6283,7669,2423,3383,2118,2951,2267,3168
A&N Island,,19.8,39.3,9.8,34.9,24.4,45.3,,NADCP 1,2020,2020,SPCE,1.8 log10 @ 50% inhibition,328,516,65,203,32,180,80,234
Andhra Pradesh,,9.0,29.2,5.6,23.8,9.2,27.2,,NADCP 1,2020,2020,SPCE,1.8 log10 @ 50% inhibition,2119,2116,191,618,119,504,196,576
Arunachal Pradesh,,2.7,,14.0,,1.1,,,NADCP 1,2020,2020,SPCE,1.8 log10 @ 50% inhibition,186,,5,,26,,2,
Assam,,9.3,16.0,2.0,6.9,1.3,6.2,,NADCP 1,2020,2020,SPCE,1.8 log10 @ 50% inhibition,1989,1401,184,224,39,96,26,87
Chhattisgarh,,17.0,35.6,10.9,22.9,11.5,22.7,,NADCP 1,2020,2020,SPCE,1.8 log10 @ 50% inhibition,2152,2011,366,716,234,461,248,457
Delhi,,39.5,81.2,47.5,74.9,40.5,77.5,,NADCP 1,2020,2020,SPCE,1.8 log10 @ 50% inhibition,200,191,79,155,95,143,81,148
Goa,,34.1,49.1,27.6,43.3,34.4,42.7,,NADCP 1,2020,2020,SPCE,1.8 log10 @ 50% inhibition,735,735,251,361,203,318,253,314
Gujarat,,18.8,44.2,16.4,42.4,20.1,46.5,,NADCP 1,2020,2020,SPCE,1.8 log10 @ 50% inhibition,2223,2223,418,982,364,942,447,1033
Haryana,,24.2,59.2,24.0,60.8,28.4,63.8,,NADCP 1,2020,2020,SPCE,1.8 log10 @ 50% inhibition,2267,2271,549,1345,545,1380,643,1448
Himachal Pradesh,,3.0,8.5,3.7,7.3,1.4,4.3,,NADCP 1,2020,2020,SPCE,1.8 log10 @ 50% inhibition,625,1028,19,87,23,75,9,44
Jammu & Kashmir,,17.4,36.6,9.2,23.6,10.3,19.3,,NADCP 1,2020,2020,SPCE,1.8 log10 @ 50% inhibition,1525,1137,265,416,141,268,157,220
Jharkhand,,9.0,29.1,3.4,13.2,4.7,16.7,,NADCP 1,2020,2020,SPCE,1.8 log10 @ 50% inhibition,1506,492,135,143,51,65,71,82
Karnataka,,16.3,45.2,12.3,33.3,13.2,37.6,,NADCP 1,2020,2020,SPCE,1.8 log10 @ 50% inhibition,2300,2303,376,1042,284,766,304,865
Kerala,,32.9,70.6,26.2,62.9,33.2,69.3,,NADCP 1,2020,2020,SPCE,1.8 log10 @ 50% inhibition,660,796,217,562,173,501,219,552
Madhya Pradesh,,10.0,28.4,8.7,21.4,9.3,24.1,,NADCP 1,2020,2020,SPCE,1.8 log10 @ 50% inhibition,4589,4589,458,1304,397,983,428,1108
Maharashtra,,17.5,36.3,14.4,29.5,16.2,32.3,,NADCP 1,2020,2020,SPCE,1.8 log10 @ 50% inhibition,4346,4359,761,1581,627,1285,705,1410
Manipur,,9.7,45.8,7.1,40.8,7.2,36.8,,NADCP 1,2020,2020,SPCE,1.8 log10 @ 50% inhibition,807,807,78,370,57,329,58,297
Mizoram,,10.5,30.4,8.9,26.5,10.9,28.8,,NADCP 1,2020,2020,SPCE,1.8 log10 @ 50% inhibition,838,838,88,255,75,222,91,241
Odisha,,12.7,36.0,8.8,20.5,7.3,17.8,,NADCP 1,2020,2020,SPCE,1.8 log10 @ 50% inhibition,2262,2262,287,814,198,464,166,402
Punjab,,11.4,,19.0,,18.2,,,NADCP 1,2020,2020,SPCE,1.8 log10 @ 50% inhibition,2145,,244,,408,,390,
Sikkim,,2.3,26.4,3.8,16.7,2.4,21.5,,NADCP 1,2020,2020,SPCE,1.8 log10 @ 50% inhibition,921,390,21,103,35,65,22,84
Tamil Nadu,,37.0,70.3,27.5,60.8,27.8,61.8,,NADCP 1,2020,2020,SPCE,1.8 log10 @ 50% inhibition,2246,2246,832,1578,618,1366,625,1388
Telangana,,20.7,52.4,14.5,49.1,20.5,55.0,,NADCP 1,2020,2020,SPCE,1.8 log10 @ 50% inhibition,2210,2210,458,1157,321,1085,453,1215
Uttar Pradesh,,9.9,28.7,7.5,18.2,8.6,22.1,,NADCP 1,2020,2020,SPCE,1.8 log10 @ 50% inhibition,7468,5975,738,1714,559,1086,642,1323
Uttarakhand,,4.2,24.3,3.8,17.5,3.0,23.1,,NADCP 1,2020,2020,SPCE,1.8 log10 @ 50% inhibition,1320,1291,55,314,50,226,39,298
Total,,14.9,38.0,11.8,30.4,13.2,32.8,,NADCP 1,2020,2020,SPCE,1.8 log10 @ 50% inhibition,47967,42187,7140,16044,5674,12810,6355,13826
A&N Island,,15.3,79.2,6.8,68.0,16.7,85.8,,NADCP 2,2021/2022,2022,SPCE,1.65 log10 @ 35% inhibition,472,472,72,374,32,321,79,405
Andhra Pradesh,,19.7,41.5,19.5,46.5,22.9,49.2,,NADCP 2,2021/2022,2022,SPCE,1.65 log10 @ 35% inhibition,2722,2716,536,1127,531,1263,623,1336
Arunachal Pradesh,,15.6,82.5,12.0,73.1,0.5,72.5,,NADCP 2,2021/2022,2022,SPCE,1.65 log10 @ 35% inhibition,417,342,65,282,50,250,2,248
Assam,,24.7,57.1,19.9,54.2,19.9,55.0,,NADCP 2,2021/2022,2022,SPCE,1.65 log10 @ 35% inhibition,1848,1848,456,1055,368,1002,368,1016
Bihar,,16.0,45.3,7.4,45.9,11.8,37.2,,NADCP 2,2021/2022,2022,SPCE,1.65 log10 @ 35% inhibition,2246,2117,359,959,166,972,265,788
Chandigarh,,35.5,75.5,32.0,68.0,40.0,79.0,,NADCP 2,2021/2022,2022,SPCE,1.65 log10 @ 35% inhibition,200,200,71,151,64,136,80,158
Chhattisgarh,,24.4,,16.6,,11.5,,,NADCP 2,2021/2022,2022,SPCE,1.65 log10 @ 35% inhibition,2209,,539,,367,,254,
Dadra and Nagar Haveli and Daman and Diu,,56.0,69.6,27.5,67.5,32.0,58.6,,NADCP 2,2021/2022,2022,SPCE,1.65 log10 @ 35% inhibition,200,191,112,133,55,129,64,112
Delhi,,73.1,88.7,65.0,86.1,65.0,89.6,,NADCP 2,2021/2022,2022,SPCE,1.65 log10 @ 35% inhibition,234,230,171,204,152,198,152,206
Goa,,48.4,77.8,35.1,79.8,43.2,84.8,,NADCP 2,2021/2022,2022,SPCE,1.65 log10 @ 35% inhibition,1289,1289,624,1003,452,1029,557,1093
Gujarat,,15.2,40.6,12.1,27.1,14.0,34.8,,NADCP 2,2021/2022,2022,SPCE,1.65 log10 @ 35% inhibition,2184,2184,332,887,264,592,306,760
Haryana,,36.4,68.8,34.7,67.9,43.2,72.9,,NADCP 2,2021/2022,2022,SPCE,1.65 log10 @ 35% inhibition,2289,2285,833,1572,794,1552,989,1666
Himachal Pradesh,,31.7,61.5,26.8,54.9,20.5,55.1,,NADCP 2,2021/2022,2022,SPCE,1.65 log10 @ 35% inhibition,619,1432,196,881,166,786,127,789
Jammu & Kashmir,,18.5,67.3,13.0,58.2,10.3,57.4,,NADCP 2,2021/2022,2022,SPCE,1.65 log10 @ 35% inhibition,1073,1048,199,705,139,610,111,602
Jharkhand,,33.7,,15.7,,36.1,,,NADCP 2,2021/2022,2022,SPCE,1.65 log10 @ 35% inhibition,83,,28,,13,,30,
Karnataka,,50.0,85.5,45.2,84.1,45.5,83.2,,NADCP 2,2021/2022,2022,SPCE,1.65 log10 @ 35% inhibition,2166,2173,1083,1858,979,1827,986,1808
Kerala,,35.7,72.7,33.7,69.2,37.0,72.5,,NADCP 2,2021/2022,2022,SPCE,1.65 log10 @ 35% inhibition,2182,2182,779,1586,735,1510,807,1582
Madhya Pradesh,,35.1,63.0,38.0,66.6,20.8,51.9,,NADCP 2,2021/2022,2022,SPCE,1.65 log10 @ 35% inhibition,1014,1014,356,639,385,675,211,526
Maharashtra,,31.4,76.3,33.5,79.7,31.2,77.8,,NADCP 2,2021/2022,2022,SPCE,1.65 log10 @ 35% inhibition,4420,4420,1388,3372,1481,3523,1379,3439
Meghalaya,,34.8,90.9,60.6,92.2,8.1,66.2,,NADCP 2,2021/2022,2022,SPCE,1.65 log10 @ 35% inhibition,198,154,69,140,120,142,16,102
Nagaland,,44.3,,28.1,,31.6,,,NADCP 2,2021/2022,2022,SPCE,1.65 log10 @ 35% inhibition,1056,,468,,297,,334,
Odisha,,13.4,89.9,12.5,87.9,12.7,87.0,,NADCP 2,2021/2022,2022,SPCE,1.65 log10 @ 35% inhibition,2262,2262,303,2034,283,1988,287,1968
Pondichery,,91.3,95.9,83.1,89.8,85.5,89.1,,NADCP 2,2021/2022,2022,SPCE,1.65 log10 @ 35% inhibition,883,883,806,847,734,793,755,787
Punjab,,33.2,66.1,29.5,66.7,30.2,68.1,,NADCP 2,2021/2022,2022,SPCE,1.65 log10 @ 35% inhibition,2196,2196,729,1452,648,1465,663,1495
Sikkim,,12.5,52.4,11.2,48.2,12.6,45.9,,NADCP 2,2021/2022,2022,SPCE,1.65 log10 @ 35% inhibition,1138,1016,142,532,127,490,143,466
Tamil Nadu,,51.4,78.3,36.5,68.5,40.6,70.3,,NADCP 2,2021/2022,2022,SPCE,1.65 log10 @ 35% inhibition,2327,2327,1196,1822,849,1594,945,1636
Telangana,,29.8,64.0,22.6,56.0,22.0,57.2,,NADCP 2,2021/2022,2022,SPCE,1.65 log10 @ 35% inhibition,2275,2275,678,1456,514,1274,500,1301
Uttar Pradesh,,33.0,54.6,22.0,57.1,25.2,45.3,,NADCP 2,2021/2022,2022,SPCE,1.65 log10 @ 35% inhibition,2433,2240,803,1223,535,1279,613,1015
Uttarakhand,,16.7,58.2,13.3,59.7,11.0,45.0,,NADCP 2,2021/2022,2022,SPCE,1.65 log10 @ 35% inhibition,1358,1236,227,719,181,738,149,556
West Bengal,,30.8,75.3,17.2,63.0,19.6,63.6,,NADCP 2,2021/2022,2022,SPCE,1.65 log10 @ 35% inhibition,803,814,247,613,138,513,157,518
Total,,31.0,66.5,25.9,64.1,26.7,63.5,,NADCP 2,2021/2022,2022,SPCE,1.65 log10 @ 35% inhibition,44796,41546,13887,27628,11602,26631,11961,26382
A&N Island,,10.2,79.2,5.6,68.0,13.9,85.8,,NADCP 2,2022,2022,SPCE,1.65 log10 @ 35% inhibition,108,472,11,374,6,321,15,405
Arunachal Pradesh,,15.6,82.5,12.0,73.1,0.5,72.5,,NADCP 2,2022,2022,SPCE,1.65 log10 @ 35% inhibition,417,342,65,282,50,250,2,248
Assam,,24.7,57.1,19.9,54.2,19.9,55.0,,NADCP 2,2022,2022,SPCE,1.65 log10 @ 35% inhibition,1848,1848,456,1055,368,1002,368,1016
Bihar,,16.0,45.3,7.4,45.9,11.8,37.2,,NADCP 2,2022,2022,SPCE,1.65 log10 @ 35% inhibition,2246,2117,359,959,166,972,265,788
Chhattisgarh,,24.4,NaN,16.6,NaN,11.5,NaN,,NADCP 2,2022,2022,SPCE,1.65 log10 @ 35% inhibition,2209,0,539,0,367,0,254,0
Dadra and Nagar Haveli and Daman and Diu,,56.0,69.6,27.5,67.5,32.0,58.6,,NADCP 2,2022,2022,SPCE,1.65 log10 @ 35% inhibition,200,191,112,133,55,129,64,112
Goa,,48.4,77.8,35.1,79.8,43.2,84.8,,NADCP 2,2022,2022,SPCE,1.65 log10 @ 35% inhibition,1289,1289,624,1003,452,1029,557,1093
Gujarat,,15.2,40.6,12.1,27.1,14.0,34.8,,NADCP 2,2022,2022,SPCE,1.65 log10 @ 35% inhibition,2184,2184,332,887,264,592,306,760
Himachal Pradesh,,31.7,58.6,26.8,51.8,20.5,49.9,,NADCP 2,2022,2022,SPCE,1.65 log10 @ 35% inhibition,619,1108,196,649,166,574,127,553
Jammu & Kashmir,,2.0,67.3,2.0,58.2,4.4,57.4,,NADCP 2,2022,2022,SPCE,1.65 log10 @ 35% inhibition,586,1048,12,705,12,610,26,602
Jharkhand,,33.7,NaN,15.7,NaN,36.1,NaN,,NADCP 2,2022,2022,SPCE,1.65 log10 @ 35% inhibition,83,0,28,0,13,0,30,0
Karnataka,,50.0,85.5,45.2,84.1,45.5,83.2,,NADCP 2,2022,2022,SPCE,1.65 log10 @ 35% inhibition,2166,2173,1083,1858,979,1827,986,1808
Kerala,,35.7,72.7,33.7,69.2,37.0,72.5,,NADCP 2,2022,2022,SPCE,1.65 log10 @ 35% inhibition,2182,2182,779,1586,735,1510,807,1582
Madhya Pradesh,,35.1,63.0,38.0,66.6,20.8,51.9,,NADCP 2,2022,2022,SPCE,1.65 log10 @ 35% inhibition,1014,1014,356,639,385,675,211,526
Maharashtra,,37.0,77.6,38.3,81.5,35.9,79.8,,NADCP 2,2022,2022,SPCE,1.65 log10 @ 35% inhibition,3341,3809,1236,2957,1278,3106,1201,3040
Meghalaya,,34.8,90.9,60.6,92.2,8.1,66.2,,NADCP 2,2022,2022,SPCE,1.65 log10 @ 35% inhibition,198,154,69,140,120,142,16,102
Nagaland,,44.3,NaN,28.1,NaN,31.6,NaN,,NADCP 2,2022,2022,SPCE,1.65 log10 @ 35% inhibition,1056,0,468,0,297,0,334,0
Odisha,,13.4,89.9,12.5,87.9,12.7,87.0,,NADCP 2,2022,2022,SPCE,1.65 log10 @ 35% inhibition,2262,2262,303,2034,283,1988,287,1968
Pondichery,,91.3,95.9,83.1,89.8,85.5,89.1,,NADCP 2,2022,2022,SPCE,1.65 log10 @ 35% inhibition,883,883,806,847,734,793,755,787
Punjab,,33.2,66.1,29.5,66.7,30.2,68.1,,NADCP 2,2022,2022,SPCE,1.65 log10 @ 35% inhibition,2196,2196,729,1452,648,1465,663,1495
Sikkim,,12.5,52.4,11.2,48.2,12.6,45.9,,NADCP 2,2022,2022,SPCE,1.65 log10 @ 35% inhibition,1138,1016,142,532,127,490,143,466
Tamil Nadu,,51.4,78.3,36.5,68.5,40.6,70.3,,NADCP 2,2022,2022,SPCE,1.65 log10 @ 35% inhibition,2327,2327,1196,1822,849,1594,945,1636
Telangana,,29.8,64.0,22.6,56.0,22.0,57.2,,NADCP 2,2022,2022,SPCE,1.65 log10 @ 35% inhibition,2275,2275,678,1456,514,1274,500,1301
Uttar Pradesh,,30.2,54.6,24.2,57.1,18.8,45.3,,NADCP 2,2022,2022,SPCE,1.65 log10 @ 35% inhibition,1554,2240,469,1223,376,1279,292,1015
Uttarakhand,,16.7,58.2,13.3,59.7,11.0,45.0,,NADCP 2,2022,2022,SPCE,1.65 log10 @ 35% inhibition,1358,1236,227,719,181,738,149,556
West Bengal,,30.8,75.3,17.2,63.0,19.6,63.6,,NADCP 2,2022,2022,SPCE,1.65 log10 @ 35% inhibition,803,814,247,613,138,513,157,518
Total,,31.5,68.0,26.2,65.0,25.9,63.6,,NADCP 2,2022,2022,SPCE,1.65 log10 @ 35% inhibition,36542,35180,11522,23925,9563,22873,9460,22377
A&N Island,,16.8,,7.1,,17.6,,,NADCP 2,2021,2021,SPCE,1.65 log10 @ 35% inhibition,364,,61,,26,,64,
Andhra Pradesh,,19.7,41.5,19.5,46.5,22.9,49.2,,NADCP 2,2021,2021,SPCE,1.65 log10 @ 35% inhibition,2722,2716,536,1127,531,1263,623,1336
Chandigarh,,35.5,75.5,32.0,68.0,40.0,79.0,,NADCP 2,2021,2021,SPCE,1.65 log10 @ 35% inhibition,200,200,71,151,64,136,80,158
Delhi,,73.1,88.7,65.0,86.1,65.0,89.6,,NADCP 2,2021,2021,SPCE,1.65 log10 @ 35% inhibition,234,230,171,204,152,198,152,206
Haryana,,36.4,68.8,34.7,67.9,43.2,72.9,,NADCP 2,2021,2021,SPCE,1.65 log10 @ 35% inhibition,2289,2285,833,1572,794,1552,989,1666
Himachal Pradesh,,,71.6,,65.4,,72.8,,NADCP 2,2021,2021,SPCE,1.65 log10 @ 35% inhibition,,324,,232,,212,,236
Jammu & Kashmir,,38.4,,26.1,,17.5,,,NADCP 2,2021,2021,SPCE,1.65 log10 @ 35% inhibition,487,,187,,127,,85,
Kamataka,,60.3,88.1,56.0,88.1,55.4,86.3,,NADCP 2,2021,2021,SPCE,1.65 log10 @ 35% inhibition,1196,1213,721,1069,670,1069,663,1047
Maharashtra,,14.1,67.9,18.8,68.2,16.5,65.3,,NADCP 2,2021,2021,SPCE,1.65 log10 @ 35% inhibition,1079,611,152,415,203,417,178,399
Uttar Pradesh,,38.0,,18.1,,36.5,,,NADCP 2,2021,2021,SPCE,1.65 log10 @ 35% inhibition,879,,334,,159,,321,
Total,,32.5,62.9,28.8,63.9,33.4,66.6,,NADCP 2,2021,2021,SPCE,1.65 log10 @ 35% inhibition,9450,7579,3071,4767,2722,4843,3156,5048
Andhra Pradesh,,83.9,96.3,72.5,86.9,84.8,92.3,,Organized farms,2021,2021,SPCE,1.8 log10 @ 50% inhibition,429,480,360,462,311,417,364,443
Chhattisgarh,,65.1,79.3,61.4,87.8,57.8,67.1,,Organized farms,2021,2021,SPCE,1.8 log10 @ 50% inhibition,83,82,54,65,51,72,48,55
Gujarat,,63.2,95.0,53.5,79.2,63.2,77.4,,Organized farms,2021,2021,SPCE,1.8 log10 @ 50% inhibition,340,159,215,151,182,126,215,123
Haryana,,89.9,95.8,79.7,92.4,89.0,95.7,,Organized farms,2021,2021,SPCE,1.8 log10 @ 50% inhibition,1283,1574,1153,1508,1023,1454,1142,1506
Himachal Pradesh,,84.4,92.2,53.1,81.3,32.8,54.7,,Organized farms,2021,2021,SPCE,1.8 log10 @ 50% inhibition,64,64,54,59,34,52,21,35
Kerala,,84.5,92.6,73.0,86.8,85.5,91.6,,Organized farms,2021,2021,SPCE,1.8 log10 @ 50% inhibition,882,901,745,834,644,782,754,825
Madhya Pradesh,,66.7,90.7,61.2,79.0,78.4,91.2,,Organized farms,2021,2021,SPCE,1.8 log10 @ 50% inhibition,402,601,268,545,246,475,315,548
Tamil Nadu,,87.6,97.1,69.5,96.2,77.1,93.3,,Organized farms,2021,2021,SPCE,1.8 log10 @ 50% inhibition,105,105,92,102,73,101,81,98
Uttar Pradesh,,72.1,83.4,69.6,72.8,89.2,87.6,,Organized farms,2021,2021,SPCE,1.8 log10 @ 50% inhibition,240,169,173,141,167,123,214,148
West Bengal,,88.2,94.5,91.8,97.3,93.6,97.3,,Organized farms,2021,2021,SPCE,1.8 log10 @ 50% inhibition,110,110,97,104,101,107,103,107
Total,,81.6,93.6,71.9,87.4,82.7,91.6,,Organized farms,2021,2021,SPCE,1.8 log10 @ 50% inhibition,3938,4245,3213,3973,2831,3710,3257,3888
Andhra Pradesh,,98.6,97.9,96.2,96.6,98.6,100.0,,Organized farms,2022,2022,SPCE,1.65 log10 @ 35% inhibition,501,326,494,319,482,315,494,326
Chhattisgarh,,78.5,100.0,68.8,100.0,74.2,100.0,,Organized farms,2022,2022,SPCE,1.65 log10 @ 35% inhibition,93,68,73,68,64,68,69,68
Gujarat,,100.0,100.0,98.7,94.3,93.1,95.0,,Organized farms,2022,2022,SPCE,1.65 log10 @ 35% inhibition,379,562,379,562,374,530,353,534
Haryana,,93.6,98.5,93.3,98.7,93.0,98.8,,Organized farms,2022,2022,SPCE,1.65 log10 @ 35% inhibition,644,868,603,855,601,857,599,858
Himachal Pradesh,,96.1,95.8,97.1,97.2,96.1,96.5,,Organized farms,2022,2022,SPCE,1.65 log10 @ 35% inhibition,103,144,99,138,100,140,99,139
Karnataka,,94.1,99.4,94.9,99.4,94.3,99.4,,Organized farms,2022,2022,SPCE,1.65 log10 @ 35% inhibition,370,339,348,337,351,337,349,337
Kerala,,90.9,91.8,88.4,91.7,90.6,92.0,,Organized farms,2022,2022,SPCE,1.65 log10 @ 35% inhibition,1305,1295,1186,1189,1154,1188,1182,1191
Madhya Pradesh,,92.5,99.5,90.8,97.7,92.5,97.5,,Organized farms,2022,2022,SPCE,1.65 log10 @ 35% inhibition,401,398,371,396,364,389,371,388
Maharashtra,,92.2,100.0,91.9,100.0,91.5,100.0,,Organized farms,2022,2022,SPCE,1.65 log10 @ 35% inhibition,283,240,261,240,260,240,259,240
Odisha,,28.6,90.5,23.8,90.5,19.0,85.7,,Organized farms,2022,2022,SPCE,1.65 log10 @ 35% inhibition,21,21,6,19,5,19,4,18
Tamil Nadu,,97.6,98.8,92.7,97.6,97.4,98.8,,Organized farms,2022,2022,SPCE,1.65 log10 @ 35% inhibition,547,500,534,494,507,488,533,494
Telangana,,14.3,99.0,0.0,95.8,0.0,99.0,,Organized farms,2022,2022,SPCE,1.65 log10 @ 35% inhibition,14,96,2,95,0,92,0,95
Uttar Pradesh,,84.2,90.3,91.9,90.0,93.0,97.9,,Organized farms,2022,2022,SPCE,1.65 log10 @ 35% inhibition,570,339,480,306,524,305,530,332
Uttarakhand,,93.2,95.5,93.2,95.5,100.0,100.0,,Organized farms,2022,2022,SPCE,1.65 log10 @ 35% inhibition,44,44,41,42,41,42,44,44
Total,,92.5,96.6,91.5,95.6,92.6,96.6,,Organized farms,2022,2022,SPCE,1.65 log10 @ 35% inhibition,5275,5240,4879,5062,4827,5009,4885,5062
Goa,,47.4,82.1,64.3,86.1,54.4,86.0,30,3,2013,2019,SPCE,1.8 log10 @ 50% inhibition,,,,,,,,
Goa,,45.1,77.0,58.5,86.0,57.0,85.1,30,4,2013,2019,SPCE,1.8 log10 @ 50% inhibition,,,,,,,,
Goa,,85.9,98.9,77.1,96.3,51.7,90.1,30,5,2014,2019,SPCE,1.8 log10 @ 50% inhibition,,,,,,,,
Goa,,71.2,97.6,56.9,91.1,63.3,92.5,30,6,2014,2019,SPCE,1.8 log10 @ 50% inhibition,,,,,,,,
Goa,,65.3,93.0,67.8,98.1,76.4,98.6,30,7,2015,2019,SPCE,1.8 log10 @ 50% inhibition,,,,,,,,
Goa,,43.3,71.8,33.0,68.3,36.5,67.0,30,11,2017,2019,SPCE,1.8 log10 @ 50% inhibition,,,,,,,,
Goa,,43.5,64.8,29.8,55.8,33.0,58.0,30,12,2017,2019,SPCE,1.8 log10 @ 50% inhibition,,,,,,,,
Goa,,36.5,43.5,34.8,39.0,38.3,43.3,30,13,2018,2019,SPCE,1.8 log10 @ 50% inhibition,,,,,,,,
Goa,,31.3,49.8,26.3,41.0,38.5,48.5,30,14,2018,2019,SPCE,1.8 log10 @ 50% inhibition,,,,,,,,
Goa,,40.8,54.0,33.3,46.8,36.5,50.5,30,15,2019,2019,SPCE,1.8 log10 @ 50% inhibition,,,,,,,,
Gujarat,,54.5,75.9,62.5,76.9,69.2,81.3,22,4,2013,2019,SPCE,1.8 log10 @ 50% inhibition,,,,,,,,
Gujarat,,59.5,74.4,62.7,76.4,74.9,80.0,22,5,2014,2019,SPCE,1.8 log10 @ 50% inhibition,,,,,,,,
Gujarat,,74.9,81.6,49.6,65.8,65.6,79.5,22,6,2014,2019,SPCE,1.8 log10 @ 50% inhibition,,,,,,,,
Gujarat,,60.0,73.1,61.6,74.6,72.4,80.6,22,7,2015,2019,SPCE,1.8 log10 @ 50% inhibition,,,,,,,,
Gujarat,,31.5,58.4,24.4,46.6,25.7,53.4,22,9,2016,2019,SPCE,1.8 log10 @ 50% inhibition,,,,,,,,
Gujarat,,31.7,57.7,23.9,48.0,24.3,52.6,22,10,2017,2019,SPCE,1.8 log10 @ 50% inhibition,,,,,,,,
Gujarat,,26.0,44.0,19.8,35.4,25.3,43.1,22,11,2017,2019,SPCE,1.8 log10 @ 50% inhibition,,,,,,,,
Gujarat,,21.9,48.9,15.4,37.8,24.3,50.3,22,12,2018,2019,SPCE,1.8 log10 @ 50% inhibition,,,,,,,,
Gujarat,,22.3,52.8,13.2,41.4,21.2,53.8,22,13,2018,2019,SPCE,1.8 log10 @ 50% inhibition,,,,,,,,
Gujarat,,29.5,53.3,19.4,37.4,26.1,49.9,22,14,2019,2019,SPCE,1.8 log10 @ 50% inhibition,,,,,,,,
Haryana,,42.7,76.9,32.4,69.8,29.7,61.6,26,1,2011,2019,SPCE,1.8 log10 @ 50% inhibition,2587,2573,1105,1979,838,1796,769,1586
Haryana,,41.8,72.3,38.1,72.3,28.1,59.3,26,2,2011,2019,SPCE,1.8 log10 @ 50% inhibition,2586,2594,1081,1876,986,1876,727,1537
Haryana,,42.7,70.6,43.6,72.4,25.4,61.5,26,3,2012,2019,SPCE,1.8 log10 @ 50% inhibition,2555,2562,1092,1809,1113,1856,650,1576
Haryana,,40.7,79.6,34.8,70.3,32.7,66.0,26,4,2012,2019,SPCE,1.8 log10 @ 50% inhibition,2565,2575,1043,2049,893,1811,840,1700
Haryana,,46.5,71.8,45.3,63.0,38.8,65.7,26,5,2013,2019,SPCE,1.8 log10 @ 50% inhibition,2600,2600,1210,1867,1178,1638,1010,1709
Haryana,,45.4,80.0,56.4,83.8,72.3,90.7,26,6,2013,2019,SPCE,1.8 log10 @ 50% inhibition,2580,2580,1171,2063,1455,2161,1865,2341
Haryana,,68.6,88.0,74.1,83.2,80.1,95.6,26,7,2014,2019,SPCE,1.8 log10 @ 50% inhibition,2558,2597,1755,2285,1895,2160,2050,2483
Haryana,,76.4,93.3,73.3,91.2,82.2,96.4,26,8,2014,2019,SPCE,1.8 log10 @ 50% inhibition,2600,2600,1987,2427,1907,2371,2138,2506
Haryana,,81.3,94.1,81.2,93.8,84.9,97.8,26,9,2015,2019,SPCE,1.8 log10 @ 50% inhibition,2600,2600,2113,2447,2112,2439,2208,2542
Haryana,,67.4,96.0,67.2,95.5,77.8,99.5,26,10,2015,2019,SPCE,1.8 log10 @ 50% inhibition,2000,200,1347,192,1343,191,1555,199
Haryana,,27.1,71.4,22.0,70.5,28.7,74.0,26,16,2019,2019,SPCE,1.8 log10 @ 50% inhibition,797,1383,216,988,175,975,229,1024
Haryana,,39.5,71.3,44.6,75.6,41.9,74.8,26,17,2019,2019,SPCE,1.8 log10 @ 50% inhibition,1200,1800,474,1284,535,1361,503,1347
Jammu & Kashmir,,16.4,46.4,14.6,29.3,12.9,18.7,26,1,2018,2019,SPCE,1.8 log10 @ 50% inhibition,,,,,,,,
Jammu & Kashmir,,20.0,,15.8,,10.7,,26,2,2019,2019,SPCE,1.8 log10 @ 50% inhibition,,,,,,,,
Karnataka,,83.0,97.0,88.0,94.0,93.0,98.0,18,7,2014,2019,SPCE,1.8 log10 @ 50% inhibition,,,,,,,,
Karnataka,,87.5,95.5,84.9,96.7,91.2,97.1,18,8,2015,2019,SPCE,1.8 log10 @ 50% inhibition,,,,,,,,
Karnataka,,73.5,87.8,65.3,86.0,74.9,89.9,18,9,2015,2019,SPCE,1.8 log10 @ 50% inhibition,,,,,,,,
Karnataka,,70.6,82.9,59.1,75.8,74.5,83.8,18,10,2016,2019,SPCE,1.8 log10 @ 50% inhibition,,,,,,,,
Karnataka,,67.9,82.0,63.0,78.0,71.8,80.7,18,11,2016,2019,SPCE,1.8 log10 @ 50% inhibition,,,,,,,,
Karnataka,,75.0,88.0,88.0,90.0,74.0,84.0,18,12,2017,2019,SPCE,1.8 log10 @ 50% inhibition,,,,,,,,
Karnataka,,52.5,69.7,45.8,61.2,51.0,65.9,18,13,2017,2019,SPCE,1.8 log10 @ 50% inhibition,,,,,,,,
Karnataka,,47.4,64.8,41.8,56.1,44.2,56.3,18,14,2018,2019,SPCE,1.8 log10 @ 50% inhibition,,,,,,,,
Karnataka,,36.1,61.6,31.8,49.8,37.4,53.8,18,15,2019,2019,SPCE,1.8 log10 @ 50% inhibition,,,,,,,,
Karnataka,,26.2,48.1,20.8,39.5,24.8,44.1,18,16,2019,2019,SPCE,1.8 log10 @ 50% inhibition,,,,,,,,
Kerala,,13.0,25.0,15.2,30.0,17.0,35.0,18,4,2013,2019,SPCE,1.8 log10 @ 50% inhibition,,,,,,,,
Kerala,,20.0,51.1,24.7,58.5,45.1,70.3,18,5,2013,2019,SPCE,1.8 log10 @ 50% inhibition,,,,,,,,
Kerala,,53.7,90.5,51.1,79.0,61.3,88.2,18,6,2014,2019,SPCE,1.8 log10 @ 50% inhibition,,,,,,,,
Kerala,,76.6,81.1,64.0,92.0,78.3,97.1,18,7,2014,2019,SPCE,1.8 log10 @ 50% inhibition,,,,,,,,
Kerala,,82.3,92.0,76.6,87.2,88.1,95.9,18,8,2015,2019,SPCE,1.8 log10 @ 50% inhibition,,,,,,,,
Kerala,,67.0,82.7,57.4,79.6,60.4,79.6,18,11,2016,2019,SPCE,1.8 log10 @ 50% inhibition,,,,,,,,
Kerala,,51.5,83.4,54.6,83.1,61.5,86.7,18,12,2017,2019,SPCE,1.8 log10 @ 50% inhibition,,,,,,,,
Kerala,,59.0,83.8,41.0,68.9,59.9,84.0,18,13,2018,2019,SPCE,1.8 log10 @ 50% inhibition,,,,,,,,
Kerala,,38.9,62.2,31.8,55.5,45.9,62.9,18,14,2019,2019,SPCE,1.8 log10 @ 50% inhibition,,,,,,,,
Kerala,,44.4,75.6,34.5,64.0,48.0,73.5,18,15,2019,2019,SPCE,1.8 log10 @ 50% inhibition,,,,,,,,
Madhya Pradesh,,11.0,27.5,8.5,20.3,7.6,22.0,20,1,2017,2019,SPCE,1.8 log10 @ 50% inhibition,,,,,,,,
Madhya Pradesh,,15.2,31.7,10.2,23.2,11.8,30.1,20,2,2017,2019,SPCE,1.8 log10 @ 50% inhibition,,,,,,,,
Madhya Pradesh,,14.5,30.3,9.6,22.5,11.6,28.0,20,3,2018,2019,SPCE,1.8 log10 @ 50% inhibition,,,,,,,,
Madhya Pradesh,,21.5,14.9,15.6,37.5,28.3,33.5,20,4,2018,2019,SPCE,1.8 log10 @ 50% inhibition,,,,,,,,
Maharashtra,,61.3,92.5,43.1,82.8,35.5,77.0,22,6,2014,2019,SPCE,1.8 log10 @ 50% inhibition,,,,,,,,
Maharashtra,,71.1,93.0,57.4,89.0,60.0,65.0,22,7,2014,2019,SPCE,1.8 log10 @ 50% inhibition,,,,,,,,
Maharashtra,,60.5,89.4,67.9,93.3,67.2,93.9,22,8,2015,2019,SPCE,1.8 log10 @ 50% inhibition,,,,,,,,
Maharashtra,,46.3,67.0,28.9,51.9,38.9,60.7,22,9,2015,2019,SPCE,1.8 log10 @ 50% inhibition,,,,,,,,
Maharashtra,,66.1,75.8,46.2,59.0,54.2,67.1,22,10,2016,2019,SPCE,1.8 log10 @ 50% inhibition,,,,,,,,
Maharashtra,,44.9,66.9,32.8,57.6,41.4,60.8,22,11,2017,2019,SPCE,1.8 log10 @ 50% inhibition,,,,,,,,
Maharashtra,,40.2,57.5,27.2,44.9,36.4,50.9,22,12,2018,2019,SPCE,1.8 log10 @ 50% inhibition,,,,,,,,
Maharashtra,,44.1,59.0,29.8,49.0,38.4,59.5,22,13,2018,2019,SPCE,1.8 log10 @ 50% inhibition,,,,,,,,
Maharashtra,,30.6,43.9,20.2,33.6,24.1,37.9,22,14,2019,2019,SPCE,1.8 log10 @ 50% inhibition,,,,,,,,
Manipur,,21.6,50.4,13.5,36.8,16.7,46.4,29,1,2018,2019,SPCE,1.8 log10 @ 50% inhibition,,,,,,,,
Manipur,,13.5,62.7,8.8,60.9,12.4,61.8,29,2,2019,2019,SPCE,1.8 log10 @ 50% inhibition,,,,,,,,
Mizoram,,29.4,62.5,23.5,54.0,34.5,60.5,29,1,2019,2019,SPCE,1.8 log10 @ 50% inhibition,,,,,,,,
Mizoram,,45.1,70.1,39.6,67.2,38.3,63.6,29,2,2019,2019,SPCE,1.8 log10 @ 50% inhibition,,,,,,,,
Andaman,,19.8,39.3,9.8,34.9,24.4,45.3,,NADCP 1,2020/2021,2021,SPCE,1.8 log10 @ 50% inhibition,328,516,65,203,32,180,80,234
Andhra Pradesh,,9.0,29.2,5.6,23.8,9.2,27.2,,NADCP 1,2020/2021,2021,SPCE,1.8 log10 @ 50% inhibition,2119,2116,191,618,119,504,195,576
Arunachal Pradesh,,2.7,,14.0,,1.1,,,NADCP 1,2020/2021,2021,SPCE,1.8 log10 @ 50% inhibition,186,,5,,26,,2,
Assam,,9.3,16.0,2.0,6.9,1.3,6.2,,NADCP 1,2020/2021,2021,SPCE,1.8 log10 @ 50% inhibition,1989,1401,185,224,40,97,26,87
Chhattisgarh,,17.0,35.6,10.9,22.9,11.5,22.7,,NADCP 1,2020/2021,2021,SPCE,1.8 log10 @ 50% inhibition,2152,2011,366,716,235,461,247,456
Delhi,,39.5,81.2,47.5,74.9,40.5,77.5,,NADCP 1,2020/2021,2021,SPCE,1.8 log10 @ 50% inhibition,200,191,79,155,95,143,81,148
Goa,,34.1,49.1,27.6,43.3,34.4,42.7,,NADCP 1,2020/2021,2021,SPCE,1.8 log10 @ 50% inhibition,735,735,251,361,203,318,253,314
Gujarat,,18.8,44.2,16.4,42.4,20.1,46.5,,NADCP 1,2020/2021,2021,SPCE,1.8 log10 @ 50% inhibition,2223,2223,418,983,365,943,447,1034
Haryana,,24.2,59.2,24.0,60.8,28.4,63.8,,NADCP 1,2020/2021,2021,SPCE,1.8 log10 @ 50% inhibition,2267,2271,549,1344,544,1381,644,1449
Himachal Pradesh,,2.9,9.0,3.5,7.3,1.2,4.0,,NADCP 1,2020/2021,2021,SPCE,1.8 log10 @ 50% inhibition,1504,2301,44,207,53,168,18,92
Jammu & Kashmir,,17.4,35.3,9.2,23.1,10.3,19.3,,NADCP 1,2020/2021,2021,SPCE,1.8 log10 @ 50% inhibition,1525,1276,265,450,140,295,157,246
Jharkhand,,9.0,29.1,3.4,13.2,4.7,16.7,,NADCP 1,2020/2021,2021,SPCE,1.8 log10 @ 50% inhibition,1506,492,136,143,51,65,71,82
Karnataka,,16.3,45.2,12.3,33.3,13.2,37.6,,NADCP 1,2020/2021,2021,SPCE,1.8 log10 @ 50% inhibition,2300,2303,375,1041,283,767,304,866
Kerala,,47.4,70.9,39.5,60.1,45.7,67.6,,NADCP 1,2020/2021,2021,SPCE,1.8 log10 @ 50% inhibition,2145,2145,1017,1521,847,1289,980,1450
Madhya Pradesh,,10.0,28.4,8.7,21.4,9.3,24.1,,NADCP 1,2020/2021,2021,SPCE,1.8 log10 @ 50% inhibition,4589,4589,459,1303,399,982,427,1106
Maharashtra,,17.5,36.3,14.4,29.5,16.2,32.3,,NADCP 1,2020/2021,2021,SPCE,1.8 log10 @ 50% inhibition,4346,4359,761,1582,626,1286,704,1408
Manipur,,9.7,45.8,7.1,40.8,7.2,36.8,,NADCP 1,2020/2021,2021,SPCE,1.8 log10 @ 50% inhibition,807,807,78,370,57,329,58,297
Meghalaya,,14.0,41.6,7.0,34.5,16.9,32.4,,NADCP 1,2020/2021,2021,SPCE,1.8 log10 @ 50% inhibition,586,586,82,244,41,202,99,190
Mizoram,,10.5,30.4,8.9,26.5,10.9,28.8,,NADCP 1,2020/2021,2021,SPCE,1.8 log10 @ 50% inhibition,838,838,88,255,75,222,91,241
Nagaland,,13.2,6.0,6.2,12.9,4.3,9.5,,NADCP 1,2020/2021,2021,SPCE,1.8 log10 @ 50% inhibition,726,419,96,25,45,54,31,40
Odisha,,12.7,36.0,8.8,20.5,7.3,17.8,,NADCP 1,2020/2021,2021,SPCE,1.8 log10 @ 50% inhibition,2262,2262,287,814,199,464,165,403
Pondichery,,84.1,89.3,78.6,80.3,84.8,89.2,,NADCP 1,2020/2021,2021,SPCE,1.8 log10 @ 50% inhibition,960,960,807,857,755,771,814,856
Punjab,,11.5,22.7,18.9,16.7,18.1,23.6,,NADCP 1,2020/2021,2021,SPCE,1.8 log10 @ 50% inhibition,2198,886,253,201,415,148,398,209
Rajasthan,,44.9,57.1,44.6,54.0,38.6,52.9,,NADCP 1,2020/2021,2021,SPCE,1.8 log10 @ 50% inhibition,1188,1188,533,678,530,642,459,628
Sikkim,,2.7,22.2,3.9,14.9,2.8,16.6,,NADCP 1,2020/2021,2021,SPCE,1.8 log10 @ 50% inhibition,999,743,27,165,39,111,28,123
Tamil Nadu,,37.0,70.3,27.5,60.8,27.8,61.8,,NADCP 1,2020/2021,2021,SPCE,1.8 log10 @ 50% inhibition,2246,2246,831,1579,618,1366,624,1388
Telangana,,20.7,52.4,14.5,49.1,20.5,55.0,,NADCP 1,2020/2021,2021,SPCE,1.8 log10 @ 50% inhibition,2210,2210,457,1158,320,1085,453,1216
Uttar Pradesh,,9.9,28.7,7.5,18.2,8.6,22.1,,NADCP 1,2020/2021,2021,SPCE,1.8 log10 @ 50% inhibition,7468,5975,739,1715,560,1087,642,1320
Uttarakhand,,4.2,24.3,3.8,17.5,3.0,23.1,,NADCP 1,2020/2021,2021,SPCE,1.8 log10 @ 50% inhibition,1320,1291,55,314,50,226,40,298
Total,,17.6,39.0,14.4,31.6,15.8,34.0,,NADCP 1,2020/2021,2021,SPCE,1.8 log10 @ 50% inhibition,53922,49340,9490,19243,7765,15591,8520,16776
Andaman,,19.8,39.3,9.8,34.9,24.4,45.3,,NADCP 1,2021,2021,SPCE,1.8 log10 @ 50% inhibition,328,516,65,203,32,180,80,234
Himachal Pradesh,,2.8,9.4,3.4,7.3,1.0,3.8,,NADCP 1,2021,2021,SPCE,1.8 log10 @ 50% inhibition,879,1273,25,120,30,93,9,48
Jammu & Kashmir,,NaN,24.5,NaN,19.4,NaN,18.7,,NADCP 1,2021,2021,SPCE,1.8 log10 @ 50% inhibition,0,139,0,34,0,27,0,26
Kerala,,53.9,71.1,45.4,58.4,51.2,66.6,,NADCP 1,2021,2021,SPCE,1.8 log10 @ 50% inhibition,1485,1349,800,959,674,788,761,898
Meghalaya,,14.0,41.6,7.0,34.5,16.9,32.4,,NADCP 1,2021,2021,SPCE,1.8 log10 @ 50% inhibition,586,586,82,244,41,202,99,190
Nagaland,,13.2,6.0,6.2,12.9,4.3,9.5,,NADCP 1,2021,2021,SPCE,1.8 log10 @ 50% inhibition,726,419,96,25,45,54,31,40
Pondichery,,84.1,89.3,78.6,80.3,84.8,89.2,,NADCP 1,2021,2021,SPCE,1.8 log10 @ 50% inhibition,960,960,807,857,755,771,814,856
Punjab,,17.0,22.7,13.2,16.7,15.1,23.6,,NADCP 1,2021,2021,SPCE,1.8 log10 @ 50% inhibition,53,886,9,201,7,148,8,209
Rajasthan,,44.9,57.1,44.6,54.0,38.6,52.9,,NADCP 1,2021,2021,SPCE,1.8 log10 @ 50% inhibition,1188,1188,533,678,530,642,459,628
Sikkim,,7.7,17.6,5.1,13.0,7.7,11.0,,NADCP 1,2021,2021,SPCE,1.8 log10 @ 50% inhibition,78,353,6,62,4,46,6,39
Total,,38.6,44.1,33.7,38.5,36.1,41.3,,NADCP 1,2021,2021,SPCE,1.8 log10 @ 50% inhibition,6283,7669,2423,3383,2118,2951,2267,3168
A&N Island,,19.8,39.3,9.8,34.9,24.4,45.3,,NADCP 1,2020,2020,SPCE,1.8 log10 @ 50% inhibition,328,516,65,203,32,180,80,234
Andhra Pradesh,,9.0,29.2,5.6,23.8,9.2,27.2,,NADCP 1,2020,2020,SPCE,1.8 log10 @ 50% inhibition,2119,2116,191,618,119,504,196,576
Arunachal Pradesh,,2.7,,14.0,,1.1,,,NADCP 1,2020,2020,SPCE,1.8 log10 @ 50% inhibition,186,,5,,26,,2,
Assam,,9.3,16.0,2.0,6.9,1.3,6.2,,NADCP 1,2020,2020,SPCE,1.8 log10 @ 50% inhibition,1989,1401,184,224,39,96,26,87
Chhattisgarh,,17.0,35.6,10.9,22.9,11.5,22.7,,NADCP 1,2020,2020,SPCE,1.8 log10 @ 50% inhibition,2152,2011,366,716,234,461,248,457
Delhi,,39.5,81.2,47.5,74.9,40.5,77.5,,NADCP 1,2020,2020,SPCE,1.8 log10 @ 50% inhibition,200,191,79,155,95,143,81,148
Goa,,34.1,49.1,27.6,43.3,34.4,42.7,,NADCP 1,2020,2020,SPCE,1.8 log10 @ 50% inhibition,735,735,251,361,203,318,253,314
Gujarat,,18.8,44.2,16.4,42.4,20.1,46.5,,NADCP 1,2020,2020,SPCE,1.8 log10 @ 50% inhibition,2223,2223,418,982,364,942,447,1033
Haryana,,24.2,59.2,24.0,60.8,28.4,63.8,,NADCP 1,2020,2020,SPCE,1.8 log10 @ 50% inhibition,2267,2271,549,1345,545,1380,643,1448
Himachal Pradesh,,3.0,8.5,3.7,7.3,1.4,4.3,,NADCP 1,2020,2020,SPCE,1.8 log10 @ 50% inhibition,625,1028,19,87,23,75,9,44
Jammu & Kashmir,,17.4,36.6,9.2,23.6,10.3,19.3,,NADCP 1,2020,2020,SPCE,1.8 log10 @ 50% inhibition,1525,1137,265,416,141,268,157,220
Jharkhand,,9.0,29.1,3.4,13.2,4.7,16.7,,NADCP 1,2020,2020,SPCE,1.8 log10 @ 50% inhibition,1506,492,135,143,51,65,71,82
Karnataka,,16.3,45.2,12.3,33.3,13.2,37.6,,NADCP 1,2020,2020,SPCE,1.8 log10 @ 50% inhibition,2300,2303,376,1042,284,766,304,865
Kerala,,32.9,70.6,26.2,62.9,33.2,69.3,,NADCP 1,2020,2020,SPCE,1.8 log10 @ 50% inhibition,660,796,217,562,173,501,219,552
Madhya Pradesh,,10.0,28.4,8.7,21.4,9.3,24.1,,NADCP 1,2020,2020,SPCE,1.8 log10 @ 50% inhibition,4589,4589,458,1304,397,983,428,1108
Maharashtra,,17.5,36.3,14.4,29.5,16.2,32.3,,NADCP 1,2020,2020,SPCE,1.8 log10 @ 50% inhibition,4346,4359,761,1581,627,1285,705,1410
Manipur,,9.7,45.8,7.1,40.8,7.2,36.8,,NADCP 1,2020,2020,SPCE,1.8 log10 @ 50% inhibition,807,807,78,370,57,329,58,297
Mizoram,,10.5,30.4,8.9,26.5,10.9,28.8,,NADCP 1,2020,2020,SPCE,1.8 log10 @ 50% inhibition,838,838,88,255,75,222,91,241
Odisha,,12.7,36.0,8.8,20.5,7.3,17.8,,NADCP 1,2020,2020,SPCE,1.8 log10 @ 50% inhibition,2262,2262,287,814,198,464,166,402
Punjab,,11.4,,19.0,,18.2,,,NADCP 1,2020,2020,SPCE,1.8 log10 @ 50% inhibition,2145,,244,,408,,390,
Sikkim,,2.3,26.4,3.8,16.7,2.4,21.5,,NADCP 1,2020,2020,SPCE,1.8 log10 @ 50% inhibition,921,390,21,103,35,65,22,84
Tamil Nadu,,37.0,70.3,27.5,60.8,27.8,61.8,,NADCP 1,2020,2020,SPCE,1.8 log10 @ 50% inhibition,2246,2246,832,1578,618,1366,625,1388
Telangana,,20.7,52.4,14.5,49.1,20.5,55.0,,NADCP 1,2020,2020,SPCE,1.8 log10 @ 50% inhibition,2210,2210,458,1157,321,1085,453,1215
Uttar Pradesh,,9.9,28.7,7.5,18.2,8.6,22.1,,NADCP 1,2020,2020,SPCE,1.8 log10 @ 50% inhibition,7468,5975,738,1714,559,1086,642,1323
Uttarakhand,,4.2,24.3,3.8,17.5,3.0,23.1,,NADCP 1,2020,2020,SPCE,1.8 log10 @ 50% inhibition,1320,1291,55,314,50,226,39,298
Total,,14.9,38.0,11.8,30.4,13.2,32.8,,NADCP 1,2020,2020,SPCE,1.8 log10 @ 50% inhibition,47967,42187,7140,16044,5674,12810,6355,13826
A&N Island,,19.8,39.3,9.8,34.9,24.4,45.3,,NADCP 1,2020,2020,SPCE,1.8 log10 @ 50% inhibition,328,516,65,203,32,180,80,234
Andhra Pradesh,,9.0,29.2,5.6,23.8,9.2,27.2,,NADCP 1,2020,2020,SPCE,1.8 log10 @ 50% inhibition,2119,2116,191,618,119,504,196,576
Arunachal Pradesh,,2.7,,14.0,,1.1,,,NADCP 1,2020,2020,SPCE,1.8 log10 @ 50% inhibition,186,,5,,26,,2,
Assam,,9.3,16.0,2.0,6.9,1.3,6.2,,NADCP 1,2020,2020,SPCE,1.8 log10 @ 50% inhibition,1989,1401,184,224,39,96,26,87
Chhattisgarh,,17.0,35.6,10.9,22.9,11.5,22.7,,NADCP 1,2020,2020,SPCE,1.8 log10 @ 50% inhibition,2152,2011,366,716,234,461,248,457
Delhi,,39.5,81.2,47.5,74.9,40.5,77.5,,NADCP 1,2020,2020,SPCE,1.8 log10 @ 50% inhibition,200,191,79,155,95,143,81,148
Goa,,34.1,49.1,27.6,43.3,34.4,42.7,,NADCP 1,2020,2020,SPCE,1.8 log10 @ 50% inhibition,735,735,251,361,203,318,253,314
Gujarat,,18.8,44.2,16.4,42.4,20.1,46.5,,NADCP 1,2020,2020,SPCE,1.8 log10 @ 50% inhibition,2223,2223,418,982,364,942,447,1033
Haryana,,24.2,59.2,24.0,60.8,28.4,63.8,,NADCP 1,2020,2020,SPCE,1.8 log10 @ 50% inhibition,2267,2271,549,1345,545,1380,643,1448
Himachal Pradesh,,3.0,8.5,3.7,7.3,1.4,4.3,,NADCP 1,2020,2020,SPCE,1.8 log10 @ 50% inhibition,625,1028,19,87,23,75,9,44
Jammu & Kashmir,,17.4,36.6,9.2,23.6,10.3,19.3,,NADCP 1,2020,2020,SPCE,1.8 log10 @ 50% inhibition,1525,1137,265,416,141,268,157,220
Jharkhand,,9.0,29.1,3.4,13.2,4.7,16.7,,NADCP 1,2020,2020,SPCE,1.8 log10 @ 50% inhibition,1506,492,135,143,51,65,71,82
Karnataka,,16.3,45.2,12.3,33.3,13.2,37.6,,NADCP 1,2020,2020,SPCE,1.8 log10 @ 50% inhibition,2300,2303,376,1042,284,766,304,865
Kerala,,32.9,70.6,26.2,62.9,33.2,69.3,,NADCP 1,2020,2020,SPCE,1.8 log10 @ 50% inhibition,660,796,217,562,173,501,219,552
Madhya Pradesh,,10.0,28.4,8.7,21.4,9.3,24.1,,NADCP 1,2020,2020,SPCE,1.8 log10 @ 50% inhibition,4589,4589,458,1304,397,983,428,1108
Maharashtra,,17.5,36.3,14.4,29.5,16.2,32.3,,NADCP 1,2020,2020,SPCE,1.8 log10 @ 50% inhibition,4346,4359,761,1581,627,1285,705,1410
Manipur,,9.7,45.8,7.1,40.8,7.2,36.8,,NADCP 1,2020,2020,SPCE,1.8 log10 @ 50% inhibition,807,807,78,370,57,329,58,297
Mizoram,,10.5,30.4,8.9,26.5,10.9,28.8,,NADCP 1,2020,2020,SPCE,1.8 log10 @ 50% inhibition,838,838,88,255,75,222,91,241
Odisha,,12.7,36.0,8.8,20.5,7.3,17.8,,NADCP 1,2020,2020,SPCE,1.8 log10 @ 50% inhibition,2262,2262,287,814,198,464,166,402
Punjab,,11.4,,19.0,,18.2,,,NADCP 1,2020,2020,SPCE,1.8 log10 @ 50% inhibition,2145,,244,,408,,390,
Sikkim,,2.3,26.4,3.8,16.7,2.4,21.5,,NADCP 1,2020,2020,SPCE,1.8 log10 @ 50% inhibition,921,390,21,103,35,65,22,84
Tamil Nadu,,37.0,70.3,27.5,60.8,27.8,61.8,,NADCP 1,2020,2020,SPCE,1.8 log10 @ 50% inhibition,2246,2246,832,1578,618,1366,625,1388
Telangana,,20.7,52.4,14.5,49.1,20.5,55.0,,NADCP 1,2020,2020,SPCE,1.8 log10 @ 50% inhibition,2210,2210,458,1157,321,1085,453,1215
Uttar Pradesh,,9.9,28.7,7.5,18.2,8.6,22.1,,NADCP 1,2020,2020,SPCE,1.8 log10 @ 50% inhibition,7468,5975,738,1714,559,1086,642,1323
Uttarakhand,,4.2,24.3,3.8,17.5,3.0,23.1,,NADCP 1,2020,2020,SPCE,1.8 log10 @ 50% inhibition,1320,1291,55,314,50,226,39,298
Total,,14.9,38.0,11.8,30.4,13.2,32.8,,NADCP 1,2020,2020,SPCE,1.8 log10 @ 50% inhibition,47967,42187,7140,16044,5674,12810,6355,13826
Andaman,,19.8,39.3,9.8,34.9,24.4,45.3,,NADCP 1,2021,2021,SPCE,1.8 log10 @ 50% inhibition,328,516,65,203,32,180,80,234
Himachal Pradesh,,2.8,9.4,3.4,7.3,1.0,3.8,,NADCP 1,2021,2021,SPCE,1.8 log10 @ 50% inhibition,879,1273,25,120,30,93,9,48
Jammu & Kashmir,,NaN,24.5,NaN,19.4,NaN,18.7,,NADCP 1,2021,2021,SPCE,1.8 log10 @ 50% inhibition,0,139,0,34,0,27,0,26
Kerala,,53.9,71.1,45.4,58.4,51.2,66.6,,NADCP 1,2021,2021,SPCE,1.8 log10 @ 50% inhibition,1485,1349,800,959,674,788,761,898
Meghalaya,,14.0,41.6,7.0,34.5,16.9,32.4,,NADCP 1,2021,2021,SPCE,1.8 log10 @ 50% inhibition,586,586,82,244,41,202,99,190
Nagaland,,13.2,6.0,6.2,12.9,4.3,9.5,,NADCP 1,2021,2021,SPCE,1.8 log10 @ 50% inhibition,726,419,96,25,45,54,31,40
Pondichery,,84.1,89.3,78.6,80.3,84.8,89.2,,NADCP 1,2021,2021,SPCE,1.8 log10 @ 50% inhibition,960,960,807,857,755,771,814,856
Punjab,,17.0,22.7,13.2,16.7,15.1,23.6,,NADCP 1,2021,2021,SPCE,1.8 log10 @ 50% inhibition,53,886,9,201,7,148,8,209
Rajasthan,,44.9,57.1,44.6,54.0,38.6,52.9,,NADCP 1,2021,2021,SPCE,1.8 log10 @ 50% inhibition,1188,1188,533,678,530,642,459,628
Sikkim,,7.7,17.6,5.1,13.0,7.7,11.0,,NADCP 1,2021,2021,SPCE,1.8 log10 @ 50% inhibition,78,353,6,62,4,46,6,39
Total,,38.6,44.1,33.7,38.5,36.1,41.3,,NADCP 1,2021,2021,SPCE,1.8 log10 @ 50% inhibition,6283,7669,2423,3383,2118,2951,2267,3168
A&N Island,,15.3,79.2,6.8,68.0,16.7,85.8,,NADCP 2,2021/2022,2022,SPCE,1.65 log10 @ 35% inhibition,472,472,72,374,32,321,79,405
Andhra Pradesh,,19.7,41.5,19.5,46.5,22.9,49.2,,NADCP 2,2021/2022,2022,SPCE,1.65 log10 @ 35% inhibition,2722,2716,536,1127,531,1263,623,1336
Arunachal Pradesh,,15.6,82.5,12.0,73.1,0.5,72.5,,NADCP 2,2021/2022,2022,SPCE,1.65 log10 @ 35% inhibition,417,342,65,282,50,250,2,248
Assam,,24.7,57.1,19.9,54.2,19.9,55.0,,NADCP 2,2021/2022,2022,SPCE,1.65 log10 @ 35% inhibition,1848,1848,456,1055,368,1002,368,1016
Bihar,,16.0,45.3,7.4,45.9,11.8,37.2,,NADCP 2,2021/2022,2022,SPCE,1.65 log10 @ 35% inhibition,2246,2117,359,959,166,972,265,788
Chandigarh,,35.5,75.5,32.0,68.0,40.0,79.0,,NADCP 2,2021/2022,2022,SPCE,1.65 log10 @ 35% inhibition,200,200,71,151,64,136,80,158
Chhattisgarh,,24.4,,16.6,,11.5,,,NADCP 2,2021/2022,2022,SPCE,1.65 log10 @ 35% inhibition,2209,,539,,367,,254,
Dadra and Nagar Haveli and Daman and Diu,,56.0,69.6,27.5,67.5,32.0,58.6,,NADCP 2,2021/2022,2022,SPCE,1.65 log10 @ 35% inhibition,200,191,112,133,55,129,64,112
Delhi,,73.1,88.7,65.0,86.1,65.0,89.6,,NADCP 2,2021/2022,2022,SPCE,1.65 log10 @ 35% inhibition,234,230,171,204,152,198,152,206
Goa,,48.4,77.8,35.1,79.8,43.2,84.8,,NADCP 2,2021/2022,2022,SPCE,1.65 log10 @ 35% inhibition,1289,1289,624,1003,452,1029,557,1093
Gujarat,,15.2,40.6,12.1,27.1,14.0,34.8,,NADCP 2,2021/2022,2022,SPCE,1.65 log10 @ 35% inhibition,2184,2184,332,887,264,592,306,760
Haryana,,36.4,68.8,34.7,67.9,43.2,72.9,,NADCP 2,2021/2022,2022,SPCE,1.65 log10 @ 35% inhibition,2289,2285,833,1572,794,1552,989,1666
Himachal Pradesh,,31.7,61.5,26.8,54.9,20.5,55.1,,NADCP 2,2021/2022,2022,SPCE,1.65 log10 @ 35% inhibition,619,1432,196,881,166,786,127,789
Jammu & Kashmir,,18.5,67.3,13.0,58.2,10.3,57.4,,NADCP 2,2021/2022,2022,SPCE,1.65 log10 @ 35% inhibition,1073,1048,199,705,139,610,111,602
Jharkhand,,33.7,,15.7,,36.1,,,NADCP 2,2021/2022,2022,SPCE,1.65 log10 @ 35% inhibition,83,,28,,13,,30,
Karnataka,,50.0,85.5,45.2,84.1,45.5,83.2,,NADCP 2,2021/2022,2022,SPCE,1.65 log10 @ 35% inhibition,2166,2173,1083,1858,979,1827,986,1808
Kerala,,35.7,72.7,33.7,69.2,37.0,72.5,,NADCP 2,2021/2022,2022,SPCE,1.65 log10 @ 35% inhibition,2182,2182,779,1586,735,1510,807,1582
Madhya Pradesh,,35.1,63.0,38.0,66.6,20.8,51.9,,NADCP 2,2021/2022,2022,SPCE,1.65 log10 @ 35% inhibition,1014,1014,356,639,385,675,211,526
Maharashtra,,31.4,76.3,33.5,79.7,31.2,77.8,,NADCP 2,2021/2022,2022,SPCE,1.65 log10 @ 35% inhibition,4420,4420,1388,3372,1481,3523,1379,3439
Meghalaya,,34.8,90.9,60.6,92.2,8.1,66.2,,NADCP 2,2021/2022,2022,SPCE,1.65 log10 @ 35% inhibition,198,154,69,140,120,142,16,102
Nagaland,,44.3,,28.1,,31.6,,,NADCP 2,2021/2022,2022,SPCE,1.65 log10 @ 35% inhibition,1056,,468,,297,,334,
Odisha,,13.4,89.9,12.5,87.9,12.7,87.0,,NADCP 2,2021/2022,2022,SPCE,1.65 log10 @ 35% inhibition,2262,2262,303,2034,283,1988,287,1968
Pondichery,,91.3,95.9,83.1,89.8,85.5,89.1,,NADCP 2,2021/2022,2022,SPCE,1.65 log10 @ 35% inhibition,883,883,806,847,734,793,755,787
Punjab,,33.2,66.1,29.5,66.7,30.2,68.1,,NADCP 2,2021/2022,2022,SPCE,1.65 log10 @ 35% inhibition,2196,2196,729,1452,648,1465,663,1495
Sikkim,,12.5,52.4,11.2,48.2,12.6,45.9,,NADCP 2,2021/2022,2022,SPCE,1.65 log10 @ 35% inhibition,1138,1016,142,532,127,490,143,466
Tamil Nadu,,51.4,78.3,36.5,68.5,40.6,70.3,,NADCP 2,2021/2022,2022,SPCE,1.65 log10 @ 35% inhibition,2327,2327,1196,1822,849,1594,945,1636
Telangana,,29.8,64.0,22.6,56.0,22.0,57.2,,NADCP 2,2021/2022,2022,SPCE,1.65 log10 @ 35% inhibition,2275,2275,678,1456,514,1274,500,1301
Uttar Pradesh,,33.0,54.6,22.0,57.1,25.2,45.3,,NADCP 2,2021/2022,2022,SPCE,1.65 log10 @ 35% inhibition,2433,2240,803,1223,535,1279,613,1015
Uttarakhand,,16.7,58.2,13.3,59.7,11.0,45.0,,NADCP 2,2021/2022,2022,SPCE,1.65 log10 @ 35% inhibition,1358,1236,227,719,181,738,149,556
West Bengal,,30.8,75.3,17.2,63.0,19.6,63.6,,NADCP 2,2021/2022,2022,SPCE,1.65 log10 @ 35% inhibition,803,814,247,613,138,513,157,518
Total,,31.0,66.5,25.9,64.1,26.7,63.5,,NADCP 2,2021/2022,2022,SPCE,1.65 log10 @ 35% inhibition,44796,41546,13887,27628,11602,26631,11961,26382
A&N Island,,10.2,79.2,5.6,68.0,13.9,85.8,,NADCP 2,2022,2022,SPCE,1.65 log10 @ 35% inhibition,108,472,11,374,6,321,15,405
Arunachal Pradesh,,15.6,82.5,12.0,73.1,0.5,72.5,,NADCP 2,2022,2022,SPCE,1.65 log10 @ 35% inhibition,417,342,65,282,50,250,2,248
Assam,,24.7,57.1,19.9,54.2,19.9,55.0,,NADCP 2,2022,2022,SPCE,1.65 log10 @ 35% inhibition,1848,1848,456,1055,368,1002,368,1016
Bihar,,16.0,45.3,7.4,45.9,11.8,37.2,,NADCP 2,2022,2022,SPCE,1.65 log10 @ 35% inhibition,2246,2117,359,959,166,972,265,788
Chhattisgarh,,24.4,NaN,16.6,NaN,11.5,NaN,,NADCP 2,2022,2022,SPCE,1.65 log10 @ 35% inhibition,2209,0,539,0,367,0,254,0
Dadra and Nagar Haveli and Daman and Diu,,56.0,69.6,27.5,67.5,32.0,58.6,,NADCP 2,2022,2022,SPCE,1.65 log10 @ 35% inhibition,200,191,112,133,55,129,64,112
Goa,,48.4,77.8,35.1,79.8,43.2,84.8,,NADCP 2,2022,2022,SPCE,1.65 log10 @ 35% inhibition,1289,1289,624,1003,452,1029,557,1093
Gujarat,,15.2,40.6,12.1,27.1,14.0,34.8,,NADCP 2,2022,2022,SPCE,1.65 log10 @ 35% inhibition,2184,2184,332,887,264,592,306,760
Himachal Pradesh,,31.7,58.6,26.8,51.8,20.5,49.9,,NADCP 2,2022,2022,SPCE,1.65 log10 @ 35% inhibition,619,1108,196,649,166,574,127,553
Jammu & Kashmir,,2.0,67.3,2.0,58.2,4.4,57.4,,NADCP 2,2022,2022,SPCE,1.65 log10 @ 35% inhibition,586,1048,12,705,12,610,26,602
Jharkhand,,33.7,NaN,15.7,NaN,36.1,NaN,,NADCP 2,2022,2022,SPCE,1.65 log10 @ 35% inhibition,83,0,28,0,13,0,30,0
Karnataka,,50.0,85.5,45.2,84.1,45.5,83.2,,NADCP 2,2022,2022,SPCE,1.65 log10 @ 35% inhibition,2166,2173,1083,1858,979,1827,986,1808
Kerala,,35.7,72.7,33.7,69.2,37.0,72.5,,NADCP 2,2022,2022,SPCE,1.65 log10 @ 35% inhibition,2182,2182,779,1586,735,1510,807,1582
Madhya Pradesh,,35.1,63.0,38.0,66.6,20.8,51.9,,NADCP 2,2022,2022,SPCE,1.65 log10 @ 35% inhibition,1014,1014,356,639,385,675,211,526
Maharashtra,,37.0,77.6,38.3,81.5,35.9,79.8,,NADCP 2,2022,2022,SPCE,1.65 log10 @ 35% inhibition,3341,3809,1236,2957,1278,3106,1201,3040
Meghalaya,,34.8,90.9,60.6,92.2,8.1,66.2,,NADCP 2,2022,2022,SPCE,1.65 log10 @ 35% inhibition,198,154,69,140,120,142,16,102
Nagaland,,44.3,NaN,28.1,NaN,31.6,NaN,,NADCP 2,2022,2022,SPCE,1.65 log10 @ 35% inhibition,1056,0,468,0,297,0,334,0
Odisha,,13.4,89.9,12.5,87.9,12.7,87.0,,NADCP 2,2022,2022,SPCE,1.65 log10 @ 35% inhibition,2262,2262,303,2034,283,1988,287,1968
Pondichery,,91.3,95.9,83.1,89.8,85.5,89.1,,NADCP 2,2022,2022,SPCE,1.65 log10 @ 35% inhibition,883,883,806,847,734,793,755,787
Punjab,,33.2,66.1,29.5,66.7,30.2,68.1,,NADCP 2,2022,2022,SPCE,1.65 log10 @ 35% inhibition,2196,2196,729,1452,648,1465,663,1495
Sikkim,,12.5,52.4,11.2,48.2,12.6,45.9,,NADCP 2,2022,2022,SPCE,1.65 log10 @ 35% inhibition,1138,1016,142,532,127,490,143,466
Tamil Nadu,,51.4,78.3,36.5,68.5,40.6,70.3,,NADCP 2,2022,2022,SPCE,1.65 log10 @ 35% inhibition,2327,2327,1196,1822,849,1594,945,1636
Telangana,,29.8,64.0,22.6,56.0,22.0,57.2,,NADCP 2,2022,2022,SPCE,1.65 log10 @ 35% inhibition,2275,2275,678,1456,514,1274,500,1301
Uttar Pradesh,,30.2,54.6,24.2,57.1,18.8,45.3,,NADCP 2,2022,2022,SPCE,1.65 log10 @ 35% inhibition,1554,2240,469,1223,376,1279,292,1015
Uttarakhand,,16.7,58.2,13.3,59.7,11.0,45.0,,NADCP 2,2022,2022,SPCE,1.65 log10 @ 35% inhibition,1358,1236,227,719,181,738,149,556
West Bengal,,30.8,75.3,17.2,63.0,19.6,63.6,,NADCP 2,2022,2022,SPCE,1.65 log10 @ 35% inhibition,803,814,247,613,138,513,157,518
Total,,31.5,68.0,26.2,65.0,25.9,63.6,,NADCP 2,2022,2022,SPCE,1.65 log10 @ 35% inhibition,36542,35180,11522,23925,9563,22873,9460,22377
A&N Island,,16.8,,7.1,,17.6,,,NADCP 2,2021,2021,SPCE,1.65 log10 @ 35% inhibition,364,,61,,26,,64,
Andhra Pradesh,,19.7,41.5,19.5,46.5,22.9,49.2,,NADCP 2,2021,2021,SPCE,1.65 log10 @ 35% inhibition,2722,2716,536,1127,531,1263,623,1336
Chandigarh,,35.5,75.5,32.0,68.0,40.0,79.0,,NADCP 2,2021,2021,SPCE,1.65 log10 @ 35% inhibition,200,200,71,151,64,136,80,158
Delhi,,73.1,88.7,65.0,86.1,65.0,89.6,,NADCP 2,2021,2021,SPCE,1.65 log10 @ 35% inhibition,234,230,171,204,152,198,152,206
Haryana,,36.4,68.8,34.7,67.9,43.2,72.9,,NADCP 2,2021,2021,SPCE,1.65 log10 @ 35% inhibition,2289,2285,833,1572,794,1552,989,1666
Himachal Pradesh,,,71.6,,65.4,,72.8,,NADCP 2,2021,2021,SPCE,1.65 log10 @ 35% inhibition,,324,,232,,212,,236
Jammu & Kashmir,,38.4,,26.1,,17.5,,,NADCP 2,2021,2021,SPCE,1.65 log10 @ 35% inhibition,487,,187,,127,,85,
Kamataka,,60.3,88.1,56.0,88.1,55.4,86.3,,NADCP 2,2021,2021,SPCE,1.65 log10 @ 35% inhibition,1196,1213,721,1069,670,1069,663,1047
Maharashtra,,14.1,67.9,18.8,68.2,16.5,65.3,,NADCP 2,2021,2021,SPCE,1.65 log10 @ 35% inhibition,1079,611,152,415,203,417,178,399
Uttar Pradesh,,38.0,,18.1,,36.5,,,NADCP 2,2021,2021,SPCE,1.65 log10 @ 35% inhibition,879,,334,,159,,321,
Total,,32.5,62.9,28.8,63.9,33.4,66.6,,NADCP 2,2021,2021,SPCE,1.65 log10 @ 35% inhibition,9450,7579,3071,4767,2722,4843,3156,5048
A&N Island,,16.8,,7.1,,17.6,,,NADCP 2,2021,2021,SPCE,1.65 log10 @ 35% inhibition,364,,61,,26,,64,
Andhra Pradesh,,19.7,41.5,19.5,46.5,22.9,49.2,,NADCP 2,2021,2021,SPCE,1.65 log10 @ 35% inhibition,2722,2716,536,1127,531,1263,623,1336
Chandigarh,,35.5,75.5,32.0,68.0,40.0,79.0,,NADCP 2,2021,2021,SPCE,1.65 log10 @ 35% inhibition,200,200,71,151,64,136,80,158
Delhi,,73.1,88.7,65.0,86.1,65.0,89.6,,NADCP 2,2021,2021,SPCE,1.65 log10 @ 35% inhibition,234,230,171,204,152,198,152,206
Haryana,,36.4,68.8,34.7,67.9,43.2,72.9,,NADCP 2,2021,2021,SPCE,1.65 log10 @ 35% inhibition,2289,2285,833,1572,794,1552,989,1666
Himachal Pradesh,,,71.6,,65.4,,72.8,,NADCP 2,2021,2021,SPCE,1.65 log10 @ 35% inhibition,,324,,232,,212,,236
Jammu & Kashmir,,38.4,,26.1,,17.5,,,NADCP 2,2021,2021,SPCE,1.65 log10 @ 35% inhibition,487,,187,,127,,85,
Kamataka,,60.3,88.1,56.0,88.1,55.4,86.3,,NADCP 2,2021,2021,SPCE,1.65 log10 @ 35% inhibition,1196,1213,721,1069,670,1069,663,1047
Maharashtra,,14.1,67.9,18.8,68.2,16.5,65.3,,NADCP 2,2021,2021,SPCE,1.65 log10 @ 35% inhibition,1079,611,152,415,203,417,178,399
Uttar Pradesh,,38.0,,18.1,,36.5,,,NADCP 2,2021,2021,SPCE,1.65 log10 @ 35% inhibition,879,,334,,159,,321,
Total,,32.5,62.9,28.8,63.9,33.4,66.6,,NADCP 2,2021,2021,SPCE,1.65 log10 @ 35% inhibition,9450,7579,3071,4767,2722,4843,3156,5048
A&N Island,,10.2,79.2,5.6,68.0,13.9,85.8,,NADCP 2,2022,2022,SPCE,1.65 log10 @ 35% inhibition,108,472,11,374,6,321,15,405
Arunachal Pradesh,,15.6,82.5,12.0,73.1,0.5,72.5,,NADCP 2,2022,2022,SPCE,1.65 log10 @ 35% inhibition,417,342,65,282,50,250,2,248
Assam,,24.7,57.1,19.9,54.2,19.9,55.0,,NADCP 2,2022,2022,SPCE,1.65 log10 @ 35% inhibition,1848,1848,456,1055,368,1002,368,1016
Bihar,,16.0,45.3,7.4,45.9,11.8,37.2,,NADCP 2,2022,2022,SPCE,1.65 log10 @ 35% inhibition,2246,2117,359,959,166,972,265,788
Chhattisgarh,,24.4,NaN,16.6,NaN,11.5,NaN,,NADCP 2,2022,2022,SPCE,1.65 log10 @ 35% inhibition,2209,0,539,0,367,0,254,0
Dadra and Nagar Haveli and Daman and Diu,,56.0,69.6,27.5,67.5,32.0,58.6,,NADCP 2,2022,2022,SPCE,1.65 log10 @ 35% inhibition,200,191,112,133,55,129,64,112
Goa,,48.4,77.8,35.1,79.8,43.2,84.8,,NADCP 2,2022,2022,SPCE,1.65 log10 @ 35% inhibition,1289,1289,624,1003,452,1029,557,1093
Gujarat,,15.2,40.6,12.1,27.1,14.0,34.8,,NADCP 2,2022,2022,SPCE,1.65 log10 @ 35% inhibition,2184,2184,332,887,264,592,306,760
Himachal Pradesh,,31.7,58.6,26.8,51.8,20.5,49.9,,NADCP 2,2022,2022,SPCE,1.65 log10 @ 35% inhibition,619,1108,196,649,166,574,127,553
Jammu & Kashmir,,2.0,67.3,2.0,58.2,4.4,57.4,,NADCP 2,2022,2022,SPCE,1.65 log10 @ 35% inhibition,586,1048,12,705,12,610,26,602
Jharkhand,,33.7,NaN,15.7,NaN,36.1,NaN,,NADCP 2,2022,2022,SPCE,1.65 log10 @ 35% inhibition,83,0,28,0,13,0,30,0
Karnataka,,50.0,85.5,45.2,84.1,45.5,83.2,,NADCP 2,2022,2022,SPCE,1.65 log10 @ 35% inhibition,2166,2173,1083,1858,979,1827,986,1808
Kerala,,35.7,72.7,33.7,69.2,37.0,72.5,,NADCP 2,2022,2022,SPCE,1.65 log10 @ 35% inhibition,2182,2182,779,1586,735,1510,807,1582
Madhya Pradesh,,35.1,63.0,38.0,66.6,20.8,51.9,,NADCP 2,2022,2022,SPCE,1.65 log10 @ 35% inhibition,1014,1014,356,639,385,675,211,526
Maharashtra,,37.0,77.6,38.3,81.5,35.9,79.8,,NADCP 2,2022,2022,SPCE,1.65 log10 @ 35% inhibition,3341,3809,1236,2957,1278,3106,1201,3040
Meghalaya,,34.8,90.9,60.6,92.2,8.1,66.2,,NADCP 2,2022,2022,SPCE,1.65 log10 @ 35% inhibition,198,154,69,140,120,142,16,102
Nagaland,,44.3,NaN,28.1,NaN,31.6,NaN,,NADCP 2,2022,2022,SPCE,1.65 log10 @ 35% inhibition,1056,0,468,0,297,0,334,0
Odisha,,13.4,89.9,12.5,87.9,12.7,87.0,,NADCP 2,2022,2022,SPCE,1.65 log10 @ 35% inhibition,2262,2262,303,2034,283,1988,287,1968
Pondichery,,91.3,95.9,83.1,89.8,85.5,89.1,,NADCP 2,2022,2022,SPCE,1.65 log10 @ 35% inhibition,883,883,806,847,734,793,755,787
Punjab,,33.2,66.1,29.5,66.7,30.2,68.1,,NADCP 2,2022,2022,SPCE,1.65 log10 @ 35% inhibition,2196,2196,729,1452,648,1465,663,1495
Sikkim,,12.5,52.4,11.2,48.2,12.6,45.9,,NADCP 2,2022,2022,SPCE,1.65 log10 @ 35% inhibition,1138,1016,142,532,127,490,143,466
Tamil Nadu,,51.4,78.3,36.5,68.5,40.6,70.3,,NADCP 2,2022,2022,SPCE,1.65 log10 @ 35% inhibition,2327,2327,1196,1822,849,1594,945,1636
Telangana,,29.8,64.0,22.6,56.0,22.0,57.2,,NADCP 2,2022,2022,SPCE,1.65 log10 @ 35% inhibition,2275,2275,678,1456,514,1274,500,1301
Uttar Pradesh,,30.2,54.6,24.2,57.1,18.8,45.3,,NADCP 2,2022,2022,SPCE,1.65 log10 @ 35% inhibition,1554,2240,469,1223,376,1279,292,1015
Uttarakhand,,16.7,58.2,13.3,59.7,11.0,45.0,,NADCP 2,2022,2022,SPCE,1.65 log10 @ 35% inhibition,1358,1236,227,719,181,738,149,556
West Bengal,,30.8,75.3,17.2,63.0,19.6,63.6,,NADCP 2,2022,2022,SPCE,1.65 log10 @ 35% inhibition,803,814,247,613,138,513,157,518
Total,,31.5,68.0,26.2,65.0,25.9,63.6,,NADCP 2,2022,2022,SPCE,1.65 log10 @ 35% inhibition,36542,35180,11522,23925,9563,22873,9460,22377
Haryana,,32.4,74.3,35.9,77.9,34.6,79.5,,NADCP 3,2022,2022,SPCE,1.65 log10 @ 35% inhibition,2145,2143,695,1592,770,1669,742,1704
Karnataka,,45.3,,42.3,,41.4,,,NADCP 3,2022,2022,SPCE,1.65 log10 @ 35% inhibition,1612,,730,,682,,667,
Total,,37.9,74.3,38.6,77.9,37.5,79.5,,NADCP 3,2022,2022,SPCE,1.65 log10 @ 35% inhibition,3757,2143,1424,1592,1450,1669,1409,1704
Odisha,,23.8,58.8,14.7,44.9,17.1,50.8,28,1,2017,2019,SPCE,1.8 log10 @ 50% inhibition,,,,,,,,
Odisha,,26.4,47.9,16.5,35.4,22.4,44.7,28,2,2018,2019,SPCE,1.8 log10 @ 50% inhibition,,,,,,,,
Odisha,,34.1,51.3,17.8,33.8,27.7,40.0,28,3,2018,2019,SPCE,1.8 log10 @ 50% inhibition,,,,,,,,
Odisha,,25.3,48.0,13.0,39.0,17.1,35.7,28,4,2019,2019,SPCE,1.8 log10 @ 50% inhibition,,,,,,,,
Odisha,,21.6,40.2,12.9,28.0,16.1,21.1,28,5,2019,2019,SPCE,1.8 log10 @ 50% inhibition,,,,,,,,
Andhra Pradesh,,83.9,96.3,72.5,86.9,84.8,92.3,,Organized farms,2021,2021,SPCE,1.8 log10 @ 50% inhibition,429,480,360,462,311,417,364,443
Chhattisgarh,,65.1,79.3,61.4,87.8,57.8,67.1,,Organized farms,2021,2021,SPCE,1.8 log10 @ 50% inhibition,83,82,54,65,51,72,48,55
Gujarat,,63.2,95.0,53.5,79.2,63.2,77.4,,Organized farms,2021,2021,SPCE,1.8 log10 @ 50% inhibition,340,159,215,151,182,126,215,123
Haryana,,89.9,95.8,79.7,92.4,89.0,95.7,,Organized farms,2021,2021,SPCE,1.8 log10 @ 50% inhibition,1283,1574,1153,1508,1023,1454,1142,1506
Himachal Pradesh,,84.4,92.2,53.1,81.3,32.8,54.7,,Organized farms,2021,2021,SPCE,1.8 log10 @ 50% inhibition,64,64,54,59,34,52,21,35
Kerala,,84.5,92.6,73.0,86.8,85.5,91.6,,Organized farms,2021,2021,SPCE,1.8 log10 @ 50% inhibition,882,901,745,834,644,782,754,825
Madhya Pradesh,,66.7,90.7,61.2,79.0,78.4,91.2,,Organized farms,2021,2021,SPCE,1.8 log10 @ 50% inhibition,402,601,268,545,246,475,315,548
Tamil Nadu,,87.6,97.1,69.5,96.2,77.1,93.3,,Organized farms,2021,2021,SPCE,1.8 log10 @ 50% inhibition,105,105,92,102,73,101,81,98
Uttar Pradesh,,72.1,83.4,69.6,72.8,89.2,87.6,,Organized farms,2021,2021,SPCE,1.8 log10 @ 50% inhibition,240,169,173,141,167,123,214,148
West Bengal,,88.2,94.5,91.8,97.3,93.6,97.3,,Organized farms,2021,2021,SPCE,1.8 log10 @ 50% inhibition,110,110,97,104,101,107,103,107
Total,,81.6,93.6,71.9,87.4,82.7,91.6,,Organized farms,2021,2021,SPCE,1.8 log10 @ 50% inhibition,3938,4245,3213,3973,2831,3710,3257,3888
Andhra Pradesh,,98.6,97.9,96.2,96.6,98.6,100.0,,Organized farms,2022,2022,SPCE,1.65 log10 @ 35% inhibition,501,326,494,319,482,315,494,326
Chhattisgarh,,78.5,100.0,68.8,100.0,74.2,100.0,,Organized farms,2022,2022,SPCE,1.65 log10 @ 35% inhibition,93,68,73,68,64,68,69,68
Gujarat,,100.0,100.0,98.7,94.3,93.1,95.0,,Organized farms,2022,2022,SPCE,1.65 log10 @ 35% inhibition,379,562,379,562,374,530,353,534
Haryana,,93.6,98.5,93.3,98.7,93.0,98.8,,Organized farms,2022,2022,SPCE,1.65 log10 @ 35% inhibition,644,868,603,855,601,857,599,858
Himachal Pradesh,,96.1,95.8,97.1,97.2,96.1,96.5,,Organized farms,2022,2022,SPCE,1.65 log10 @ 35% inhibition,103,144,99,138,100,140,99,139
Karnataka,,94.1,99.4,94.9,99.4,94.3,99.4,,Organized farms,2022,2022,SPCE,1.65 log10 @ 35% inhibition,370,339,348,337,351,337,349,337
Kerala,,90.9,91.8,88.4,91.7,90.6,92.0,,Organized farms,2022,2022,SPCE,1.65 log10 @ 35% inhibition,1305,1295,1186,1189,1154,1188,1182,1191
Madhya Pradesh,,92.5,99.5,90.8,97.7,92.5,97.5,,Organized farms,2022,2022,SPCE,1.65 log10 @ 35% inhibition,401,398,371,396,364,389,371,388
Maharashtra,,92.2,100.0,91.9,100.0,91.5,100.0,,Organized farms,2022,2022,SPCE,1.65 log10 @ 35% inhibition,283,240,261,240,260,240,259,240
Odisha,,28.6,90.5,23.8,90.5,19.0,85.7,,Organized farms,2022,2022,SPCE,1.65 log10 @ 35% inhibition,21,21,6,19,5,19,4,18
Tamil Nadu,,97.6,98.8,92.7,97.6,97.4,98.8,,Organized farms,2022,2022,SPCE,1.65 log10 @ 35% inhibition,547,500,534,494,507,488,533,494
Telangana,,14.3,99.0,0.0,95.8,0.0,99.0,,Organized farms,2022,2022,SPCE,1.65 log10 @ 35% inhibition,14,96,2,95,0,92,0,95
Uttar Pradesh,,84.2,90.3,91.9,90.0,93.0,97.9,,Organized farms,2022,2022,SPCE,1.65 log10 @ 35% inhibition,570,339,480,306,524,305,530,332
Uttarakhand,,93.2,95.5,93.2,95.5,100.0,100.0,,Organized farms,2022,2022,SPCE,1.65 log10 @ 35% inhibition,44,44,41,42,41,42,44,44
Total,,92.5,96.6,91.5,95.6,92.6,96.6,,Organized farms,2022,2022,SPCE,1.65 log10 @ 35% inhibition,5275,5240,4879,5062,4827,5009,4885,5062
Pondichery,,42.1,52.6,26.3,36.8,,21.1,31,2,2012,2019,SPCE,1.8 log10 @ 50% inhibition,,,,,,,,
Pondichery,,45.7,63.0,15.2,43.5,56.5,65.2,31,3,2013,2019,SPCE,1.8 log10 @ 50% inhibition,,,,,,,,
Pondichery,,87.0,96.3,74.0,94.3,87.0,95.5,31,6,2014,2019,SPCE,1.8 log10 @ 50% inhibition,,,,,,,,
Pondichery,,95.1,96.0,60.4,86.0,93.0,95.1,31,7,2015,2019,SPCE,1.8 log10 @ 50% inhibition,,,,,,,,
Pondichery,,88.0,94.9,73.5,86.5,85.8,92.7,31,11,2016,2019,SPCE,1.8 log10 @ 50% inhibition,,,,,,,,
Pondichery,,95.8,98.1,85.7,89.8,94.7,95.5,31,12,2017,2019,SPCE,1.8 log10 @ 50% inhibition,,,,,,,,
Pondichery,,58.7,75.5,49.8,60.8,69.0,78.4,31,13,2017,2019,SPCE,1.8 log10 @ 50% inhibition,,,,,,,,
Pondichery,,69.8,82.3,49.6,80.2,73.4,89.1,31,14,2018,2019,SPCE,1.8 log10 @ 50% inhibition,,,,,,,,
Pondichery,,63.9,73.6,41.3,69.8,83.3,93.4,31,15,2018,2019,SPCE,1.8 log10 @ 50% inhibition,,,,,,,,
Pondichery,,69.0,85.2,57.2,74.5,77.9,90.3,31,16,2019,2019,SPCE,1.8 log10 @ 50% inhibition,,,,,,,,
Punjab,,65.5,70.7,62.7,68.2,63.2,81.7,25,3,2013,2019,SPCE,1.8 log10 @ 50% inhibition,,,,,,,,
Punjab,,55.6,75.5,68.1,48.8,74.6,87.6,25,4,2013,2019,SPCE,1.8 log10 @ 50% inhibition,,,,,,,,
Punjab,,55.1,68.2,68.8,81.5,84.1,94.0,25,5,2014,2019,SPCE,1.8 log10 @ 50% inhibition,,,,,,,,
Punjab,,66.7,71.2,76.0,80.7,84.5,92.1,25,6,2014,2019,SPCE,1.8 log10 @ 50% inhibition,,,,,,,,
Punjab,,67.8,75.8,64.1,74.4,64.2,77.7,25,7,2015,2019,SPCE,1.8 log10 @ 50% inhibition,,,,,,,,
Punjab,,71.8,79.7,65.7,73.9,60.2,70.2,25,8,2015,2019,SPCE,1.8 log10 @ 50% inhibition,,,,,,,,
Punjab,,63.7,76.1,49.1,62.2,61.4,70.2,25,10,2016,2019,SPCE,1.8 log10 @ 50% inhibition,,,,,,,,
Punjab,,41.4,62.4,40.8,55.6,40.5,55.3,25,11,2017,2019,SPCE,1.8 log10 @ 50% inhibition,,,,,,,,
Punjab,,40.5,63.8,34.4,58.8,36.7,50.7,25,12,2018,2019,SPCE,1.8 log10 @ 50% inhibition,,,,,,,,
Punjab,,31.4,39.0,30.6,45.9,26.7,38.1,25,13,2018,2019,SPCE,1.8 log10 @ 50% inhibition,,,,,,,,
Rajasthan,,53.6,83.3,60.1,71.1,63.9,72.1,23,2,2016,2019,SPCE,1.8 log10 @ 50% inhibition,,,,,,,,
Rajasthan,,67.1,96.2,74.0,83.2,91.6,89.5,23,3,2016,2019,SPCE,1.8 log10 @ 50% inhibition,,,,,,,,
Rajasthan,,31.0,54.6,29.0,51.2,22.5,44.7,23,5,2017,2019,SPCE,1.8 log10 @ 50% inhibition,,,,,,,,
Rajasthan,,25.7,45.0,17.4,33.4,20.0,31.9,23,6,2018,2019,SPCE,1.8 log10 @ 50% inhibition,,,,,,,,
Rajasthan,,17.6,37.4,11.5,30.3,12.6,25.7,23,7,2019,2019,SPCE,1.8 log10 @ 50% inhibition,,,,,,,,
Rajasthan,,20.4,42.0,16.6,33.9,11.3,20.0,23,8,2019,2019,SPCE,1.8 log10 @ 50% inhibition,,,,,,,,
Tamil Nadu,,83.3,96.6,78.4,94.2,87.1,97.5,17,7,2014,2019,SPCE,1.8 log10 @ 50% inhibition,,,,,,,,
Tamil Nadu,,85.6,98.2,83.6,97.8,91.3,98.8,17,8,2015,2019,SPCE,1.8 log10 @ 50% inhibition,,,,,,,,
Tamil Nadu,,86.2,97.3,81.7,95.7,86.7,98.2,17,9,2015,2019,SPCE,1.8 log10 @ 50% inhibition,,,,,,,,
Tamil Nadu,,64.4,83.4,56.4,78.9,70.1,86.5,17,11,2016,2019,SPCE,1.8 log10 @ 50% inhibition,,,,,,,,
Tamil Nadu,,59.3,77.0,52.5,74.5,61.0,77.6,17,12,2017,2019,SPCE,1.8 log10 @ 50% inhibition,,,,,,,,
Tamil Nadu,,62.2,84.7,52.8,76.8,59.5,80.1,17,13,2017,2019,SPCE,1.8 log10 @ 50% inhibition,,,,,,,,
Tamil Nadu,,53.5,78.4,45.7,70.2,52.3,74.8,17,14,2018,2019,SPCE,1.8 log10 @ 50% inhibition,,,,,,,,
Tamil Nadu,,47.3,77.4,40.2,69.2,51.7,73.9,17,15,2018,2019,SPCE,1.8 log10 @ 50% inhibition,,,,,,,,
Tamil Nadu,,53.5,75.7,41.3,63.3,47.5,60.1,17,16,2019,2019,SPCE,1.8 log10 @ 50% inhibition,,,,,,,,
Tamil Nadu,,40.3,78.6,36.8,75.0,36.4,72.2,17,17,2019,2019,SPCE,1.8 log10 @ 50% inhibition,,,,,,,,
Telangana,,77.4,94.9,83.4,94.5,77.5,95.3,20,7,2014,2019,SPCE,1.8 log10 @ 50% inhibition,,,,,,,,
Telangana,,88.7,94.7,78.4,89.2,86.9,93.5,20,8,2015,2019,SPCE,1.8 log10 @ 50% inhibition,,,,,,,,
Telangana,,81.7,84.7,74.1,91.5,84.7,94.8,20,9,2015,2019,SPCE,1.8 log10 @ 50% inhibition,,,,,,,,
Telangana,,66.8,76.7,57.4,71.4,65.5,74.3,20,10,2016,2019,SPCE,1.8 log10 @ 50% inhibition,,,,,,,,
Telangana,,61.9,77.8,56.4,69.0,57.9,79.3,20,11,2017,2019,SPCE,1.8 log10 @ 50% inhibition,,,,,,,,
Telangana,,73.0,86.9,60.0,72.3,65.1,81.5,20,12,2017,2019,SPCE,1.8 log10 @ 50% inhibition,,,,,,,,
Telangana,,55.9,75.9,44.3,69.7,53.1,74.4,20,13,2018,2019,SPCE,1.8 log10 @ 50% inhibition,,,,,,,,
Telangana,,49.2,78.3,37.7,63.4,52.6,76.7,20,14,2018,2019,SPCE,1.8 log10 @ 50% inhibition,,,,,,,,
Telangana,,53.4,82.5,46.6,75.9,54.5,82.7,20,15,2019,2019,SPCE,1.8 log10 @ 50% inhibition,,,,,,,,
Telangana,,57.0,79.3,48.3,75.8,57.9,78.9,20,16,2019,2019,SPCE,1.8 log10 @ 50% inhibition,,,,,,,,
Uttar Pradesh,,20.5,34.4,15.7,28.3,20.0,34.8,24,6,2017,2019,SPCE,1.8 log10 @ 50% inhibition,,,,,,,,
Uttar Pradesh,,16.7,30.8,13.9,24.5,18.9,32.4,24,7,2018,2019,SPCE,1.8 log10 @ 50% inhibition,,,,,,,,
Uttar Pradesh,,20.9,38.1,16.2,28.8,24.1,41.9,24,8,2018,2019,SPCE,1.8 log10 @ 50% inhibition,,,,,,,,
Uttar Pradesh,,17.2,38.6,12.4,33.7,17.5,40.2,24,9,2019,2019,SPCE,1.8 log10 @ 50% inhibition,,,,,,,,
Uttarakhand,,16.0,18.6,9.2,9.8,12.0,13.4,24,1,2017,2019,SPCE,1.8 log10 @ 50% inhibition,,,,,,,,
Uttarakhand,,18.6,17.5,26.1,12.1,26.7,12.1,24,2,2017,2019,SPCE,1.8 log10 @ 50% inhibition,,,,,,,,
Uttarakhand,,14.9,18.7,8.7,10.1,11.8,12.4,24,3,2018,2019,SPCE,1.8 log10 @ 50% inhibition,,,,,,,,
Uttarakhand,,15.3,17.6,12.7,15.2,13.7,14.1,24,4,2018,2019,SPCE,1.8 log10 @ 50% inhibition,,,,,,,,
Uttarakhand,,13.2,22.1,7.9,15.5,10.9,16.5,24,5,2019,2019,SPCE,1.8 log10 @ 50% inhibition,,,,,,,,
West Bengal,,26.8,35.8,17.3,22.0,19.5,27.2,27,1,2017,2019,SPCE,1.8 log10 @ 50% inhibition,,,,,,,,
West Bengal,,19.2,40.5,13.1,25.4,11.2,23.1,27,2,2017,2019,SPCE,1.8 log10 @ 50% inhibition,,,,,,,,
West Bengal,,22.9,42.5,11.3,22.9,15.5,29.0,27,3,2018,2019,SPCE,1.8 log10 @ 50% inhibition,,,,,,,,
Andhra Pradesh,AP,72.3,86.8,55.3,82.2,69.0,87.1,19,8,2015,2019,SPCE,1.8 log10 @ 50% inhibition,,,,,,,,
Andhra Pradesh,AP,52.9,71.9,37.0,58.8,47.9,71.8,19,9,2015,2019,SPCE,1.8 log10 @ 50% inhibition,,,,,,,,
Andhra Pradesh,AP,61.9,75.7,50.2,66.8,54.9,69.1,19,10,2016,2019,SPCE,1.8 log10 @ 50% inhibition,,,,,,,,
Andhra Pradesh,AP,51.4,63.8,35.8,54.0,44.2,63.0,19,11,2016,2019,SPCE,1.8 log10 @ 50% inhibition,,,,,,,,
Andhra Pradesh,AP,48.9,60.3,30.3,45.0,45.9,60.8,19,12,2017,2019,SPCE,1.8 log10 @ 50% inhibition,,,,,,,,
Andhra Pradesh,AP,35.6,55.8,30.7,51.6,40.0,60.0,19,13,2017,2019,SPCE,1.8 log10 @ 50% inhibition,,,,,,,,
Andhra Pradesh,AP,35.7,58.5,28.2,50.3,38.7,56.6,19,14,2018,2019,SPCE,1.8 log10 @ 50% inhibition,,,,,,,,
Andhra Pradesh,AP,45.0,75.7,31.0,66.0,46.5,72.4,19,15,2018,2019,SPCE,1.8 log10 @ 50% inhibition,,,,,,,,
Andhra Pradesh,AP,43.1,70.5,29.6,57.7,47.3,68.4,19,16,2019,2019,SPCE,1.8 log10 @ 50% inhibition,,,,,,,,
Andhra Pradesh,AP,36.5,61.4,28.4,54.3,43.9,65.5,19,17,2019,2019,SPCE,1.8 log10 @ 50% inhibition,,,,,,,,
Bihar,BR,,11.0,,7.8,,4.8,27,4,2017,2019,SPCE,1.8 log10 @ 50% inhibition,,,,,,,,
Bihar,BR,3.6,9.3,2.4,7.2,2.2,5.6,27,5,2018,2019,SPCE,1.8 log10 @ 50% inhibition,,,,,,,,
Bihar,BR,0.0,4.6,0.0,3.8,0.0,2.7,27,7,2019,2019,SPCE,1.8 log10 @ 50% inhibition,,,,,,,,
Chhattisgarh,CG,29.2,43.9,17.3,31.4,27.9,39.3,21,1,2018,2019,SPCE,1.8 log10 @ 50% inhibition,,,,,,,,
Chhattisgarh,CG,34.3,46.9,17.8,34.2,34.8,50.5,21,2,2018,2019,SPCE,1.8 log10 @ 50% inhibition,,,,,,,,
Chhattisgarh,CG,24.4,47.6,16.5,30.7,20.8,46.8,21,3,2019,2019,SPCE,1.8 log10 @ 50% inhibition,,,,,,,,
Chhattisgarh,CG,28.2,50.9,20.3,42.3,23.9,44.3,21,4,2019,2019,SPCE,1.8 log10 @ 50% inhibition,,,,,,,,
A&N Island,,21.3,49.9,23.0,52.6,29.9,60.7,31,15,2013,2019,SPCE,1.8 log10 @ 50% inhibition,,,,,,,,
A&N Island,,41.5,62.2,45.8,79.3,50.0,74.3,31,16,2014,2019,SPCE,1.8 log10 @ 50% inhibition,,,,,,,,
A&N Island,,42.3,69.2,58.0,82.0,55.0,78.0,31,17,2014,2019,SPCE,1.8 log10 @ 50% inhibition,,,,,,,,
A&N Island,,62.9,82.3,67.9,85.9,82.3,92.3,31,18,2015,2019,SPCE,1.8 log10 @ 50% inhibition,,,,,,,,
A&N Island,,60.6,73.1,63.8,87.9,72.7,86.7,31,19,2015,2019,SPCE,1.8 log10 @ 50% inhibition,,,,,,,,
A&N Island,,14.6,33.9,16.4,28.8,24.4,37.8,31,20,2016,2019,SPCE,1.8 log10 @ 50% inhibition,,,,,,,,
A&N Island,,17.7,34.3,14.9,19.4,19.1,38.8,31,21,2016,2019,SPCE,1.8 log10 @ 50% inhibition,,,,,,,,
A&N Island,,18.6,40.9,15.8,37.2,20.9,44.1,31,22,2017,2019,SPCE,1.8 log10 @ 50% inhibition,,,,,,,,
A&N Island,,21.8,40.4,12.7,27.3,22.7,43.3,31,23,2018,2019,SPCE,1.8 log10 @ 50% inhibition,,,,,,,,
A&N Island,,25.1,55.2,9.6,46.9,29.7,61.8,31,24,2019,2019,SPCE,1.8 log10 @ 50% inhibition,,,,,,,,
Andhra Pradesh,,72.3,86.8,55.3,82.2,69.0,87.1,19,8,2015,2019,SPCE,1.8 log10 @ 50% inhibition,,,,,,,,
Andhra Pradesh,,52.9,71.9,37.0,58.8,47.9,71.8,19,9,2015,2019,SPCE,1.8 log10 @ 50% inhibition,,,,,,,,
Andhra Pradesh,,61.9,75.7,50.2,66.8,54.9,69.1,19,10,2016,2019,SPCE,1.8 log10 @ 50% inhibition,,,,,,,,
Andhra Pradesh,,51.4,63.8,35.8,54.0,44.2,63.0,19,11,2016,2019,SPCE,1.8 log10 @ 50% inhibition,,,,,,,,
Andhra Pradesh,,48.9,60.3,30.3,45.0,45.9,60.8,19,12,2017,2019,SPCE,1.8 log10 @ 50% inhibition,,,,,,,,
Andhra Pradesh,,35.6,55.8,30.7,51.6,40.0,60.0,19,13,2017,2019,SPCE,1.8 log10 @ 50% inhibition,,,,,,,,
Andhra Pradesh,,35.7,58.5,28.2,50.3,38.7,56.6,19,14,2018,2019,SPCE,1.8 log10 @ 50% inhibition,,,,,,,,
Andhra Pradesh,,45.0,75.7,31.0,66.0,46.5,72.4,19,15,2018,2019,SPCE,1.8 log10 @ 50% inhibition,,,,,,,,
Andhra Pradesh,,43.1,70.5,29.6,57.7,47.3,68.4,19,16,2019,2019,SPCE,1.8 log10 @ 50% inhibition,,,,,,,,
Andhra Pradesh,,36.5,61.4,28.4,54.3,43.9,65.5,19,17,2019,2019,SPCE,1.8 log10 @ 50% inhibition,,,,,,,,
Bihar,,,11.0,,7.8,,4.8,27,4,2017,2019,SPCE,1.8 log10 @ 50% inhibition,,,,,,,,
Bihar,,3.6,9.3,2.4,7.2,2.2,5.6,27,5,2018,2019,SPCE,1.8 log10 @ 50% inhibition,,,,,,,,
Bihar,,0.0,4.6,0.0,3.8,0.0,2.7,27,7,2019,2019,SPCE,1.8 log10 @ 50% inhibition,,,,,,,,
Chhattisgarh,,29.2,43.9,17.3,31.4,27.9,39.3,21,1,2018,2019,SPCE,1.8 log10 @ 50% inhibition,,,,,,,,
Chhattisgarh,,34.3,46.9,17.8,34.2,34.8,50.5,21,2,2018,2019,SPCE,1.8 log10 @ 50% inhibition,,,,,,,,
Chhattisgarh,,24.4,47.6,16.5,30.7,20.8,46.8,21,3,2019,2019,SPCE,1.8 log10 @ 50% inhibition,,,,,,,,
Chhattisgarh,,28.2,50.9,20.3,42.3,23.9,44.3,21,4,2019,2019,SPCE,1.8 log10 @ 50% inhibition,,,,,,,,
Goa,,47.4,82.1,64.3,86.1,54.4,86.0,30,3,2013,2019,SPCE,1.8 log10 @ 50% inhibition,,,,,,,,
Goa,,45.1,77.0,58.5,86.0,57.0,85.1,30,4,2013,2019,SPCE,1.8 log10 @ 50% inhibition,,,,,,,,
Goa,,85.9,98.9,77.1,96.3,51.7,90.1,30,5,2014,2019,SPCE,1.8 log10 @ 50% inhibition,,,,,,,,
Goa,,71.2,97.6,56.9,91.1,63.3,92.5,30,6,2014,2019,SPCE,1.8 log10 @ 50% inhibition,,,,,,,,
Goa,,65.3,93.0,67.8,98.1,76.4,98.6,30,7,2015,2019,SPCE,1.8 log10 @ 50% inhibition,,,,,,,,
Goa,,43.3,71.8,33.0,68.3,36.5,67.0,30,11,2017,2019,SPCE,1.8 log10 @ 50% inhibition,,,,,,,,
Goa,,43.5,64.8,29.8,55.8,33.0,58.0,30,12,2017,2019,SPCE,1.8 log10 @ 50% inhibition,,,,,,,,
Goa,,36.5,43.5,34.8,39.0,38.3,43.3,30,13,2018,2019,SPCE,1.8 log10 @ 50% inhibition,,,,,,,,
Goa,,31.3,49.8,26.3,41.0,38.5,48.5,30,14,2018,2019,SPCE,1.8 log10 @ 50% inhibition,,,,,,,,
Goa,,40.8,54.0,33.3,46.8,36.5,50.5,30,15,2019,2019,SPCE,1.8 log10 @ 50% inhibition,,,,,,,,
Gujarat,,54.5,75.9,62.5,76.9,69.2,81.3,22,4,2013,2019,SPCE,1.8 log10 @ 50% inhibition,,,,,,,,
Gujarat,,59.5,74.4,62.7,76.4,74.9,80.0,22,5,2014,2019,SPCE,1.8 log10 @ 50% inhibition,,,,,,,,
Gujarat,,74.9,81.6,49.6,65.8,65.6,79.5,22,6,2014,2019,SPCE,1.8 log10 @ 50% inhibition,,,,,,,,
Gujarat,,60.0,73.1,61.6,74.6,72.4,80.6,22,7,2015,2019,SPCE,1.8 log10 @ 50% inhibition,,,,,,,,
Gujarat,,31.5,58.4,24.4,46.6,25.7,53.4,22,9,2016,2019,SPCE,1.8 log10 @ 50% inhibition,,,,,,,,
Gujarat,,31.7,57.7,23.9,48.0,24.3,52.6,22,10,2017,2019,SPCE,1.8 log10 @ 50% inhibition,,,,,,,,
Gujarat,,26.0,44.0,19.8,35.4,25.3,43.1,22,11,2017,2019,SPCE,1.8 log10 @ 50% inhibition,,,,,,,,
Gujarat,,21.9,48.9,15.4,37.8,24.3,50.3,22,12,2018,2019,SPCE,1.8 log10 @ 50% inhibition,,,,,,,,
Gujarat,,22.3,52.8,13.2,41.4,21.2,53.8,22,13,2018,2019,SPCE,1.8 log10 @ 50% inhibition,,,,,,,,
Gujarat,,29.5,53.3,19.4,37.4,26.1,49.9,22,14,2019,2019,SPCE,1.8 log10 @ 50% inhibition,,,,,,,,
Haryana,,42.7,76.9,32.4,69.8,29.7,61.6,26,1,2011,2019,SPCE,1.8 log10 @ 50% inhibition,2587,2573,1105,1979,838,1796,769,1586
Haryana,,41.8,72.3,38.1,72.3,28.1,59.3,26,2,2011,2019,SPCE,1.8 log10 @ 50% inhibition,2586,2594,1081,1876,986,1876,727,1537
Haryana,,42.7,70.6,43.6,72.4,25.4,61.5,26,3,2012,2019,SPCE,1.8 log10 @ 50% inhibition,2555,2562,1092,1809,1113,1856,650,1576
Haryana,,40.7,79.6,34.8,70.3,32.7,66.0,26,4,2012,2019,SPCE,1.8 log10 @ 50% inhibition,2565,2575,1043,2049,893,1811,840,1700
Haryana,,46.5,71.8,45.3,63.0,38.8,65.7,26,5,2013,2019,SPCE,1.8 log10 @ 50% inhibition,2600,2600,1210,1867,1178,1638,1010,1709
Haryana,,45.4,80.0,56.4,83.8,72.3,90.7,26,6,2013,2019,SPCE,1.8 log10 @ 50% inhibition,2580,2580,1171,2063,1455,2161,1865,2341
Haryana,,68.6,88.0,74.1,83.2,80.1,95.6,26,7,2014,2019,SPCE,1.8 log10 @ 50% inhibition,2558,2597,1755,2285,1895,2160,2050,2483
Haryana,,76.4,93.3,73.3,91.2,82.2,96.4,26,8,2014,2019,SPCE,1.8 log10 @ 50% inhibition,2600,2600,1987,2427,1907,2371,2138,2506
Haryana,,81.3,94.1,81.2,93.8,84.9,97.8,26,9,2015,2019,SPCE,1.8 log10 @ 50% inhibition,2600,2600,2113,2447,2112,2439,2208,2542
Haryana,,67.4,96.0,67.2,95.5,77.8,99.5,26,10,2015,2019,SPCE,1.8 log10 @ 50% inhibition,2000,200,1347,192,1343,191,1555,199
Haryana,,27.1,71.4,22.0,70.5,28.7,74.0,26,16,2019,2019,SPCE,1.8 log10 @ 50% inhibition,797,1383,216,988,175,975,229,1024
Haryana,,39.5,71.3,44.6,75.6,41.9,74.8,26,17,2019,2019,SPCE,1.8 log10 @ 50% inhibition,1200,1800,474,1284,535,1361,503,1347
Jammu & Kashmir,,16.4,46.4,14.6,29.3,12.9,18.7,26,1,2018,2019,SPCE,1.8 log10 @ 50% inhibition,,,,,,,,
Jammu & Kashmir,,20.0,,15.8,,10.7,,26,2,2019,2019,SPCE,1.8 log10 @ 50% inhibition,,,,,,,,
Karnataka,,83.0,97.0,88.0,94.0,93.0,98.0,18,7,2014,2019,SPCE,1.8 log10 @ 50% inhibition,,,,,,,,
Karnataka,,87.5,95.5,84.9,96.7,91.2,97.1,18,8,2015,2019,SPCE,1.8 log10 @ 50% inhibition,,,,,,,,
Karnataka,,73.5,87.8,65.3,86.0,74.9,89.9,18,9,2015,2019,SPCE,1.8 log10 @ 50% inhibition,,,,,,,,
Karnataka,,70.6,82.9,59.1,75.8,74.5,83.8,18,10,2016,2019,SPCE,1.8 log10 @ 50% inhibition,,,,,,,,
Karnataka,,67.9,82.0,63.0,78.0,71.8,80.7,18,11,2016,2019,SPCE,1.8 log10 @ 50% inhibition,,,,,,,,
Karnataka,,75.0,88.0,88.0,90.0,74.0,84.0,18,12,2017,2019,SPCE,1.8 log10 @ 50% inhibition,,,,,,,,
Karnataka,,52.5,69.7,45.8,61.2,51.0,65.9,18,13,2017,2019,SPCE,1.8 log10 @ 50% inhibition,,,,,,,,
Karnataka,,47.4,64.8,41.8,56.1,44.2,56.3,18,14,2018,2019,SPCE,1.8 log10 @ 50% inhibition,,,,,,,,
Karnataka,,36.1,61.6,31.8,49.8,37.4,53.8,18,15,2019,2019,SPCE,1.8 log10 @ 50% inhibition,,,,,,,,
Karnataka,,26.2,48.1,20.8,39.5,24.8,44.1,18,16,2019,2019,SPCE,1.8 log10 @ 50% inhibition,,,,,,,,
Kerala,,13.0,25.0,15.2,30.0,17.0,35.0,18,4,2013,2019,SPCE,1.8 log10 @ 50% inhibition,,,,,,,,
Kerala,,20.0,51.1,24.7,58.5,45.1,70.3,18,5,2013,2019,SPCE,1.8 log10 @ 50% inhibition,,,,,,,,
Kerala,,53.7,90.5,51.1,79.0,61.3,88.2,18,6,2014,2019,SPCE,1.8 log10 @ 50% inhibition,,,,,,,,
Kerala,,76.6,81.1,64.0,92.0,78.3,97.1,18,7,2014,2019,SPCE,1.8 log10 @ 50% inhibition,,,,,,,,
Kerala,,82.3,92.0,76.6,87.2,88.1,95.9,18,8,2015,2019,SPCE,1.8 log10 @ 50% inhibition,,,,,,,,
Kerala,,67.0,82.7,57.4,79.6,60.4,79.6,18,11,2016,2019,SPCE,1.8 log10 @ 50% inhibition,,,,,,,,
Kerala,,51.5,83.4,54.6,83.1,61.5,86.7,18,12,2017,2019,SPCE,1.8 log10 @ 50% inhibition,,,,,,,,
Kerala,,59.0,83.8,41.0,68.9,59.9,84.0,18,13,2018,2019,SPCE,1.8 log10 @ 50% inhibition,,,,,,,,
Kerala,,38.9,62.2,31.8,55.5,45.9,62.9,18,14,2019,2019,SPCE,1.8 log10 @ 50% inhibition,,,,,,,,
Kerala,,44.4,75.6,34.5,64.0,48.0,73.5,18,15,2019,2019,SPCE,1.8 log10 @ 50% inhibition,,,,,,,,
Madhya Pradesh,,11.0,27.5,8.5,20.3,7.6,22.0,20,1,2017,2019,SPCE,1.8 log10 @ 50% inhibition,,,,,,,,
Madhya Pradesh,,15.2,31.7,10.2,23.2,11.8,30.1,20,2,2017,2019,SPCE,1.8 log10 @ 50% inhibition,,,,,,,,
Madhya Pradesh,,14.5,30.3,9.6,22.5,11.6,28.0,20,3,2018,2019,SPCE,1.8 log10 @ 50% inhibition,,,,,,,,
Madhya Pradesh,,21.5,14.9,15.6,37.5,28.3,33.5,20,4,2018,2019,SPCE,1.8 log10 @ 50% inhibition,,,,,,,,
Maharashtra,,61.3,92.5,43.1,82.8,35.5,77.0,22,6,2014,2019,SPCE,1.8 log10 @ 50% inhibition,,,,,,,,
Maharashtra,,71.1,93.0,57.4,89.0,60.0,65.0,22,7,2014,2019,SPCE,1.8 log10 @ 50% inhibition,,,,,,,,
Maharashtra,,60.5,89.4,67.9,93.3,67.2,93.9,22,8,2015,2019,SPCE,1.8 log10 @ 50% inhibition,,,,,,,,
Maharashtra,,46.3,67.0,28.9,51.9,38.9,60.7,22,9,2015,2019,SPCE,1.8 log10 @ 50% inhibition,,,,,,,,
Maharashtra,,66.1,75.8,46.2,59.0,54.2,67.1,22,10,2016,2019,SPCE,1.8 log10 @ 50% inhibition,,,,,,,,
Maharashtra,,44.9,66.9,32.8,57.6,41.4,60.8,22,11,2017,2019,SPCE,1.8 log10 @ 50% inhibition,,,,,,,,
Maharashtra,,40.2,57.5,27.2,44.9,36.4,50.9,22,12,2018,2019,SPCE,1.8 log10 @ 50% inhibition,,,,,,,,
Maharashtra,,44.1,59.0,29.8,49.0,38.4,59.5,22,13,2018,2019,SPCE,1.8 log10 @ 50% inhibition,,,,,,,,
Maharashtra,,30.6,43.9,20.2,33.6,24.1,37.9,22,14,2019,2019,SPCE,1.8 log10 @ 50% inhibition,,,,,,,,
Manipur,,21.6,50.4,13.5,36.8,16.7,46.4,29,1,2018,2019,SPCE,1.8 log10 @ 50% inhibition,,,,,,,,
Manipur,,13.5,62.7,8.8,60.9,12.4,61.8,29,2,2019,2019,SPCE,1.8 log10 @ 50% inhibition,,,,,,,,
Mizoram,,29.4,62.5,23.5,54.0,34.5,60.5,29,1,2019,2019,SPCE,1.8 log10 @ 50% inhibition,,,,,,,,
Mizoram,,45.1,70.1,39.6,67.2,38.3,63.6,29,2,2019,2019,SPCE,1.8 log10 @ 50% inhibition,,,,,,,,
Odisha,,23.8,58.8,14.7,44.9,17.1,50.8,28,1,2017,2019,SPCE,1.8 log10 @ 50% inhibition,,,,,,,,
Odisha,,26.4,47.9,16.5,35.4,22.4,44.7,28,2,2018,2019,SPCE,1.8 log10 @ 50% inhibition,,,,,,,,
Odisha,,34.1,51.3,17.8,33.8,27.7,40.0,28,3,2018,2019,SPCE,1.8 log10 @ 50% inhibition,,,,,,,,
Odisha,,25.3,48.0,13.0,39.0,17.1,35.7,28,4,2019,2019,SPCE,1.8 log10 @ 50% inhibition,,,,,,,,
Odisha,,21.6,40.2,12.9,28.0,16.1,21.1,28,5,2019,2019,SPCE,1.8 log10 @ 50% inhibition,,,,,,,,
Pondichery,,42.1,52.6,26.3,36.8,,21.1,31,2,2012,2019,SPCE,1.8 log10 @ 50% inhibition,,,,,,,,
Pondichery,,45.7,63.0,15.2,43.5,56.5,65.2,31,3,2013,2019,SPCE,1.8 log10 @ 50% inhibition,,,,,,,,
Pondichery,,87.0,96.3,74.0,94.3,87.0,95.5,31,6,2014,2019,SPCE,1.8 log10 @ 50% inhibition,,,,,,,,
Pondichery,,95.1,96.0,60.4,86.0,93.0,95.1,31,7,2015,2019,SPCE,1.8 log10 @ 50% inhibition,,,,,,,,
Pondichery,,88.0,94.9,73.5,86.5,85.8,92.7,31,11,2016,2019,SPCE,1.8 log10 @ 50% inhibition,,,,,,,,
Pondichery,,95.8,98.1,85.7,89.8,94.7,95.5,31,12,2017,2019,SPCE,1.8 log10 @ 50% inhibition,,,,,,,,
Pondichery,,58.7,75.5,49.8,60.8,69.0,78.4,31,13,2017,2019,SPCE,1.8 log10 @ 50% inhibition,,,,,,,,
Pondichery,,69.8,82.3,49.6,80.2,73.4,89.1,31,14,2018,2019,SPCE,1.8 log10 @ 50% inhibition,,,,,,,,
Pondichery,,63.9,73.6,41.3,69.8,83.3,93.4,31,15,2018,2019,SPCE,1.8 log10 @ 50% inhibition,,,,,,,,
Pondichery,,69.0,85.2,57.2,74.5,77.9,90.3,31,16,2019,2019,SPCE,1.8 log10 @ 50% inhibition,,,,,,,,
Punjab,,65.5,70.7,62.7,68.2,63.2,81.7,25,3,2013,2019,SPCE,1.8 log10 @ 50% inhibition,,,,,,,,
Punjab,,55.6,75.5,68.1,48.8,74.6,87.6,25,4,2013,2019,SPCE,1.8 log10 @ 50% inhibition,,,,,,,,
Punjab,,55.1,68.2,68.8,81.5,84.1,94.0,25,5,2014,2019,SPCE,1.8 log10 @ 50% inhibition,,,,,,,,
Punjab,,66.7,71.2,76.0,80.7,84.5,92.1,25,6,2014,2019,SPCE,1.8 log10 @ 50% inhibition,,,,,,,,
Punjab,,67.8,75.8,64.1,74.4,64.2,77.7,25,7,2015,2019,SPCE,1.8 log10 @ 50% inhibition,,,,,,,,
Punjab,,71.8,79.7,65.7,73.9,60.2,70.2,25,8,2015,2019,SPCE,1.8 log10 @ 50% inhibition,,,,,,,,
Punjab,,63.7,76.1,49.1,62.2,61.4,70.2,25,10,2016,2019,SPCE,1.8 log10 @ 50% inhibition,,,,,,,,
Punjab,,41.4,62.4,40.8,55.6,40.5,55.3,25,11,2017,2019,SPCE,1.8 log10 @ 50% inhibition,,,,,,,,
Punjab,,40.5,63.8,34.4,58.8,36.7,50.7,25,12,2018,2019,SPCE,1.8 log10 @ 50% inhibition,,,,,,,,
Punjab,,31.4,39.0,30.6,45.9,26.7,38.1,25,13,2018,2019,SPCE,1.8 log10 @ 50% inhibition,,,,,,,,
Rajasthan,,53.6,83.3,60.1,71.1,63.9,72.1,23,2,2016,2019,SPCE,1.8 log10 @ 50% inhibition,,,,,,,,
Rajasthan,,67.1,96.2,74.0,83.2,91.6,89.5,23,3,2016,2019,SPCE,1.8 log10 @ 50% inhibition,,,,,,,,
Rajasthan,,31.0,54.6,29.0,51.2,22.5,44.7,23,5,2017,2019,SPCE,1.8 log10 @ 50% inhibition,,,,,,,,
Rajasthan,,25.7,45.0,17.4,33.4,20.0,31.9,23,6,2018,2019,SPCE,1.8 log10 @ 50% inhibition,,,,,,,,
Rajasthan,,17.6,37.4,11.5,30.3,12.6,25.7,23,7,2019,2019,SPCE,1.8 log10 @ 50% inhibition,,,,,,,,
Rajasthan,,20.4,42.0,16.6,33.9,11.3,20.0,23,8,2019,2019,SPCE,1.8 log10 @ 50% inhibition,,,,,,,,
Tamil Nadu,,83.3,96.6,78.4,94.2,87.1,97.5,17,7,2014,2019,SPCE,1.8 log10 @ 50% inhibition,,,,,,,,
Tamil Nadu,,85.6,98.2,83.6,97.8,91.3,98.8,17,8,2015,2019,SPCE,1.8 log10 @ 50% inhibition,,,,,,,,
Tamil Nadu,,86.2,97.3,81.7,95.7,86.7,98.2,17,9,2015,2019,SPCE,1.8 log10 @ 50% inhibition,,,,,,,,
Tamil Nadu,,64.4,83.4,56.4,78.9,70.1,86.5,17,11,2016,2019,SPCE,1.8 log10 @ 50% inhibition,,,,,,,,
Tamil Nadu,,59.3,77.0,52.5,74.5,61.0,77.6,17,12,2017,2019,SPCE,1.8 log10 @ 50% inhibition,,,,,,,,
Tamil Nadu,,62.2,84.7,52.8,76.8,59.5,80.1,17,13,2017,2019,SPCE,1.8 log10 @ 50% inhibition,,,,,,,,
Tamil Nadu,,53.5,78.4,45.7,70.2,52.3,74.8,17,14,2018,2019,SPCE,1.8 log10 @ 50% inhibition,,,,,,,,
Tamil Nadu,,47.3,77.4,40.2,69.2,51.7,73.9,17,15,2018,2019,SPCE,1.8 log10 @ 50% inhibition,,,,,,,,
Tamil Nadu,,53.5,75.7,41.3,63.3,47.5,60.1,17,16,2019,2019,SPCE,1.8 log10 @ 50% inhibition,,,,,,,,
Tamil Nadu,,40.3,78.6,36.8,75.0,36.4,72.2,17,17,2019,2019,SPCE,1.8 log10 @ 50% inhibition,,,,,,,,
Telangana,,77.4,94.9,83.4,94.5,77.5,95.3,20,7,2014,2019,SPCE,1.8 log10 @ 50% inhibition,,,,,,,,
Telangana,,88.7,94.7,78.4,89.2,86.9,93.5,20,8,2015,2019,SPCE,1.8 log10 @ 50% inhibition,,,,,,,,
Telangana,,81.7,84.7,74.1,91.5,84.7,94.8,20,9,2015,2019,SPCE,1.8 log10 @ 50% inhibition,,,,,,,,
Telangana,,66.8,76.7,57.4,71.4,65.5,74.3,20,10,2016,2019,SPCE,1.8 log10 @ 50% inhibition,,,,,,,,
Telangana,,61.9,77.8,56.4,69.0,57.9,79.3,20,11,2017,2019,SPCE,1.8 log10 @ 50% inhibition,,,,,,,,
Telangana,,73.0,86.9,60.0,72.3,65.1,81.5,20,12,2017,2019,SPCE,1.8 log10 @ 50% inhibition,,,,,,,,
Telangana,,55.9,75.9,44.3,69.7,53.1,74.4,20,13,2018,2019,SPCE,1.8 log10 @ 50% inhibition,,,,,,,,
Telangana,,49.2,78.3,37.7,63.4,52.6,76.7,20,14,2018,2019,SPCE,1.8 log10 @ 50% inhibition,,,,,,,,
Telangana,,53.4,82.5,46.6,75.9,54.5,82.7,20,15,2019,2019,SPCE,1.8 log10 @ 50% inhibition,,,,,,,,
Telangana,,57.0,79.3,48.3,75.8,57.9,78.9,20,16,2019,2019,SPCE,1.8 log10 @ 50% inhibition,,,,,,,,
Uttar Pradesh,,20.5,34.4,15.7,28.3,20.0,34.8,24,6,2017,2019,SPCE,1.8 log10 @ 50% inhibition,,,,,,,,
Uttar Pradesh,,16.7,30.8,13.9,24.5,18.9,32.4,24,7,2018,2019,SPCE,1.8 log10 @ 50% inhibition,,,,,,,,
Uttar Pradesh,,20.9,38.1,16.2,28.8,24.1,41.9,24,8,2018,2019,SPCE,1.8 log10 @ 50% inhibition,,,,,,,,
Uttar Pradesh,,17.2,38.6,12.4,33.7,17.5,40.2,24,9,2019,2019,SPCE,1.8 log10 @ 50% inhibition,,,,,,,,
Uttarakhand,,16.0,18.6,9.2,9.8,12.0,13.4,24,1,2017,2019,SPCE,1.8 log10 @ 50% inhibition,,,,,,,,
Uttarakhand,,18.6,17.5,26.1,12.1,26.7,12.1,24,2,2017,2019,SPCE,1.8 log10 @ 50% inhibition,,,,,,,,
Uttarakhand,,14.9,18.7,8.7,10.1,11.8,12.4,24,3,2018,2019,SPCE,1.8 log10 @ 50% inhibition,,,,,,,,
Uttarakhand,,15.3,17.6,12.7,15.2,13.7,14.1,24,4,2018,2019,SPCE,1.8 log10 @ 50% inhibition,,,,,,,,
Uttarakhand,,13.2,22.1,7.9,15.5,10.9,16.5,24,5,2019,2019,SPCE,1.8 log10 @ 50% inhibition,,,,,,,,
West Bengal,,26.8,35.8,17.3,22.0,19.5,27.2,27,1,2017,2019,SPCE,1.8 log10 @ 50% inhibition,,,,,,,,
West Bengal,,19.2,40.5,13.1,25.4,11.2,23.1,27,2,2017,2019,SPCE,1.8 log10 @ 50% inhibition,,,,,,,,
West Bengal,,22.9,42.5,11.3,22.9,15.5,29.0,27,3,2018,2019,SPCE,1.8 log10 @ 50% inhibition,,,,,,,,
Andaman,,19.8,39.3,9.8,34.9,24.4,45.3,,NADCP 1,2020/2021,2021,SPCE,1.8 log10 @ 50% inhibition,328,516,65,203,32,180,80,234
Andhra Pradesh,,9.0,29.2,5.6,23.8,9.2,27.2,,NADCP 1,2020/2021,2021,SPCE,1.8 log10 @ 50% inhibition,2119,2116,191,618,119,504,195,576
Arunachal Pradesh,,2.7,,14.0,,1.1,,,NADCP 1,2020/2021,2021,SPCE,1.8 log10 @ 50% inhibition,186,,5,,26,,2,
Assam,,9.3,16.0,2.0,6.9,1.3,6.2,,NADCP 1,2020/2021,2021,SPCE,1.8 log10 @ 50% inhibition,1989,1401,185,224,40,97,26,87
Chhattisgarh,,17.0,35.6,10.9,22.9,11.5,22.7,,NADCP 1,2020/2021,2021,SPCE,1.8 log10 @ 50% inhibition,2152,2011,366,716,235,461,247,456
Delhi,,39.5,81.2,47.5,74.9,40.5,77.5,,NADCP 1,2020/2021,2021,SPCE,1.8 log10 @ 50% inhibition,200,191,79,155,95,143,81,148
Goa,,34.1,49.1,27.6,43.3,34.4,42.7,,NADCP 1,2020/2021,2021,SPCE,1.8 log10 @ 50% inhibition,735,735,251,361,203,318,253,314
Gujarat,,18.8,44.2,16.4,42.4,20.1,46.5,,NADCP 1,2020/2021,2021,SPCE,1.8 log10 @ 50% inhibition,2223,2223,418,983,365,943,447,1034
Haryana,,24.2,59.2,24.0,60.8,28.4,63.8,,NADCP 1,2020/2021,2021,SPCE,1.8 log10 @ 50% inhibition,2267,2271,549,1344,544,1381,644,1449
Himachal Pradesh,,2.9,9.0,3.5,7.3,1.2,4.0,,NADCP 1,2020/2021,2021,SPCE,1.8 log10 @ 50% inhibition,1504,2301,44,207,53,168,18,92
Jammu & Kashmir,,17.4,35.3,9.2,23.1,10.3,19.3,,NADCP 1,2020/2021,2021,SPCE,1.8 log10 @ 50% inhibition,1525,1276,265,450,140,295,157,246
Jharkhand,,9.0,29.1,3.4,13.2,4.7,16.7,,NADCP 1,2020/2021,2021,SPCE,1.8 log10 @ 50% inhibition,1506,492,136,143,51,65,71,82
Karnataka,,16.3,45.2,12.3,33.3,13.2,37.6,,NADCP 1,2020/2021,2021,SPCE,1.8 log10 @ 50% inhibition,2300,2303,375,1041,283,767,304,866
Kerala,,47.4,70.9,39.5,60.1,45.7,67.6,,NADCP 1,2020/2021,2021,SPCE,1.8 log10 @ 50% inhibition,2145,2145,1017,1521,847,1289,980,1450
Madhya Pradesh,,10.0,28.4,8.7,21.4,9.3,24.1,,NADCP 1,2020/2021,2021,SPCE,1.8 log10 @ 50% inhibition,4589,4589,459,1303,399,982,427,1106
Maharashtra,,17.5,36.3,14.4,29.5,16.2,32.3,,NADCP 1,2020/2021,2021,SPCE,1.8 log10 @ 50% inhibition,4346,4359,761,1582,626,1286,704,1408
Manipur,,9.7,45.8,7.1,40.8,7.2,36.8,,NADCP 1,2020/2021,2021,SPCE,1.8 log10 @ 50% inhibition,807,807,78,370,57,329,58,297
Meghalaya,,14.0,41.6,7.0,34.5,16.9,32.4,,NADCP 1,2020/2021,2021,SPCE,1.8 log10 @ 50% inhibition,586,586,82,244,41,202,99,190
Mizoram,,10.5,30.4,8.9,26.5,10.9,28.8,,NADCP 1,2020/2021,2021,SPCE,1.8 log10 @ 50% inhibition,838,838,88,255,75,222,91,241
Nagaland,,13.2,6.0,6.2,12.9,4.3,9.5,,NADCP 1,2020/2021,2021,SPCE,1.8 log10 @ 50% inhibition,726,419,96,25,45,54,31,40
Odisha,,12.7,36.0,8.8,20.5,7.3,17.8,,NADCP 1,2020/2021,2021,SPCE,1.8 log10 @ 50% inhibition,2262,2262,287,814,199,464,165,403
Pondichery,,84.1,89.3,78.6,80.3,84.8,89.2,,NADCP 1,2020/2021,2021,SPCE,1.8 log10 @ 50% inhibition,960,960,807,857,755,771,814,856
Punjab,,11.5,22.7,18.9,16.7,18.1,23.6,,NADCP 1,2020/2021,2021,SPCE,1.8 log10 @ 50% inhibition,2198,886,253,201,415,148,398,209
Rajasthan,,44.9,57.1,44.6,54.0,38.6,52.9,,NADCP 1,2020/2021,2021,SPCE,1.8 log10 @ 50% inhibition,1188,1188,533,678,530,642,459,628
Sikkim,,2.7,22.2,3.9,14.9,2.8,16.6,,NADCP 1,2020/2021,2021,SPCE,1.8 log10 @ 50% inhibition,999,743,27,165,39,111,28,123
Tamil Nadu,,37.0,70.3,27.5,60.8,27.8,61.8,,NADCP 1,2020/2021,2021,SPCE,1.8 log10 @ 50% inhibition,2246,2246,831,1579,618,1366,624,1388
Telangana,,20.7,52.4,14.5,49.1,20.5,55.0,,NADCP 1,2020/2021,2021,SPCE,1.8 log10 @ 50% inhibition,2210,2210,457,1158,320,1085,453,1216
Uttar Pradesh,,9.9,28.7,7.5,18.2,8.6,22.1,,NADCP 1,2020/2021,2021,SPCE,1.8 log10 @ 50% inhibition,7468,5975,739,1715,560,1087,642,1320
Uttarakhand,,4.2,24.3,3.8,17.5,3.0,23.1,,NADCP 1,2020/2021,2021,SPCE,1.8 log10 @ 50% inhibition,1320,1291,55,314,50,226,40,298
Total,,17.6,39.0,14.4,31.6,15.8,34.0,,NADCP 1,2020/2021,2021,SPCE,1.8 log10 @ 50% inhibition,53922,49340,9490,19243,7765,15591,8520,16776
Andaman,,19.8,39.3,9.8,34.9,24.4,45.3,,NADCP 1,2021,2021,SPCE,1.8 log10 @ 50% inhibition,328,516,65,203,32,180,80,234
Himachal Pradesh,,2.8,9.4,3.4,7.3,1.0,3.8,,NADCP 1,2021,2021,SPCE,1.8 log10 @ 50% inhibition,879,1273,25,120,30,93,9,48
Jammu & Kashmir,,NaN,24.5,NaN,19.4,NaN,18.7,,NADCP 1,2021,2021,SPCE,1.8 log10 @ 50% inhibition,0,139,0,34,0,27,0,26
Kerala,,53.9,71.1,45.4,58.4,51.2,66.6,,NADCP 1,2021,2021,SPCE,1.8 log10 @ 50% inhibition,1485,1349,800,959,674,788,761,898
Meghalaya,,14.0,41.6,7.0,34.5,16.9,32.4,,NADCP 1,2021,2021,SPCE,1.8 log10 @ 50% inhibition,586,586,82,244,41,202,99,190
Nagaland,,13.2,6.0,6.2,12.9,4.3,9.5,,NADCP 1,2021,2021,SPCE,1.8 log10 @ 50% inhibition,726,419,96,25,45,54,31,40
Pondichery,,84.1,89.3,78.6,80.3,84.8,89.2,,NADCP 1,2021,2021,SPCE,1.8 log10 @ 50% inhibition,960,960,807,857,755,771,814,856
Punjab,,17.0,22.7,13.2,16.7,15.1,23.6,,NADCP 1,2021,2021,SPCE,1.8 log10 @ 50% inhibition,53,886,9,201,7,148,8,209
Rajasthan,,44.9,57.1,44.6,54.0,38.6,52.9,,NADCP 1,2021,2021,SPCE,1.8 log10 @ 50% inhibition,1188,1188,533,678,530,642,459,628
Sikkim,,7.7,17.6,5.1,13.0,7.7,11.0,,NADCP 1,2021,2021,SPCE,1.8 log10 @ 50% inhibition,78,353,6,62,4,46,6,39
Total,,38.6,44.1,33.7,38.5,36.1,41.3,,NADCP 1,2021,2021,SPCE,1.8 log10 @ 50% inhibition,6283,7669,2423,3383,2118,2951,2267,3168
A&N Island,,19.8,39.3,9.8,34.9,24.4,45.3,,NADCP 1,2020,2020,SPCE,1.8 log10 @ 50% inhibition,328,516,65,203,32,180,80,234
Andhra Pradesh,,9.0,29.2,5.6,23.8,9.2,27.2,,NADCP 1,2020,2020,SPCE,1.8 log10 @ 50% inhibition,2119,2116,191,618,119,504,196,576
Arunachal Pradesh,,2.7,,14.0,,1.1,,,NADCP 1,2020,2020,SPCE,1.8 log10 @ 50% inhibition,186,,5,,26,,2,
Assam,,9.3,16.0,2.0,6.9,1.3,6.2,,NADCP 1,2020,2020,SPCE,1.8 log10 @ 50% inhibition,1989,1401,184,224,39,96,26,87
Chhattisgarh,,17.0,35.6,10.9,22.9,11.5,22.7,,NADCP 1,2020,2020,SPCE,1.8 log10 @ 50% inhibition,2152,2011,366,716,234,461,248,457
Delhi,,39.5,81.2,47.5,74.9,40.5,77.5,,NADCP 1,2020,2020,SPCE,1.8 log10 @ 50% inhibition,200,191,79,155,95,143,81,148
Goa,,34.1,49.1,27.6,43.3,34.4,42.7,,NADCP 1,2020,2020,SPCE,1.8 log10 @ 50% inhibition,735,735,251,361,203,318,253,314
Gujarat,,18.8,44.2,16.4,42.4,20.1,46.5,,NADCP 1,2020,2020,SPCE,1.8 log10 @ 50% inhibition,2223,2223,418,982,364,942,447,1033
Haryana,,24.2,59.2,24.0,60.8,28.4,63.8,,NADCP 1,2020,2020,SPCE,1.8 log10 @ 50% inhibition,2267,2271,549,1345,545,1380,643,1448
Himachal Pradesh,,3.0,8.5,3.7,7.3,1.4,4.3,,NADCP 1,2020,2020,SPCE,1.8 log10 @ 50% inhibition,625,1028,19,87,23,75,9,44
Jammu & Kashmir,,17.4,36.6,9.2,23.6,10.3,19.3,,NADCP 1,2020,2020,SPCE,1.8 log10 @ 50% inhibition,1525,1137,265,416,141,268,157,220
Jharkhand,,9.0,29.1,3.4,13.2,4.7,16.7,,NADCP 1,2020,2020,SPCE,1.8 log10 @ 50% inhibition,1506,492,135,143,51,65,71,82
Karnataka,,16.3,45.2,12.3,33.3,13.2,37.6,,NADCP 1,2020,2020,SPCE,1.8 log10 @ 50% inhibition,2300,2303,376,1042,284,766,304,865
Kerala,,32.9,70.6,26.2,62.9,33.2,69.3,,NADCP 1,2020,2020,SPCE,1.8 log10 @ 50% inhibition,660,796,217,562,173,501,219,552
Madhya Pradesh,,10.0,28.4,8.7,21.4,9.3,24.1,,NADCP 1,2020,2020,SPCE,1.8 log10 @ 50% inhibition,4589,4589,458,1304,397,983,428,1108
Maharashtra,,17.5,36.3,14.4,29.5,16.2,32.3,,NADCP 1,2020,2020,SPCE,1.8 log10 @ 50% inhibition,4346,4359,761,1581,627,1285,705,1410
Manipur,,9.7,45.8,7.1,40.8,7.2,36.8,,NADCP 1,2020,2020,SPCE,1.8 log10 @ 50% inhibition,807,807,78,370,57,329,58,297
Mizoram,,10.5,30.4,8.9,26.5,10.9,28.8,,NADCP 1,2020,2020,SPCE,1.8 log10 @ 50% inhibition,838,838,88,255,75,222,91,241
Odisha,,12.7,36.0,8.8,20.5,7.3,17.8,,NADCP 1,2020,2020,SPCE,1.8 log10 @ 50% inhibition,2262,2262,287,814,198,464,166,402
Punjab,,11.4,,19.0,,18.2,,,NADCP 1,2020,2020,SPCE,1.8 log10 @ 50% inhibition,2145,,244,,408,,390,
Sikkim,,2.3,26.4,3.8,16.7,2.4,21.5,,NADCP 1,2020,2020,SPCE,1.8 log10 @ 50% inhibition,921,390,21,103,35,65,22,84
Tamil Nadu,,37.0,70.3,27.5,60.8,27.8,61.8,,NADCP 1,2020,2020,SPCE,1.8 log10 @ 50% inhibition,2246,2246,832,1578,618,1366,625,1388
Telangana,,20.7,52.4,14.5,49.1,20.5,55.0,,NADCP 1,2020,2020,SPCE,1.8 log10 @ 50% inhibition,2210,2210,458,1157,321,1085,453,1215
Uttar Pradesh,,9.9,28.7,7.5,18.2,8.6,22.1,,NADCP 1,2020,2020,SPCE,1.8 log10 @ 50% inhibition,7468,5975,738,1714,559,1086,642,1323
Uttarakhand,,4.2,24.3,3.8,17.5,3.0,23.1,,NADCP 1,2020,2020,SPCE,1.8 log10 @ 50% inhibition,1320,1291,55,314,50,226,39,298
Total,,14.9,38.0,11.8,30.4,13.2,32.8,,NADCP 1,2020,2020,SPCE,1.8 log10 @ 50% inhibition,47967,42187,7140,16044,5674,12810,6355,13826
A&N Island,,15.3,79.2,6.8,68.0,16.7,85.8,,NADCP 2,2021/2022,2022,SPCE,1.65 log10 @ 35% inhibition,472,472,72,374,32,321,79,405
Andhra Pradesh,,19.7,41.5,19.5,46.5,22.9,49.2,,NADCP 2,2021/2022,2022,SPCE,1.65 log10 @ 35% inhibition,2722,2716,536,1127,531,1263,623,1336
Arunachal Pradesh,,15.6,82.5,12.0,73.1,0.5,72.5,,NADCP 2,2021/2022,2022,SPCE,1.65 log10 @ 35% inhibition,417,342,65,282,50,250,2,248
Assam,,24.7,57.1,19.9,54.2,19.9,55.0,,NADCP 2,2021/2022,2022,SPCE,1.65 log10 @ 35% inhibition,1848,1848,456,1055,368,1002,368,1016
Bihar,,16.0,45.3,7.4,45.9,11.8,37.2,,NADCP 2,2021/2022,2022,SPCE,1.65 log10 @ 35% inhibition,2246,2117,359,959,166,972,265,788
Chandigarh,,35.5,75.5,32.0,68.0,40.0,79.0,,NADCP 2,2021/2022,2022,SPCE,1.65 log10 @ 35% inhibition,200,200,71,151,64,136,80,158
Chhattisgarh,,24.4,,16.6,,11.5,,,NADCP 2,2021/2022,2022,SPCE,1.65 log10 @ 35% inhibition,2209,,539,,367,,254,
Dadra and Nagar Haveli and Daman and Diu,,56.0,69.6,27.5,67.5,32.0,58.6,,NADCP 2,2021/2022,2022,SPCE,1.65 log10 @ 35% inhibition,200,191,112,133,55,129,64,112
Delhi,,73.1,88.7,65.0,86.1,65.0,89.6,,NADCP 2,2021/2022,2022,SPCE,1.65 log10 @ 35% inhibition,234,230,171,204,152,198,152,206
Goa,,48.4,77.8,35.1,79.8,43.2,84.8,,NADCP 2,2021/2022,2022,SPCE,1.65 log10 @ 35% inhibition,1289,1289,624,1003,452,1029,557,1093
Gujarat,,15.2,40.6,12.1,27.1,14.0,34.8,,NADCP 2,2021/2022,2022,SPCE,1.65 log10 @ 35% inhibition,2184,2184,332,887,264,592,306,760
Haryana,,36.4,68.8,34.7,67.9,43.2,72.9,,NADCP 2,2021/2022,2022,SPCE,1.65 log10 @ 35% inhibition,2289,2285,833,1572,794,1552,989,1666
Himachal Pradesh,,31.7,61.5,26.8,54.9,20.5,55.1,,NADCP 2,2021/2022,2022,SPCE,1.65 log10 @ 35% inhibition,619,1432,196,881,166,786,127,789
Jammu & Kashmir,,18.5,67.3,13.0,58.2,10.3,57.4,,NADCP 2,2021/2022,2022,SPCE,1.65 log10 @ 35% inhibition,1073,1048,199,705,139,610,111,602
Jharkhand,,33.7,,15.7,,36.1,,,NADCP 2,2021/2022,2022,SPCE,1.65 log10 @ 35% inhibition,83,,28,,13,,30,
Karnataka,,50.0,85.5,45.2,84.1,45.5,83.2,,NADCP 2,2021/2022,2022,SPCE,1.65 log10 @ 35% inhibition,2166,2173,1083,1858,979,1827,986,1808
Kerala,,35.7,72.7,33.7,69.2,37.0,72.5,,NADCP 2,2021/2022,2022,SPCE,1.65 log10 @ 35% inhibition,2182,2182,779,1586,735,1510,807,1582
Madhya Pradesh,,35.1,63.0,38.0,66.6,20.8,51.9,,NADCP 2,2021/2022,2022,SPCE,1.65 log10 @ 35% inhibition,1014,1014,356,639,385,675,211,526
Maharashtra,,31.4,76.3,33.5,79.7,31.2,77.8,,NADCP 2,2021/2022,2022,SPCE,1.65 log10 @ 35% inhibition,4420,4420,1388,3372,1481,3523,1379,3439
Meghalaya,,34.8,90.9,60.6,92.2,8.1,66.2,,NADCP 2,2021/2022,2022,SPCE,1.65 log10 @ 35% inhibition,198,154,69,140,120,142,16,102
Nagaland,,44.3,,28.1,,31.6,,,NADCP 2,2021/2022,2022,SPCE,1.65 log10 @ 35% inhibition,1056,,468,,297,,334,
Odisha,,13.4,89.9,12.5,87.9,12.7,87.0,,NADCP 2,2021/2022,2022,SPCE,1.65 log10 @ 35% inhibition,2262,2262,303,2034,283,1988,287,1968
Pondichery,,91.3,95.9,83.1,89.8,85.5,89.1,,NADCP 2,2021/2022,2022,SPCE,1.65 log10 @ 35% inhibition,883,883,806,847,734,793,755,787
Punjab,,33.2,66.1,29.5,66.7,30.2,68.1,,NADCP 2,2021/2022,2022,SPCE,1.65 log10 @ 35% inhibition,2196,2196,729,1452,648,1465,663,1495
Sikkim,,12.5,52.4,11.2,48.2,12.6,45.9,,NADCP 2,2021/2022,2022,SPCE,1.65 log10 @ 35% inhibition,1138,1016,142,532,127,490,143,466
Tamil Nadu,,51.4,78.3,36.5,68.5,40.6,70.3,,NADCP 2,2021/2022,2022,SPCE,1.65 log10 @ 35% inhibition,2327,2327,1196,1822,849,1594,945,1636
Telangana,,29.8,64.0,22.6,56.0,22.0,57.2,,NADCP 2,2021/2022,2022,SPCE,1.65 log10 @ 35% inhibition,2275,2275,678,1456,514,1274,500,1301
Uttar Pradesh,,33.0,54.6,22.0,57.1,25.2,45.3,,NADCP 2,2021/2022,2022,SPCE,1.65 log10 @ 35% inhibition,2433,2240,803,1223,535,1279,613,1015
Uttarakhand,,16.7,58.2,13.3,59.7,11.0,45.0,,NADCP 2,2021/2022,2022,SPCE,1.65 log10 @ 35% inhibition,1358,1236,227,719,181,738,149,556
West Bengal,,30.8,75.3,17.2,63.0,19.6,63.6,,NADCP 2,2021/2022,2022,SPCE,1.65 log10 @ 35% inhibition,803,814,247,613,138,513,157,518
Total,,31.0,66.5,25.9,64.1,26.7,63.5,,NADCP 2,2021/2022,2022,SPCE,1.65 log10 @ 35% inhibition,44796,41546,13887,27628,11602,26631,11961,26382
A&N Island,,10.2,79.2,5.6,68.0,13.9,85.8,,NADCP 2,2022,2022,SPCE,1.65 log10 @ 35% inhibition,108,472,11,374,6,321,15,405
Arunachal Pradesh,,15.6,82.5,12.0,73.1,0.5,72.5,,NADCP 2,2022,2022,SPCE,1.65 log10 @ 35% inhibition,417,342,65,282,50,250,2,248
Assam,,24.7,57.1,19.9,54.2,19.9,55.0,,NADCP 2,2022,2022,SPCE,1.65 log10 @ 35% inhibition,1848,1848,456,1055,368,1002,368,1016
Bihar,,16.0,45.3,7.4,45.9,11.8,37.2,,NADCP 2,2022,2022,SPCE,1.65 log10 @ 35% inhibition,2246,2117,359,959,166,972,265,788
Chhattisgarh,,24.4,NaN,16.6,NaN,11.5,NaN,,NADCP 2,2022,2022,SPCE,1.65 log10 @ 35% inhibition,2209,0,539,0,367,0,254,0
Dadra and Nagar Haveli and Daman and Diu,,56.0,69.6,27.5,67.5,32.0,58.6,,NADCP 2,2022,2022,SPCE,1.65 log10 @ 35% inhibition,200,191,112,133,55,129,64,112
Goa,,48.4,77.8,35.1,79.8,43.2,84.8,,NADCP 2,2022,2022,SPCE,1.65 log10 @ 35% inhibition,1289,1289,624,1003,452,1029,557,1093
Gujarat,,15.2,40.6,12.1,27.1,14.0,34.8,,NADCP 2,2022,2022,SPCE,1.65 log10 @ 35% inhibition,2184,2184,332,887,264,592,306,760
Himachal Pradesh,,31.7,58.6,26.8,51.8,20.5,49.9,,NADCP 2,2022,2022,SPCE,1.65 log10 @ 35% inhibition,619,1108,196,649,166,574,127,553
Jammu & Kashmir,,2.0,67.3,2.0,58.2,4.4,57.4,,NADCP 2,2022,2022,SPCE,1.65 log10 @ 35% inhibition,586,1048,12,705,12,610,26,602
Jharkhand,,33.7,NaN,15.7,NaN,36.1,NaN,,NADCP 2,2022,2022,SPCE,1.65 log10 @ 35% inhibition,83,0,28,0,13,0,30,0
Karnataka,,50.0,85.5,45.2,84.1,45.5,83.2,,NADCP 2,2022,2022,SPCE,1.65 log10 @ 35% inhibition,2166,2173,1083,1858,979,1827,986,1808
Kerala,,35.7,72.7,33.7,69.2,37.0,72.5,,NADCP 2,2022,2022,SPCE,1.65 log10 @ 35% inhibition,2182,2182,779,1586,735,1510,807,1582
Madhya Pradesh,,35.1,63.0,38.0,66.6,20.8,51.9,,NADCP 2,2022,2022,SPCE,1.65 log10 @ 35% inhibition,1014,1014,356,639,385,675,211,526
Maharashtra,,37.0,77.6,38.3,81.5,35.9,79.8,,NADCP 2,2022,2022,SPCE,1.65 log10 @ 35% inhibition,3341,3809,1236,2957,1278,3106,1201,3040
Meghalaya,,34.8,90.9,60.6,92.2,8.1,66.2,,NADCP 2,2022,2022,SPCE,1.65 log10 @ 35% inhibition,198,154,69,140,120,142,16,102
Nagaland,,44.3,NaN,28.1,NaN,31.6,NaN,,NADCP 2,2022,2022,SPCE,1.65 log10 @ 35% inhibition,1056,0,468,0,297,0,334,0
Odisha,,13.4,89.9,12.5,87.9,12.7,87.0,,NADCP 2,2022,2022,SPCE,1.65 log10 @ 35% inhibition,2262,2262,303,2034,283,1988,287,1968
Pondichery,,91.3,95.9,83.1,89.8,85.5,89.1,,NADCP 2,2022,2022,SPCE,1.65 log10 @ 35% inhibition,883,883,806,847,734,793,755,787
Punjab,,33.2,66.1,29.5,66.7,30.2,68.1,,NADCP 2,2022,2022,SPCE,1.65 log10 @ 35% inhibition,2196,2196,729,1452,648,1465,663,1495
Sikkim,,12.5,52.4,11.2,48.2,12.6,45.9,,NADCP 2,2022,2022,SPCE,1.65 log10 @ 35% inhibition,1138,1016,142,532,127,490,143,466
Tamil Nadu,,51.4,78.3,36.5,68.5,40.6,70.3,,NADCP 2,2022,2022,SPCE,1.65 log10 @ 35% inhibition,2327,2327,1196,1822,849,1594,945,1636
Telangana,,29.8,64.0,22.6,56.0,22.0,57.2,,NADCP 2,2022,2022,SPCE,1.65 log10 @ 35% inhibition,2275,2275,678,1456,514,1274,500,1301
Uttar Pradesh,,30.2,54.6,24.2,57.1,18.8,45.3,,NADCP 2,2022,2022,SPCE,1.65 log10 @ 35% inhibition,1554,2240,469,1223,376,1279,292,1015
Uttarakhand,,16.7,58.2,13.3,59.7,11.0,45.0,,NADCP 2,2022,2022,SPCE,1.65 log10 @ 35% inhibition,1358,1236,227,719,181,738,149,556
West Bengal,,30.8,75.3,17.2,63.0,19.6,63.6,,NADCP 2,2022,2022,SPCE,1.65 log10 @ 35% inhibition,803,814,247,613,138,513,157,518
Total,,31.5,68.0,26.2,65.0,25.9,63.6,,NADCP 2,2022,2022,SPCE,1.65 log10 @ 35% inhibition,36542,35180,11522,23925,9563,22873,9460,22377
A&N Island,,16.8,,7.1,,17.6,,,NADCP 2,2021,2021,SPCE,1.65 log10 @ 35% inhibition,364,,61,,26,,64,
Andhra Pradesh,,19.7,41.5,19.5,46.5,22.9,49.2,,NADCP 2,2021,2021,SPCE,1.65 log10 @ 35% inhibition,2722,2716,536,1127,531,1263,623,1336
Chandigarh,,35.5,75.5,32.0,68.0,40.0,79.0,,NADCP 2,2021,2021,SPCE,1.65 log10 @ 35% inhibition,200,200,71,151,64,136,80,158
Delhi,,73.1,88.7,65.0,86.1,65.0,89.6,,NADCP 2,2021,2021,SPCE,1.65 log10 @ 35% inhibition,234,230,171,204,152,198,152,206
Haryana,,36.4,68.8,34.7,67.9,43.2,72.9,,NADCP 2,2021,2021,SPCE,1.65 log10 @ 35% inhibition,2289,2285,833,1572,794,1552,989,1666
Himachal Pradesh,,,71.6,,65.4,,72.8,,NADCP 2,2021,2021,SPCE,1.65 log10 @ 35% inhibition,,324,,232,,212,,236
Jammu & Kashmir,,38.4,,26.1,,17.5,,,NADCP 2,2021,2021,SPCE,1.65 log10 @ 35% inhibition,487,,187,,127,,85,
Kamataka,,60.3,88.1,56.0,88.1,55.4,86.3,,NADCP 2,2021,2021,SPCE,1.65 log10 @ 35% inhibition,1196,1213,721,1069,670,1069,663,1047
Maharashtra,,14.1,67.9,18.8,68.2,16.5,65.3,,NADCP 2,2021,2021,SPCE,1.65 log10 @ 35% inhibition,1079,611,152,415,203,417,178,399
Uttar Pradesh,,38.0,,18.1,,36.5,,,NADCP 2,2021,2021,SPCE,1.65 log10 @ 35% inhibition,879,,334,,159,,321,
Total,,32.5,62.9,28.8,63.9,33.4,66.6,,NADCP 2,2021,2021,SPCE,1.65 log10 @ 35% inhibition,9450,7579,3071,4767,2722,4843,3156,5048
Andhra Pradesh,,83.9,96.3,72.5,86.9,84.8,92.3,,Organized farms,2021,2021,SPCE,1.8 log10 @ 50% inhibition,429,480,360,462,311,417,364,443
Chhattisgarh,,65.1,79.3,61.4,87.8,57.8,67.1,,Organized farms,2021,2021,SPCE,1.8 log10 @ 50% inhibition,83,82,54,65,51,72,48,55
Gujarat,,63.2,95.0,53.5,79.2,63.2,77.4,,Organized farms,2021,2021,SPCE,1.8 log10 @ 50% inhibition,340,159,215,151,182,126,215,123
Haryana,,89.9,95.8,79.7,92.4,89.0,95.7,,Organized farms,2021,2021,SPCE,1.8 log10 @ 50% inhibition,1283,1574,1153,1508,1023,1454,1142,1506
Himachal Pradesh,,84.4,92.2,53.1,81.3,32.8,54.7,,Organized farms,2021,2021,SPCE,1.8 log10 @ 50% inhibition,64,64,54,59,34,52,21,35
Kerala,,84.5,92.6,73.0,86.8,85.5,91.6,,Organized farms,2021,2021,SPCE,1.8 log10 @ 50% inhibition,882,901,745,834,644,782,754,825
Madhya Pradesh,,66.7,90.7,61.2,79.0,78.4,91.2,,Organized farms,2021,2021,SPCE,1.8 log10 @ 50% inhibition,402,601,268,545,246,475,315,548
Tamil Nadu,,87.6,97.1,69.5,96.2,77.1,93.3,,Organized farms,2021,2021,SPCE,1.8 log10 @ 50% inhibition,105,105,92,102,73,101,81,98
Uttar Pradesh,,72.1,83.4,69.6,72.8,89.2,87.6,,Organized farms,2021,2021,SPCE,1.8 log10 @ 50% inhibition,240,169,173,141,167,123,214,148
West Bengal,,88.2,94.5,91.8,97.3,93.6,97.3,,Organized farms,2021,2021,SPCE,1.8 log10 @ 50% inhibition,110,110,97,104,101,107,103,107
Total,,81.6,93.6,71.9,87.4,82.7,91.6,,Organized farms,2021,2021,SPCE,1.8 log10 @ 50% inhibition,3938,4245,3213,3973,2831,3710,3257,3888
Andhra Pradesh,,98.6,97.9,96.2,96.6,98.6,100.0,,Organized farms,2022,2022,SPCE,1.65 log10 @ 35% inhibition,501,326,494,319,482,315,494,326
Chhattisgarh,,78.5,100.0,68.8,100.0,74.2,100.0,,Organized farms,2022,2022,SPCE,1.65 log10 @ 35% inhibition,93,68,73,68,64,68,69,68
Gujarat,,100.0,100.0,98.7,94.3,93.1,95.0,,Organized farms,2022,2022,SPCE,1.65 log10 @ 35% inhibition,379,562,379,562,374,530,353,534
Haryana,,93.6,98.5,93.3,98.7,93.0,98.8,,Organized farms,2022,2022,SPCE,1.65 log10 @ 35% inhibition,644,868,603,855,601,857,599,858
Himachal Pradesh,,96.1,95.8,97.1,97.2,96.1,96.5,,Organized farms,2022,2022,SPCE,1.65 log10 @ 35% inhibition,103,144,99,138,100,140,99,139
Karnataka,,94.1,99.4,94.9,99.4,94.3,99.4,,Organized farms,2022,2022,SPCE,1.65 log10 @ 35% inhibition,370,339,348,337,351,337,349,337
Kerala,,90.9,91.8,88.4,91.7,90.6,92.0,,Organized farms,2022,2022,SPCE,1.65 log10 @ 35% inhibition,1305,1295,1186,1189,1154,1188,1182,1191
Madhya Pradesh,,92.5,99.5,90.8,97.7,92.5,97.5,,Organized farms,2022,2022,SPCE,1.65 log10 @ 35% inhibition,401,398,371,396,364,389,371,388
Maharashtra,,92.2,100.0,91.9,100.0,91.5,100.0,,Organized farms,2022,2022,SPCE,1.65 log10 @ 35% inhibition,283,240,261,240,260,240,259,240
Odisha,,28.6,90.5,23.8,90.5,19.0,85.7,,Organized farms,2022,2022,SPCE,1.65 log10 @ 35% inhibition,21,21,6,19,5,19,4,18
Tamil Nadu,,97.6,98.8,92.7,97.6,97.4,98.8,,Organized farms,2022,2022,SPCE,1.65 log10 @ 35% inhibition,547,500,534,494,507,488,533,494
Telangana,,14.3,99.0,0.0,95.8,0.0,99.0,,Organized farms,2022,2022,SPCE,1.65 log10 @ 35% inhibition,14,96,2,95,0,92,0,95
Uttar Pradesh,,84.2,90.3,91.9,90.0,93.0,97.9,,Organized farms,2022,2022,SPCE,1.65 log10 @ 35% inhibition,570,339,480,306,524,305,530,332
Uttarakhand,,93.2,95.5,93.2,95.5,100.0,100.0,,Organized farms,2022,2022,SPCE,1.65 log10 @ 35% inhibition,44,44,41,42,41,42,44,44
Total,,92.5,96.6,91.5,95.6,92.6,96.6,,Organized farms,2022,2022,SPCE,1.65 log10 @ 35% inhibition,5275,5240,4879,5062,4827,5009,4885,5062
Andhra Pradesh,,83.9,96.3,72.5,86.9,84.8,92.3,,Organized farms,2021,2021,SPCE,1.8 log10 @ 50% inhibition,429,480,360,462,311,417,364,443
Chhattisgarh,,65.1,79.3,61.4,87.8,57.8,67.1,,Organized farms,2021,2021,SPCE,1.8 log10 @ 50% inhibition,83,82,54,65,51,72,48,55
Gujarat,,63.2,95.0,53.5,79.2,63.2,77.4,,Organized farms,2021,2021,SPCE,1.8 log10 @ 50% inhibition,340,159,215,151,182,126,215,123
Haryana,,89.9,95.8,79.7,92.4,89.0,95.7,,Organized farms,2021,2021,SPCE,1.8 log10 @ 50% inhibition,1283,1574,1153,1508,1023,1454,1142,1506
Himachal Pradesh,,84.4,92.2,53.1,81.3,32.8,54.7,,Organized farms,2021,2021,SPCE,1.8 log10 @ 50% inhibition,64,64,54,59,34,52,21,35
Kerala,,84.5,92.6,73.0,86.8,85.5,91.6,,Organized farms,2021,2021,SPCE,1.8 log10 @ 50% inhibition,882,901,745,834,644,782,754,825
Madhya Pradesh,,66.7,90.7,61.2,79.0,78.4,91.2,,Organized farms,2021,2021,SPCE,1.8 log10 @ 50% inhibition,402,601,268,545,246,475,315,548
Tamil Nadu,,87.6,97.1,69.5,96.2,77.1,93.3,,Organized farms,2021,2021,SPCE,1.8 log10 @ 50% inhibition,105,105,92,102,73,101,81,98
Uttar Pradesh,,72.1,83.4,69.6,72.8,89.2,87.6,,Organized farms,2021,2021,SPCE,1.8 log10 @ 50% inhibition,240,169,173,141,167,123,214,148
West Bengal,,88.2,94.5,91.8,97.3,93.6,97.3,,Organized farms,2021,2021,SPCE,1.8 log10 @ 50% inhibition,110,110,97,104,101,107,103,107
Total,,81.6,93.6,71.9,87.4,82.7,91.6,,Organized farms,2021,2021,SPCE,1.8 log10 @ 50% inhibition,3938,4245,3213,3973,2831,3710,3257,3888
Andhra Pradesh,,98.6,97.9,96.2,96.6,98.6,100.0,,Organized farms,2022,2022,SPCE,1.65 log10 @ 35% inhibition,501,326,494,319,482,315,494,326
Chhattisgarh,,78.5,100.0,68.8,100.0,74.2,100.0,,Organized farms,2022,2022,SPCE,1.65 log10 @ 35% inhibition,93,68,73,68,64,68,69,68
Gujarat,,100.0,100.0,98.7,94.3,93.1,95.0,,Organized farms,2022,2022,SPCE,1.65 log10 @ 35% inhibition,379,562,379,562,374,530,353,534
Haryana,,93.6,98.5,93.3,98.7,93.0,98.8,,Organized farms,2022,2022,SPCE,1.65 log10 @ 35% inhibition,644,868,603,855,601,857,599,858
Himachal Pradesh,,96.1,95.8,97.1,97.2,96.1,96.5,,Organized farms,2022,2022,SPCE,1.65 log10 @ 35% inhibition,103,144,99,138,100,140,99,139
Karnataka,,94.1,99.4,94.9,99.4,94.3,99.4,,Organized farms,2022,2022,SPCE,1.65 log10 @ 35% inhibition,370,339,348,337,351,337,349,337
Kerala,,90.9,91.8,88.4,91.7,90.6,92.0,,Organized farms,2022,2022,SPCE,1.65 log10 @ 35% inhibition,1305,1295,1186,1189,1154,1188,1182,1191
Madhya Pradesh,,92.5,99.5,90.8,97.7,92.5,97.5,,Organized farms,2022,2022,SPCE,1.65 log10 @ 35% inhibition,401,398,371,396,364,389,371,388
Maharashtra,,92.2,100.0,91.9,100.0,91.5,100.0,,Organized farms,2022,2022,SPCE,1.65 log10 @ 35% inhibition,283,240,261,240,260,240,259,240
Odisha,,28.6,90.5,23.8,90.5,19.0,85.7,,Organized farms,2022,2022,SPCE,1.65 log10 @ 35% inhibition,21,21,6,19,5,19,4,18
Tamil Nadu,,97.6,98.8,92.7,97.6,97.4,98.8,,Organized farms,2022,2022,SPCE,1.65 log10 @ 35% inhibition,547,500,534,494,507,488,533,494
Telangana,,14.3,99.0,0.0,95.8,0.0,99.0,,Organized farms,2022,2022,SPCE,1.65 log10 @ 35% inhibition,14,96,2,95,0,92,0,95
Uttar Pradesh,,84.2,90.3,91.9,90.0,93.0,97.9,,Organized farms,2022,2022,SPCE,1.65 log10 @ 35% inhibition,570,339,480,306,524,305,530,332
Uttarakhand,,93.2,95.5,93.2,95.5,100.0,100.0,,Organized farms,2022,2022,SPCE,1.65 log10 @ 35% inhibition,44,44,41,42,41,42,44,44
Total,,92.5,96.6,91.5,95.6,92.6,96.6,,Organized farms,2022,2022,SPCE,1.65 log10 @ 35% inhibition,5275,5240,4879,5062,4827,5009,4885,5062
Goa,GA,47.4,82.1,64.3,86.1,54.4,86.0,30,3,2013,2019,SPCE,1.8 log10 @ 50% inhibition,,,,,,,,
Goa,GA,45.1,77.0,58.5,86.0,57.0,85.1,30,4,2013,2019,SPCE,1.8 log10 @ 50% inhibition,,,,,,,,
Goa,GA,85.9,98.9,77.1,96.3,51.7,90.1,30,5,2014,2019,SPCE,1.8 log10 @ 50% inhibition,,,,,,,,
Goa,GA,71.2,97.6,56.9,91.1,63.3,92.5,30,6,2014,2019,SPCE,1.8 log10 @ 50% inhibition,,,,,,,,
Goa,GA,65.3,93.0,67.8,98.1,76.4,98.6,30,7,2015,2019,SPCE,1.8 log10 @ 50% inhibition,,,,,,,,
Goa,GA,43.3,71.8,33.0,68.3,36.5,67.0,30,11,2017,2019,SPCE,1.8 log10 @ 50% inhibition,,,,,,,,
Goa,GA,43.5,64.8,29.8,55.8,33.0,58.0,30,12,2017,2019,SPCE,1.8 log10 @ 50% inhibition,,,,,,,,
Goa,GA,36.5,43.5,34.8,39.0,38.3,43.3,30,13,2018,2019,SPCE,1.8 log10 @ 50% inhibition,,,,,,,,
Goa,GA,31.3,49.8,26.3,41.0,38.5,48.5,30,14,2018,2019,SPCE,1.8 log10 @ 50% inhibition,,,,,,,,
Goa,GA,40.8,54.0,33.3,46.8,36.5,50.5,30,15,2019,2019,SPCE,1.8 log10 @ 50% inhibition,,,,,,,,
Gujarat,GJ,54.5,75.9,62.5,76.9,69.2,81.3,22,4,2013,2019,SPCE,1.8 log10 @ 50% inhibition,,,,,,,,
Gujarat,GJ,59.5,74.4,62.7,76.4,74.9,80.0,22,5,2014,2019,SPCE,1.8 log10 @ 50% inhibition,,,,,,,,
Gujarat,GJ,74.9,81.6,49.6,65.8,65.6,79.5,22,6,2014,2019,SPCE,1.8 log10 @ 50% inhibition,,,,,,,,
Gujarat,GJ,60.0,73.1,61.6,74.6,72.4,80.6,22,7,2015,2019,SPCE,1.8 log10 @ 50% inhibition,,,,,,,,
Gujarat,GJ,31.5,58.4,24.4,46.6,25.7,53.4,22,9,2016,2019,SPCE,1.8 log10 @ 50% inhibition,,,,,,,,
Gujarat,GJ,31.7,57.7,23.9,48.0,24.3,52.6,22,10,2017,2019,SPCE,1.8 log10 @ 50% inhibition,,,,,,,,
Gujarat,GJ,26.0,44.0,19.8,35.4,25.3,43.1,22,11,2017,2019,SPCE,1.8 log10 @ 50% inhibition,,,,,,,,
Gujarat,GJ,21.9,48.9,15.4,37.8,24.3,50.3,22,12,2018,2019,SPCE,1.8 log10 @ 50% inhibition,,,,,,,,
Gujarat,GJ,22.3,52.8,13.2,41.4,21.2,53.8,22,13,2018,2019,SPCE,1.8 log10 @ 50% inhibition,,,,,,,,
Gujarat,GJ,29.5,53.3,19.4,37.4,26.1,49.9,22,14,2019,2019,SPCE,1.8 log10 @ 50% inhibition,,,,,,,,
Haryana,HR,42.7,76.9,32.4,69.8,29.7,61.6,26,1,2011,2019,SPCE,1.8 log10 @ 50% inhibition,2587,2573,1105,1979,838,1796,769,1586
Haryana,HR,41.8,72.3,38.1,72.3,28.1,59.3,26,2,2011,2019,SPCE,1.8 log10 @ 50% inhibition,2586,2594,1081,1876,986,1876,727,1537
Haryana,HR,42.7,70.6,43.6,72.4,25.4,61.5,26,3,2012,2019,SPCE,1.8 log10 @ 50% inhibition,2555,2562,1092,1809,1113,1856,650,1576
Haryana,HR,40.7,79.6,34.8,70.3,32.7,66.0,26,4,2012,2019,SPCE,1.8 log10 @ 50% inhibition,2565,2575,1043,2049,893,1811,840,1700
Haryana,HR,46.5,71.8,45.3,63.0,38.8,65.7,26,5,2013,2019,SPCE,1.8 log10 @ 50% inhibition,2600,2600,1210,1867,1178,1638,1010,1709
Haryana,HR,45.4,80.0,56.4,83.8,72.3,90.7,26,6,2013,2019,SPCE,1.8 log10 @ 50% inhibition,2580,2580,1171,2063,1455,2161,1865,2341
Haryana,HR,68.6,88.0,74.1,83.2,80.1,95.6,26,7,2014,2019,SPCE,1.8 log10 @ 50% inhibition,2558,2597,1755,2285,1895,2160,2050,2483
Haryana,HR,76.4,93.3,73.3,91.2,82.2,96.4,26,8,2014,2019,SPCE,1.8 log10 @ 50% inhibition,2600,2600,1987,2427,1907,2371,2138,2506
Haryana,HR,81.3,94.1,81.2,93.8,84.9,97.8,26,9,2015,2019,SPCE,1.8 log10 @ 50% inhibition,2600,2600,2113,2447,2112,2439,2208,2542
Haryana,HR,67.4,96.0,67.2,95.5,77.8,99.5,26,10,2015,2019,SPCE,1.8 log10 @ 50% inhibition,2000,200,1347,192,1343,191,1555,199
Haryana,HR,27.1,71.4,22.0,70.5,28.7,74.0,26,16,2019,2019,SPCE,1.8 log10 @ 50% inhibition,797,1383,216,988,175,975,229,1024
Haryana,HR,39.5,71.3,44.6,75.6,41.9,74.8,26,17,2019,2019,SPCE,1.8 log10 @ 50% inhibition,1200,1800,474,1284,535,1361,503,1347
Jammu & Kashmir,JK,16.4,46.4,14.6,29.3,12.9,18.7,26,1,2018,2019,SPCE,1.8 log10 @ 50% inhibition,,,,,,,,
Jammu & Kashmir,JK,20.0,,15.8,,10.7,,26,2,2019,2019,SPCE,1.8 log10 @ 50% inhibition,,,,,,,,
Karnataka,KA,83.0,97.0,88.0,94.0,93.0,98.0,18,7,2014,2019,SPCE,1.8 log10 @ 50% inhibition,,,,,,,,
Karnataka,KA,87.5,95.5,84.9,96.7,91.2,97.1,18,8,2015,2019,SPCE,1.8 log10 @ 50% inhibition,,,,,,,,
Karnataka,KA,73.5,87.8,65.3,86.0,74.9,89.9,18,9,2015,2019,SPCE,1.8 log10 @ 50% inhibition,,,,,,,,
Karnataka,KA,70.6,82.9,59.1,75.8,74.5,83.8,18,10,2016,2019,SPCE,1.8 log10 @ 50% inhibition,,,,,,,,
Karnataka,KA,67.9,82.0,63.0,78.0,71.8,80.7,18,11,2016,2019,SPCE,1.8 log10 @ 50% inhibition,,,,,,,,
Karnataka,KA,75.0,88.0,88.0,90.0,74.0,84.0,18,12,2017,2019,SPCE,1.8 log10 @ 50% inhibition,,,,,,,,
Karnataka,KA,52.5,69.7,45.8,61.2,51.0,65.9,18,13,2017,2019,SPCE,1.8 log10 @ 50% inhibition,,,,,,,,
Karnataka,KA,47.4,64.8,41.8,56.1,44.2,56.3,18,14,2018,2019,SPCE,1.8 log10 @ 50% inhibition,,,,,,,,
Karnataka,KA,36.1,61.6,31.8,49.8,37.4,53.8,18,15,2019,2019,SPCE,1.8 log10 @ 50% inhibition,,,,,,,,
Karnataka,KA,26.2,48.1,20.8,39.5,24.8,44.1,18,16,2019,2019,SPCE,1.8 log10 @ 50% inhibition,,,,,,,,
Kerala,KL,13.0,25.0,15.2,30.0,17.0,35.0,18,4,2013,2019,SPCE,1.8 log10 @ 50% inhibition,,,,,,,,
Kerala,KL,20.0,51.1,24.7,58.5,45.1,70.3,18,5,2013,2019,SPCE,1.8 log10 @ 50% inhibition,,,,,,,,
Kerala,KL,53.7,90.5,51.1,79.0,61.3,88.2,18,6,2014,2019,SPCE,1.8 log10 @ 50% inhibition,,,,,,,,
Kerala,KL,76.6,81.1,64.0,92.0,78.3,97.1,18,7,2014,2019,SPCE,1.8 log10 @ 50% inhibition,,,,,,,,
Kerala,KL,82.3,92.0,76.6,87.2,88.1,95.9,18,8,2015,2019,SPCE,1.8 log10 @ 50% inhibition,,,,,,,,
Kerala,KL,67.0,82.7,57.4,79.6,60.4,79.6,18,11,2016,2019,SPCE,1.8 log10 @ 50% inhibition,,,,,,,,
Kerala,KL,51.5,83.4,54.6,83.1,61.5,86.7,18,12,2017,2019,SPCE,1.8 log10 @ 50% inhibition,,,,,,,,
Kerala,KL,59.0,83.8,41.0,68.9,59.9,84.0,18,13,2018,2019,SPCE,1.8 log10 @ 50% inhibition,,,,,,,,
Kerala,KL,38.9,62.2,31.8,55.5,45.9,62.9,18,14,2019,2019,SPCE,1.8 log10 @ 50% inhibition,,,,,,,,
Kerala,KL,44.4,75.6,34.5,64.0,48.0,73.5,18,15,2019,2019,SPCE,1.8 log10 @ 50% inhibition,,,,,,,,
Madhya Pradesh,MP,11.0,27.5,8.5,20.3,7.6,22.0,20,1,2017,2019,SPCE,1.8 log10 @ 50% inhibition,,,,,,,,
Madhya Pradesh,MP,15.2,31.7,10.2,23.2,11.8,30.1,20,2,2017,2019,SPCE,1.8 log10 @ 50% inhibition,,,,,,,,
Madhya Pradesh,MP,14.5,30.3,9.6,22.5,11.6,28.0,20,3,2018,2019,SPCE,1.8 log10 @ 50% inhibition,,,,,,,,
Madhya Pradesh,MP,21.5,14.9,15.6,37.5,28.3,33.5,20,4,2018,2019,SPCE,1.8 log10 @ 50% inhibition,,,,,,,,
Maharashtra,MH,61.3,92.5,43.1,82.8,35.5,77.0,22,6,2014,2019,SPCE,1.8 log10 @ 50% inhibition,,,,,,,,
Maharashtra,MH,71.1,93.0,57.4,89.0,60.0,65.0,22,7,2014,2019,SPCE,1.8 log10 @ 50% inhibition,,,,,,,,
Maharashtra,MH,60.5,89.4,67.9,93.3,67.2,93.9,22,8,2015,2019,SPCE,1.8 log10 @ 50% inhibition,,,,,,,,
Maharashtra,MH,46.3,67.0,28.9,51.9,38.9,60.7,22,9,2015,2019,SPCE,1.8 log10 @ 50% inhibition,,,,,,,,
Maharashtra,MH,66.1,75.8,46.2,59.0,54.2,67.1,22,10,2016,2019,SPCE,1.8 log10 @ 50% inhibition,,,,,,,,
Maharashtra,MH,44.9,66.9,32.8,57.6,41.4,60.8,22,11,2017,2019,SPCE,1.8 log10 @ 50% inhibition,,,,,,,,
Maharashtra,MH,40.2,57.5,27.2,44.9,36.4,50.9,22,12,2018,2019,SPCE,1.8 log10 @ 50% inhibition,,,,,,,,
Maharashtra,MH,44.1,59.0,29.8,49.0,38.4,59.5,22,13,2018,2019,SPCE,1.8 log10 @ 50% inhibition,,,,,,,,
Maharashtra,MH,30.6,43.9,20.2,33.6,24.1,37.9,22,14,2019,2019,SPCE,1.8 log10 @ 50% inhibition,,,,,,,,
Manipur,MN,21.6,50.4,13.5,36.8,16.7,46.4,29,1,2018,2019,SPCE,1.8 log10 @ 50% inhibition,,,,,,,,
Manipur,MN,13.5,62.7,8.8,60.9,12.4,61.8,29,2,2019,2019,SPCE,1.8 log10 @ 50% inhibition,,,,,,,,
Mizoram,MZ,29.4,62.5,23.5,54.0,34.5,60.5,29,1,2019,2019,SPCE,1.8 log10 @ 50% inhibition,,,,,,,,
Mizoram,MZ,45.1,70.1,39.6,67.2,38.3,63.6,29,2,2019,2019,SPCE,1.8 log10 @ 50% inhibition,,,,,,,,
A&N Island,AN,19.8,39.3,9.8,34.9,24.4,45.3,,NADCP 1,2020/2021,2021,SPCE,1.8 log10 @ 50% inhibition,328,516,65,203,32,180,80,234
Andhra Pradesh,AP,9.0,29.2,5.6,23.8,9.2,27.2,,NADCP 1,2020/2021,2021,SPCE,1.8 log10 @ 50% inhibition,2119,2116,191,618,119,504,195,576
Arunachal Pradesh,AR,2.7,,14.0,,1.1,,,NADCP 1,2020/2021,2021,SPCE,1.8 log10 @ 50% inhibition,186,,5,,26,,2,
Assam,AS,9.3,16.0,2.0,6.9,1.3,6.2,,NADCP 1,2020/2021,2021,SPCE,1.8 log10 @ 50% inhibition,1989,1401,185,224,40,97,26,87
Chhattisgarh,CG,17.0,35.6,10.9,22.9,11.5,22.7,,NADCP 1,2020/2021,2021,SPCE,1.8 log10 @ 50% inhibition,2152,2011,366,716,235,461,247,456
Delhi,,39.5,81.2,47.5,74.9,40.5,77.5,,NADCP 1,2020/2021,2021,SPCE,1.8 log10 @ 50% inhibition,200,191,79,155,95,143,81,148
Goa,GA,34.1,49.1,27.6,43.3,34.4,42.7,,NADCP 1,2020/2021,2021,SPCE,1.8 log10 @ 50% inhibition,735,735,251,361,203,318,253,314
Gujarat,GJ,18.8,44.2,16.4,42.4,20.1,46.5,,NADCP 1,2020/2021,2021,SPCE,1.8 log10 @ 50% inhibition,2223,2223,418,983,365,943,447,1034
Haryana,HR,24.2,59.2,24.0,60.8,28.4,63.8,,NADCP 1,2020/2021,2021,SPCE,1.8 log10 @ 50% inhibition,2267,2271,549,1344,544,1381,644,1449
Himachal Pradesh,HP,2.9,9.0,3.5,7.3,1.2,4.0,,NADCP 1,2020/2021,2021,SPCE,1.8 log10 @ 50% inhibition,1504,2301,44,207,53,168,18,92
Jammu & Kashmir,JK,17.4,35.3,9.2,23.1,10.3,19.3,,NADCP 1,2020/2021,2021,SPCE,1.8 log10 @ 50% inhibition,1525,1276,265,450,140,295,157,246
Jharkhand,JH,9.0,29.1,3.4,13.2,4.7,16.7,,NADCP 1,2020/2021,2021,SPCE,1.8 log10 @ 50% inhibition,1506,492,136,143,51,65,71,82
Karnataka,KA,16.3,45.2,12.3,33.3,13.2,37.6,,NADCP 1,2020/2021,2021,SPCE,1.8 log10 @ 50% inhibition,2300,2303,375,1041,283,767,304,866
Kerala,KL,47.4,70.9,39.5,60.1,45.7,67.6,,NADCP 1,2020/2021,2021,SPCE,1.8 log10 @ 50% inhibition,2145,2145,1017,1521,847,1289,980,1450
Madhya Pradesh,MP,10.0,28.4,8.7,21.4,9.3,24.1,,NADCP 1,2020/2021,2021,SPCE,1.8 log10 @ 50% inhibition,4589,4589,459,1303,399,982,427,1106
Maharashtra,MH,17.5,36.3,14.4,29.5,16.2,32.3,,NADCP 1,2020/2021,2021,SPCE,1.8 log10 @ 50% inhibition,4346,4359,761,1582,626,1286,704,1408
Manipur,MN,9.7,45.8,7.1,40.8,7.2,36.8,,NADCP 1,2020/2021,2021,SPCE,1.8 log10 @ 50% inhibition,807,807,78,370,57,329,58,297
Meghalaya,ML,14.0,41.6,7.0,34.5,16.9,32.4,,NADCP 1,2020/2021,2021,SPCE,1.8 log10 @ 50% inhibition,586,586,82,244,41,202,99,190
Mizoram,MZ,10.5,30.4,8.9,26.5,10.9,28.8,,NADCP 1,2020/2021,2021,SPCE,1.8 log10 @ 50% inhibition,838,838,88,255,75,222,91,241
Nagaland,NL,13.2,6.0,6.2,12.9,4.3,9.5,,NADCP 1,2020/2021,2021,SPCE,1.8 log10 @ 50% inhibition,726,419,96,25,45,54,31,40
Odisha,OD,12.7,36.0,8.8,20.5,7.3,17.8,,NADCP 1,2020/2021,2021,SPCE,1.8 log10 @ 50% inhibition,2262,2262,287,814,199,464,165,403
Pondichery,PY,84.1,89.3,78.6,80.3,84.8,89.2,,NADCP 1,2020/2021,2021,SPCE,1.8 log10 @ 50% inhibition,960,960,807,857,755,771,814,856
Punjab,PB,11.5,22.7,18.9,16.7,18.1,23.6,,NADCP 1,2020/2021,2021,SPCE,1.8 log10 @ 50% inhibition,2198,886,253,201,415,148,398,209
Rajasthan,RJ,44.9,57.1,44.6,54.0,38.6,52.9,,NADCP 1,2020/2021,2021,SPCE,1.8 log10 @ 50% inhibition,1188,1188,533,678,530,642,459,628
Sikkim,SK,2.7,22.2,3.9,14.9,2.8,16.6,,NADCP 1,2020/2021,2021,SPCE,1.8 log10 @ 50% inhibition,999,743,27,165,39,111,28,123
Tamil Nadu,TN,37.0,70.3,27.5,60.8,27.8,61.8,,NADCP 1,2020/2021,2021,SPCE,1.8 log10 @ 50% inhibition,2246,2246,831,1579,618,1366,624,1388
Telangana,TS,20.7,52.4,14.5,49.1,20.5,55.0,,NADCP 1,2020/2021,2021,SPCE,1.8 log10 @ 50% inhibition,2210,2210,457,1158,320,1085,453,1216
Uttar Pradesh,UP,9.9,28.7,7.5,18.2,8.6,22.1,,NADCP 1,2020/2021,2021,SPCE,1.8 log10 @ 50% inhibition,7468,5975,739,1715,560,1087,642,1320
Uttarakhand,UK,4.2,24.3,3.8,17.5,3.0,23.1,,NADCP 1,2020/2021,2021,SPCE,1.8 log10 @ 50% inhibition,1320,1291,55,314,50,226,40,298
Total,,17.6,39.0,14.4,31.6,15.8,34.0,,NADCP 1,2020/2021,2021,SPCE,1.8 log10 @ 50% inhibition,53922,49340,9490,19243,7765,15591,8520,16776
Himachal Pradesh,HP,2.8,9.4,3.4,7.3,1.0,3.8,,NADCP 1,2021,2021,SPCE,1.8 log10 @ 50% inhibition,879,1273,25,120,30,93,9,48
Jammu & Kashmir,JK,NaN,24.5,NaN,19.4,NaN,18.7,,NADCP 1,2021,2021,SPCE,1.8 log10 @ 50% inhibition,0,139,0,34,0,27,0,26
Kerala,KL,53.9,71.1,45.4,58.4,51.2,66.6,,NADCP 1,2021,2021,SPCE,1.8 log10 @ 50% inhibition,1485,1349,800,959,674,788,761,898
Meghalaya,ML,14.0,41.6,7.0,34.5,16.9,32.4,,NADCP 1,2021,2021,SPCE,1.8 log10 @ 50% inhibition,586,586,82,244,41,202,99,190
Nagaland,NL,13.2,6.0,6.2,12.9,4.3,9.5,,NADCP 1,2021,2021,SPCE,1.8 log10 @ 50% inhibition,726,419,96,25,45,54,31,40
Pondichery,PY,84.1,89.3,78.6,80.3,84.8,89.2,,NADCP 1,2021,2021,SPCE,1.8 log10 @ 50% inhibition,960,960,807,857,755,771,814,856
Punjab,PB,17.0,22.7,13.2,16.7,15.1,23.6,,NADCP 1,2021,2021,SPCE,1.8 log10 @ 50% inhibition,53,886,9,201,7,148,8,209
Rajasthan,RJ,44.9,57.1,44.6,54.0,38.6,52.9,,NADCP 1,2021,2021,SPCE,1.8 log10 @ 50% inhibition,1188,1188,533,678,530,642,459,628
Sikkim,SK,7.7,17.6,5.1,13.0,7.7,11.0,,NADCP 1,2021,2021,SPCE,1.8 log10 @ 50% inhibition,78,353,6,62,4,46,6,39
Total,,39.6,44.5,35.0,38.7,36.7,41.0,,NADCP 1,2021,2021,SPCE,1.8 log10 @ 50% inhibition,5955,7153,2358,3180,2086,2771,2187,2934
A&N Island,AN,19.8,39.3,9.8,34.9,24.4,45.3,,NADCP 1,2020,2020,SPCE,1.8 log10 @ 50% inhibition,328,516,65,203,32,180,80,234
Andhra Pradesh,AP,9.0,29.2,5.6,23.8,9.2,27.2,,NADCP 1,2020,2020,SPCE,1.8 log10 @ 50% inhibition,2119,2116,191,618,119,504,196,576
Arunachal Pradesh,AR,2.7,,14.0,,1.1,,,NADCP 1,2020,2020,SPCE,1.8 log10 @ 50% inhibition,186,,5,,26,,2,
Assam,AS,9.3,16.0,2.0,6.9,1.3,6.2,,NADCP 1,2020,2020,SPCE,1.8 log10 @ 50% inhibition,1989,1401,184,224,39,96,26,87
Chhattisgarh,CG,17.0,35.6,10.9,22.9,11.5,22.7,,NADCP 1,2020,2020,SPCE,1.8 log10 @ 50% inhibition,2152,2011,366,716,234,461,248,457
Delhi,,39.5,81.2,47.5,74.9,40.5,77.5,,NADCP 1,2020,2020,SPCE,1.8 log10 @ 50% inhibition,200,191,79,155,95,143,81,148
Goa,GA,34.1,49.1,27.6,43.3,34.4,42.7,,NADCP 1,2020,2020,SPCE,1.8 log10 @ 50% inhibition,735,735,251,361,203,318,253,314
Gujarat,GJ,18.8,44.2,16.4,42.4,20.1,46.5,,NADCP 1,2020,2020,SPCE,1.8 log10 @ 50% inhibition,2223,2223,418,982,364,942,447,1033
Haryana,HR,24.2,59.2,24.0,60.8,28.4,63.8,,NADCP 1,2020,2020,SPCE,1.8 log10 @ 50% inhibition,2267,2271,549,1345,545,1380,643,1448
Himachal Pradesh,HP,3.0,8.5,3.7,7.3,1.4,4.3,,NADCP 1,2020,2020,SPCE,1.8 log10 @ 50% inhibition,625,1028,19,87,23,75,9,44
Jammu & Kashmir,JK,17.4,36.6,9.2,23.6,10.3,19.3,,NADCP 1,2020,2020,SPCE,1.8 log10 @ 50% inhibition,1525,1137,265,416,141,268,157,220
Jharkhand,JH,9.0,29.1,3.4,13.2,4.7,16.7,,NADCP 1,2020,2020,SPCE,1.8 log10 @ 50% inhibition,1506,492,135,143,51,65,71,82
Karnataka,KA,16.3,45.2,12.3,33.3,13.2,37.6,,NADCP 1,2020,2020,SPCE,1.8 log10 @ 50% inhibition,2300,2303,376,1042,284,766,304,865
Kerala,KL,32.9,70.6,26.2,62.9,33.2,69.3,,NADCP 1,2020,2020,SPCE,1.8 log10 @ 50% inhibition,660,796,217,562,173,501,219,552
Madhya Pradesh,MP,10.0,28.4,8.7,21.4,9.3,24.1,,NADCP 1,2020,2020,SPCE,1.8 log10 @ 50% inhibition,4589,4589,458,1304,397,983,428,1108
Maharashtra,MH,17.5,36.3,14.4,29.5,16.2,32.3,,NADCP 1,2020,2020,SPCE,1.8 log10 @ 50% inhibition,4346,4359,761,1581,627,1285,705,1410
Manipur,MN,9.7,45.8,7.1,40.8,7.2,36.8,,NADCP 1,2020,2020,SPCE,1.8 log10 @ 50% inhibition,807,807,78,370,57,329,58,297
Mizoram,MZ,10.5,30.4,8.9,26.5,10.9,28.8,,NADCP 1,2020,2020,SPCE,1.8 log10 @ 50% inhibition,838,838,88,255,75,222,91,241
Odisha,OD,12.7,36.0,8.8,20.5,7.3,17.8,,NADCP 1,2020,2020,SPCE,1.8 log10 @ 50% inhibition,2262,2262,287,814,198,464,166,402
Punjab,PB,11.4,,19.0,,18.2,,,NADCP 1,2020,2020,SPCE,1.8 log10 @ 50% inhibition,2145,,244,,408,,390,
Sikkim,SK,2.3,26.4,3.8,16.7,2.4,21.5,,NADCP 1,2020,2020,SPCE,1.8 log10 @ 50% inhibition,921,390,21,103,35,65,22,84
Tamil Nadu,TN,37.0,70.3,27.5,60.8,27.8,61.8,,NADCP 1,2020,2020,SPCE,1.8 log10 @ 50% inhibition,2246,2246,832,1578,618,1366,625,1388
Telangana,TS,20.7,52.4,14.5,49.1,20.5,55.0,,NADCP 1,2020,2020,SPCE,1.8 log10 @ 50% inhibition,2210,2210,458,1157,321,1085,453,1215
Uttar Pradesh,UP,9.9,28.7,7.5,18.2,8.6,22.1,,NADCP 1,2020,2020,SPCE,1.8 log10 @ 50% inhibition,7468,5975,738,1714,559,1086,642,1323
Uttarakhand,UK,4.2,24.3,3.8,17.5,3.0,23.1,,NADCP 1,2020,2020,SPCE,1.8 log10 @ 50% inhibition,1320,1291,55,314,50,226,39,298
Total,,14.9,38.0,11.8,30.4,13.2,32.8,,NADCP 1,2020,2020,SPCE,1.8 log10 @ 50% inhibition,47967,42187,7140,16044,5674,12810,6355,13826
A&N Island,AN,19.8,39.3,9.8,34.9,24.4,45.3,,NADCP 1,2020,2020,SPCE,1.8 log10 @ 50% inhibition,328,516,65,203,32,180,80,234
Andhra Pradesh,AP,9.0,29.2,5.6,23.8,9.2,27.2,,NADCP 1,2020,2020,SPCE,1.8 log10 @ 50% inhibition,2119,2116,191,618,119,504,196,576
Arunachal Pradesh,AR,2.7,,14.0,,1.1,,,NADCP 1,2020,2020,SPCE,1.8 log10 @ 50% inhibition,186,,5,,26,,2,
Assam,AS,9.3,16.0,2.0,6.9,1.3,6.2,,NADCP 1,2020,2020,SPCE,1.8 log10 @ 50% inhibition,1989,1401,184,224,39,96,26,87
Chhattisgarh,CG,17.0,35.6,10.9,22.9,11.5,22.7,,NADCP 1,2020,2020,SPCE,1.8 log10 @ 50% inhibition,2152,2011,366,716,234,461,248,457
Delhi,,39.5,81.2,47.5,74.9,40.5,77.5,,NADCP 1,2020,2020,SPCE,1.8 log10 @ 50% inhibition,200,191,79,155,95,143,81,148
Goa,GA,34.1,49.1,27.6,43.3,34.4,42.7,,NADCP 1,2020,2020,SPCE,1.8 log10 @ 50% inhibition,735,735,251,361,203,318,253,314
Gujarat,GJ,18.8,44.2,16.4,42.4,20.1,46.5,,NADCP 1,2020,2020,SPCE,1.8 log10 @ 50% inhibition,2223,2223,418,982,364,942,447,1033
Haryana,HR,24.2,59.2,24.0,60.8,28.4,63.8,,NADCP 1,2020,2020,SPCE,1.8 log10 @ 50% inhibition,2267,2271,549,1345,545,1380,643,1448
Himachal Pradesh,HP,3.0,8.5,3.7,7.3,1.4,4.3,,NADCP 1,2020,2020,SPCE,1.8 log10 @ 50% inhibition,625,1028,19,87,23,75,9,44
Jammu & Kashmir,JK,17.4,36.6,9.2,23.6,10.3,19.3,,NADCP 1,2020,2020,SPCE,1.8 log10 @ 50% inhibition,1525,1137,265,416,141,268,157,220
Jharkhand,JH,9.0,29.1,3.4,13.2,4.7,16.7,,NADCP 1,2020,2020,SPCE,1.8 log10 @ 50% inhibition,1506,492,135,143,51,65,71,82
Karnataka,KA,16.3,45.2,12.3,33.3,13.2,37.6,,NADCP 1,2020,2020,SPCE,1.8 log10 @ 50% inhibition,2300,2303,376,1042,284,766,304,865
Kerala,KL,32.9,70.6,26.2,62.9,33.2,69.3,,NADCP 1,2020,2020,SPCE,1.8 log10 @ 50% inhibition,660,796,217,562,173,501,219,552
Madhya Pradesh,MP,10.0,28.4,8.7,21.4,9.3,24.1,,NADCP 1,2020,2020,SPCE,1.8 log10 @ 50% inhibition,4589,4589,458,1304,397,983,428,1108
Maharashtra,MH,17.5,36.3,14.4,29.5,16.2,32.3,,NADCP 1,2020,2020,SPCE,1.8 log10 @ 50% inhibition,4346,4359,761,1581,627,1285,705,1410
Manipur,MN,9.7,45.8,7.1,40.8,7.2,36.8,,NADCP 1,2020,2020,SPCE,1.8 log10 @ 50% inhibition,807,807,78,370,57,329,58,297
Mizoram,MZ,10.5,30.4,8.9,26.5,10.9,28.8,,NADCP 1,2020,2020,SPCE,1.8 log10 @ 50% inhibition,838,838,88,255,75,222,91,241
Odisha,OD,12.7,36.0,8.8,20.5,7.3,17.8,,NADCP 1,2020,2020,SPCE,1.8 log10 @ 50% inhibition,2262,2262,287,814,198,464,166,402
Punjab,PB,11.4,,19.0,,18.2,,,NADCP 1,2020,2020,SPCE,1.8 log10 @ 50% inhibition,2145,,244,,408,,390,
Sikkim,SK,2.3,26.4,3.8,16.7,2.4,21.5,,NADCP 1,2020,2020,SPCE,1.8 log10 @ 50% inhibition,921,390,21,103,35,65,22,84
Tamil Nadu,TN,37.0,70.3,27.5,60.8,27.8,61.8,,NADCP 1,2020,2020,SPCE,1.8 log10 @ 50% inhibition,2246,2246,832,1578,618,1366,625,1388
Telangana,TS,20.7,52.4,14.5,49.1,20.5,55.0,,NADCP 1,2020,2020,SPCE,1.8 log10 @ 50% inhibition,2210,2210,458,1157,321,1085,453,1215
Uttar Pradesh,UP,9.9,28.7,7.5,18.2,8.6,22.1,,NADCP 1,2020,2020,SPCE,1.8 log10 @ 50% inhibition,7468,5975,738,1714,559,1086,642,1323
Uttarakhand,UK,4.2,24.3,3.8,17.5,3.0,23.1,,NADCP 1,2020,2020,SPCE,1.8 log10 @ 50% inhibition,1320,1291,55,314,50,226,39,298
Total,,14.9,38.0,11.8,30.4,13.2,32.8,,NADCP 1,2020,2020,SPCE,1.8 log10 @ 50% inhibition,47967,42187,7140,16044,5674,12810,6355,13826
Himachal Pradesh,HP,2.8,9.4,3.4,7.3,1.0,3.8,,NADCP 1,2021,2021,SPCE,1.8 log10 @ 50% inhibition,879,1273,25,120,30,93,9,48
Jammu & Kashmir,JK,NaN,24.5,NaN,19.4,NaN,18.7,,NADCP 1,2021,2021,SPCE,1.8 log10 @ 50% inhibition,0,139,0,34,0,27,0,26
Kerala,KL,53.9,71.1,45.4,58.4,51.2,66.6,,NADCP 1,2021,2021,SPCE,1.8 log10 @ 50% inhibition,1485,1349,800,959,674,788,761,898
Meghalaya,ML,14.0,41.6,7.0,34.5,16.9,32.4,,NADCP 1,2021,2021,SPCE,1.8 log10 @ 50% inhibition,586,586,82,244,41,202,99,190
Nagaland,NL,13.2,6.0,6.2,12.9,4.3,9.5,,NADCP 1,2021,2021,SPCE,1.8 log10 @ 50% inhibition,726,419,96,25,45,54,31,40
Pondichery,PY,84.1,89.3,78.6,80.3,84.8,89.2,,NADCP 1,2021,2021,SPCE,1.8 log10 @ 50% inhibition,960,960,807,857,755,771,814,856
Punjab,PB,17.0,22.7,13.2,16.7,15.1,23.6,,NADCP 1,2021,2021,SPCE,1.8 log10 @ 50% inhibition,53,886,9,201,7,148,8,209
Rajasthan,RJ,44.9,57.1,44.6,54.0,38.6,52.9,,NADCP 1,2021,2021,SPCE,1.8 log10 @ 50% inhibition,1188,1188,533,678,530,642,459,628
Sikkim,SK,7.7,17.6,5.1,13.0,7.7,11.0,,NADCP 1,2021,2021,SPCE,1.8 log10 @ 50% inhibition,78,353,6,62,4,46,6,39
Total,,39.6,44.5,35.0,38.7,36.7,41.0,,NADCP 1,2021,2021,SPCE,1.8 log10 @ 50% inhibition,5955,7153,2358,3180,2086,2771,2187,2934
A&N Island,AN,15.3,79.2,6.8,68.0,16.7,85.8,,NADCP 2,2021/2022,2022,SPCE,1.65 log10 @ 35% inhibition,472,472,72,374,32,321,79,405
Andhra Pradesh,AP,19.7,41.5,19.5,46.5,22.9,49.2,,NADCP 2,2021/2022,2022,SPCE,1.65 log10 @ 35% inhibition,2722,2716,536,1127,531,1263,623,1336
Arunachal Pradesh,AR,15.6,82.5,12.0,73.1,0.5,72.5,,NADCP 2,2021/2022,2022,SPCE,1.65 log10 @ 35% inhibition,417,342,65,282,50,250,2,248
Assam,AS,24.7,57.1,19.9,54.2,19.9,55.0,,NADCP 2,2021/2022,2022,SPCE,1.65 log10 @ 35% inhibition,1848,1848,456,1055,368,1002,368,1016
Bihar,BR,16.0,45.3,7.4,45.9,11.8,37.2,,NADCP 2,2021/2022,2022,SPCE,1.65 log10 @ 35% inhibition,2246,2117,359,959,166,972,265,788
Chandigarh,CH,35.5,75.5,32.0,68.0,40.0,79.0,,NADCP 2,2021/2022,2022,SPCE,1.65 log10 @ 35% inhibition,200,200,71,151,64,136,80,158
Chhattisgarh,CG,24.4,,16.6,,11.5,,,NADCP 2,2021/2022,2022,SPCE,1.65 log10 @ 35% inhibition,2209,,539,,367,,254,
Dadra and Nagar Haveli and Daman and Diu,DD,56.0,69.6,27.5,67.5,32.0,58.6,,NADCP 2,2021/2022,2022,SPCE,1.65 log10 @ 35% inhibition,200,191,112,133,55,129,64,112
Delhi,,73.1,88.7,65.0,86.1,65.0,89.6,,NADCP 2,2021/2022,2022,SPCE,1.65 log10 @ 35% inhibition,234,230,171,204,152,198,152,206
Goa,GA,48.4,77.8,35.1,79.8,43.2,84.8,,NADCP 2,2021/2022,2022,SPCE,1.65 log10 @ 35% inhibition,1289,1289,624,1003,452,1029,557,1093
Gujarat,GJ,15.2,40.6,12.1,27.1,14.0,34.8,,NADCP 2,2021/2022,2022,SPCE,1.65 log10 @ 35% inhibition,2184,2184,332,887,264,592,306,760
Haryana,HR,36.4,68.8,34.7,67.9,43.2,72.9,,NADCP 2,2021/2022,2022,SPCE,1.65 log10 @ 35% inhibition,2289,2285,833,1572,794,1552,989,1666
Himachal Pradesh,HP,31.7,61.5,26.8,54.9,20.5,55.1,,NADCP 2,2021/2022,2022,SPCE,1.65 log10 @ 35% inhibition,619,1432,196,881,166,786,127,789
Jammu & Kashmir,JK,18.5,67.3,13.0,58.2,10.3,57.4,,NADCP 2,2021/2022,2022,SPCE,1.65 log10 @ 35% inhibition,1073,1048,199,705,139,610,111,602
Jharkhand,JH,33.7,,15.7,,36.1,,,NADCP 2,2021/2022,2022,SPCE,1.65 log10 @ 35% inhibition,83,,28,,13,,30,
Karnataka,KA,50.0,85.5,45.2,84.1,45.5,83.2,,NADCP 2,2021/2022,2022,SPCE,1.65 log10 @ 35% inhibition,2166,2173,1083,1858,979,1827,986,1808
Kerala,KL,35.7,72.7,33.7,69.2,37.0,72.5,,NADCP 2,2021/2022,2022,SPCE,1.65 log10 @ 35% inhibition,2182,2182,779,1586,735,1510,807,1582
Madhya Pradesh,MP,35.1,63.0,38.0,66.6,20.8,51.9,,NADCP 2,2021/2022,2022,SPCE,1.65 log10 @ 35% inhibition,1014,1014,356,639,385,675,211,526
Maharashtra,MH,31.4,76.3,33.5,79.7,31.2,77.8,,NADCP 2,2021/2022,2022,SPCE,1.65 log10 @ 35% inhibition,4420,4420,1388,3372,1481,3523,1379,3439
Meghalaya,ML,34.8,90.9,60.6,92.2,8.1,66.2,,NADCP 2,2021/2022,2022,SPCE,1.65 log10 @ 35% inhibition,198,154,69,140,120,142,16,102
Nagaland,NL,44.3,,28.1,,31.6,,,NADCP 2,2021/2022,2022,SPCE,1.65 log10 @ 35% inhibition,1056,,468,,297,,334,
Odisha,OD,13.4,89.9,12.5,87.9,12.7,87.0,,NADCP 2,2021/2022,2022,SPCE,1.65 log10 @ 35% inhibition,2262,2262,303,2034,283,1988,287,1968
Pondichery,PY,91.3,95.9,83.1,89.8,85.5,89.1,,NADCP 2,2021/2022,2022,SPCE,1.65 log10 @ 35% inhibition,883,883,806,847,734,793,755,787
Punjab,PB,33.2,66.1,29.5,66.7,30.2,68.1,,NADCP 2,2021/2022,2022,SPCE,1.65 log10 @ 35% inhibition,2196,2196,729,1452,648,1465,663,1495
Sikkim,SK,12.5,52.4,11.2,48.2,12.6,45.9,,NADCP 2,2021/2022,2022,SPCE,1.65 log10 @ 35% inhibition,1138,1016,142,532,127,490,143,466
Tamil Nadu,TN,51.4,78.3,36.5,68.5,40.6,70.3,,NADCP 2,2021/2022,2022,SPCE,1.65 log10 @ 35% inhibition,2327,2327,1196,1822,849,1594,945,1636
Telangana,TS,29.8,64.0,22.6,56.0,22.0,57.2,,NADCP 2,2021/2022,2022,SPCE,1.65 log10 @ 35% inhibition,2275,2275,678,1456,514,1274,500,1301
Uttar Pradesh,UP,33.0,54.6,22.0,57.1,25.2,45.3,,NADCP 2,2021/2022,2022,SPCE,1.65 log10 @ 35% inhibition,2433,2240,803,1223,535,1279,613,1015
Uttarakhand,UK,16.7,58.2,13.3,59.7,11.0,45.0,,NADCP 2,2021/2022,2022,SPCE,1.65 log10 @ 35% inhibition,1358,1236,227,719,181,738,149,556
West Bengal,WB,30.8,75.3,17.2,63.0,19.6,63.6,,NADCP 2,2021/2022,2022,SPCE,1.65 log10 @ 35% inhibition,803,814,247,613,138,513,157,518
Total,,31.0,66.5,25.9,64.1,26.7,63.5,,NADCP 2,2021/2022,2022,SPCE,1.65 log10 @ 35% inhibition,44796,41546,13887,27628,11602,26631,11961,26382
A&N Island,AN,10.2,79.2,5.6,68.0,13.9,85.8,,NADCP 2,2022,2022,SPCE,1.65 log10 @ 35% inhibition,108,472,11,374,6,321,15,405
Arunachal Pradesh,AR,15.6,82.5,12.0,73.1,0.5,72.5,,NADCP 2,2022,2022,SPCE,1.65 log10 @ 35% inhibition,417,342,65,282,50,250,2,248
Assam,AS,24.7,57.1,19.9,54.2,19.9,55.0,,NADCP 2,2022,2022,SPCE,1.65 log10 @ 35% inhibition,1848,1848,456,1055,368,1002,368,1016
Bihar,BR,16.0,45.3,7.4,45.9,11.8,37.2,,NADCP 2,2022,2022,SPCE,1.65 log10 @ 35% inhibition,2246,2117,359,959,166,972,265,788
Chhattisgarh,CG,24.4,NaN,16.6,NaN,11.5,NaN,,NADCP 2,2022,2022,SPCE,1.65 log10 @ 35% inhibition,2209,0,539,0,367,0,254,0
Dadra and Nagar Haveli and Daman and Diu,DD,56.0,69.6,27.5,67.5,32.0,58.6,,NADCP 2,2022,2022,SPCE,1.65 log10 @ 35% inhibition,200,191,112,133,55,129,64,112
Goa,GA,48.4,77.8,35.1,79.8,43.2,84.8,,NADCP 2,2022,2022,SPCE,1.65 log10 @ 35% inhibition,1289,1289,624,1003,452,1029,557,1093
Gujarat,GJ,15.2,40.6,12.1,27.1,14.0,34.8,,NADCP 2,2022,2022,SPCE,1.65 log10 @ 35% inhibition,2184,2184,332,887,264,592,306,760
Himachal Pradesh,HP,31.7,58.6,26.8,51.8,20.5,49.9,,NADCP 2,2022,2022,SPCE,1.65 log10 @ 35% inhibition,619,1108,196,649,166,574,127,553
Jammu & Kashmir,JK,2.0,67.3,2.0,58.2,4.4,57.4,,NADCP 2,2022,2022,SPCE,1.65 log10 @ 35% inhibition,586,1048,12,705,12,610,26,602
Jharkhand,JH,33.7,NaN,15.7,NaN,36.1,NaN,,NADCP 2,2022,2022,SPCE,1.65 log10 @ 35% inhibition,83,0,28,0,13,0,30,0
Karnataka,KA,37.3,82.2,31.9,79.0,33.3,79.3,,NADCP 2,2022,2022,SPCE,1.65 log10 @ 35% inhibition,970,960,362,789,309,758,323,761
Kerala,KL,35.7,72.7,33.7,69.2,37.0,72.5,,NADCP 2,2022,2022,SPCE,1.65 log10 @ 35% inhibition,2182,2182,779,1586,735,1510,807,1582
Madhya Pradesh,MP,35.1,63.0,38.0,66.6,20.8,51.9,,NADCP 2,2022,2022,SPCE,1.65 log10 @ 35% inhibition,1014,1014,356,639,385,675,211,526
Maharashtra,MH,37.0,77.6,38.3,81.5,35.9,79.8,,NADCP 2,2022,2022,SPCE,1.65 log10 @ 35% inhibition,3341,3809,1236,2957,1278,3106,1201,3040
Meghalaya,ML,34.8,90.9,60.6,92.2,8.1,66.2,,NADCP 2,2022,2022,SPCE,1.65 log10 @ 35% inhibition,198,154,69,140,120,142,16,102
Nagaland,NL,44.3,NaN,28.1,NaN,31.6,NaN,,NADCP 2,2022,2022,SPCE,1.65 log10 @ 35% inhibition,1056,0,468,0,297,0,334,0
Odisha,OD,13.4,89.9,12.5,87.9,12.7,87.0,,NADCP 2,2022,2022,SPCE,1.65 log10 @ 35% inhibition,2262,2262,303,2034,283,1988,287,1968
Pondichery,PY,91.3,95.9,83.1,89.8,85.5,89.1,,NADCP 2,2022,2022,SPCE,1.65 log10 @ 35% inhibition,883,883,806,847,734,793,755,787
Punjab,PB,33.2,66.1,29.5,66.7,30.2,68.1,,NADCP 2,2022,2022,SPCE,1.65 log10 @ 35% inhibition,2196,2196,729,1452,648,1465,663,1495
Sikkim,SK,12.5,52.4,11.2,48.2,12.6,45.9,,NADCP 2,2022,2022,SPCE,1.65 log10 @ 35% inhibition,1138,1016,142,532,127,490,143,466
Tamil Nadu,TN,51.4,78.3,36.5,68.5,40.6,70.3,,NADCP 2,2022,2022,SPCE,1.65 log10 @ 35% inhibition,2327,2327,1196,1822,849,1594,945,1636
Telangana,TS,29.8,64.0,22.6,56.0,22.0,57.2,,NADCP 2,2022,2022,SPCE,1.65 log10 @ 35% inhibition,2275,2275,678,1456,514,1274,500,1301
Uttar Pradesh,UP,30.2,54.6,24.2,57.1,18.8,45.3,,NADCP 2,2022,2022,SPCE,1.65 log10 @ 35% inhibition,1554,2240,469,1223,376,1279,292,1015
Uttarakhand,UK,16.7,58.2,13.3,59.7,11.0,45.0,,NADCP 2,2022,2022,SPCE,1.65 log10 @ 35% inhibition,1358,1236,227,719,181,738,149,556
West Bengal,WB,30.8,75.3,17.2,63.0,19.6,63.6,,NADCP 2,2022,2022,SPCE,1.65 log10 @ 35% inhibition,803,814,247,613,138,513,157,518
Total,,30.6,67.3,25.2,64.2,24.9,62.8,,NADCP 2,2022,2022,SPCE,1.65 log10 @ 35% inhibition,35346,33967,10801,22856,8893,21804,8797,21330
A&N Island,AN,16.8,,7.1,,17.6,,,NADCP 2,2021,2021,SPCE,1.65 log10 @ 35% inhibition,364,,61,,26,,64,
Andhra Pradesh,AP,19.7,41.5,19.5,46.5,22.9,49.2,,NADCP 2,2021,2021,SPCE,1.65 log10 @ 35% inhibition,2722,2716,536,1127,531,1263,623,1336
Chandigarh,CH,35.5,75.5,32.0,68.0,40.0,79.0,,NADCP 2,2021,2021,SPCE,1.65 log10 @ 35% inhibition,200,200,71,151,64,136,80,158
Delhi,,73.1,88.7,65.0,86.1,65.0,89.6,,NADCP 2,2021,2021,SPCE,1.65 log10 @ 35% inhibition,234,230,171,204,152,198,152,206
Haryana,HR,36.4,68.8,34.7,67.9,43.2,72.9,,NADCP 2,2021,2021,SPCE,1.65 log10 @ 35% inhibition,2289,2285,833,1572,794,1552,989,1666
Himachal Pradesh,HP,,71.6,,65.4,,72.8,,NADCP 2,2021,2021,SPCE,1.65 log10 @ 35% inhibition,,324,,232,,212,,236
Jammu & Kashmir,JK,38.4,,26.1,,17.5,,,NADCP 2,2021,2021,SPCE,1.65 log10 @ 35% inhibition,487,,187,,127,,85,
Karnataka,KA,60.3,88.1,56.0,88.1,55.4,86.3,,NADCP 2,2021,2021,SPCE,1.65 log10 @ 35% inhibition,1196,1213,721,1069,670,1069,663,1047
Maharashtra,MH,14.1,67.9,18.8,68.2,16.5,65.3,,NADCP 2,2021,2021,SPCE,1.65 log10 @ 35% inhibition,1079,611,152,415,203,417,178,399
Uttar Pradesh,UP,38.0,,18.1,,36.5,,,NADCP 2,2021,2021,SPCE,1.65 log10 @ 35% inhibition,879,,334,,159,,321,
Total,,32.5,62.9,28.8,63.9,33.4,66.6,,NADCP 2,2021,2021,SPCE,1.65 log10 @ 35% inhibition,9450,7579,3071,4767,2722,4843,3156,5048
A&N Island,AN,16.8,,7.1,,17.6,,,NADCP 2,2021,2021,SPCE,1.65 log10 @ 35% inhibition,364,,61,,26,,64,
Andhra Pradesh,AP,19.7,41.5,19.5,46.5,22.9,49.2,,NADCP 2,2021,2021,SPCE,1.65 log10 @ 35% inhibition,2722,2716,536,1127,531,1263,623,1336
Chandigarh,CH,35.5,75.5,32.0,68.0,40.0,79.0,,NADCP 2,2021,2021,SPCE,1.65 log10 @ 35% inhibition,200,200,71,151,64,136,80,158
Delhi,,73.1,88.7,65.0,86.1,65.0,89.6,,NADCP 2,2021,2021,SPCE,1.65 log10 @ 35% inhibition,234,230,171,204,152,198,152,206
Haryana,HR,36.4,68.8,34.7,67.9,43.2,72.9,,NADCP 2,2021,2021,SPCE,1.65 log10 @ 35% inhibition,2289,2285,833,1572,794,1552,989,1666
Himachal Pradesh,HP,,71.6,,65.4,,72.8,,NADCP 2,2021,2021,SPCE,1.65 log10 @ 35% inhibition,,324,,232,,212,,236
Jammu & Kashmir,JK,38.4,,26.1,,17.5,,,NADCP 2,2021,2021,SPCE,1.65 log10 @ 35% inhibition,487,,187,,127,,85,
Karnataka,KA,60.3,88.1,56.0,88.1,55.4,86.3,,NADCP 2,2021,2021,SPCE,1.65 log10 @ 35% inhibition,1196,1213,721,1069,670,1069,663,1047
Maharashtra,MH,14.1,67.9,18.8,68.2,16.5,65.3,,NADCP 2,2021,2021,SPCE,1.65 log10 @ 35% inhibition,1079,611,152,415,203,417,178,399
Uttar Pradesh,UP,38.0,,18.1,,36.5,,,NADCP 2,2021,2021,SPCE,1.65 log10 @ 35% inhibition,879,,334,,159,,321,
Total,,32.5,62.9,28.8,63.9,33.4,66.6,,NADCP 2,2021,2021,SPCE,1.65 log10 @ 35% inhibition,9450,7579,3071,4767,2722,4843,3156,5048
A&N Island,AN,10.2,79.2,5.6,68.0,13.9,85.8,,NADCP 2,2022,2022,SPCE,1.65 log10 @ 35% inhibition,108,472,11,374,6,321,15,405
Arunachal Pradesh,AR,15.6,82.5,12.0,73.1,0.5,72.5,,NADCP 2,2022,2022,SPCE,1.65 log10 @ 35% inhibition,417,342,65,282,50,250,2,248
Assam,AS,24.7,57.1,19.9,54.2,19.9,55.0,,NADCP 2,2022,2022,SPCE,1.65 log10 @ 35% inhibition,1848,1848,456,1055,368,1002,368,1016
Bihar,BR,16.0,45.3,7.4,45.9,11.8,37.2,,NADCP 2,2022,2022,SPCE,1.65 log10 @ 35% inhibition,2246,2117,359,959,166,972,265,788
Chhattisgarh,CG,24.4,NaN,16.6,NaN,11.5,NaN,,NADCP 2,2022,2022,SPCE,1.65 log10 @ 35% inhibition,2209,0,539,0,367,0,254,0
Dadra and Nagar Haveli and Daman and Diu,DD,56.0,69.6,27.5,67.5,32.0,58.6,,NADCP 2,2022,2022,SPCE,1.65 log10 @ 35% inhibition,200,191,112,133,55,129,64,112
Goa,GA,48.4,77.8,35.1,79.8,43.2,84.8,,NADCP 2,2022,2022,SPCE,1.65 log10 @ 35% inhibition,1289,1289,624,1003,452,1029,557,1093
Gujarat,GJ,15.2,40.6,12.1,27.1,14.0,34.8,,NADCP 2,2022,2022,SPCE,1.65 log10 @ 35% inhibition,2184,2184,332,887,264,592,306,760
Himachal Pradesh,HP,31.7,58.6,26.8,51.8,20.5,49.9,,NADCP 2,2022,2022,SPCE,1.65 log10 @ 35% inhibition,619,1108,196,649,166,574,127,553
Jammu & Kashmir,JK,2.0,67.3,2.0,58.2,4.4,57.4,,NADCP 2,2022,2022,SPCE,1.65 log10 @ 35% inhibition,586,1048,12,705,12,610,26,602
Jharkhand,JH,33.7,NaN,15.7,NaN,36.1,NaN,,NADCP 2,2022,2022,SPCE,1.65 log10 @ 35% inhibition,83,0,28,0,13,0,30,0
Karnataka,KA,37.3,82.2,31.9,79.0,33.3,79.3,,NADCP 2,2022,2022,SPCE,1.65 log10 @ 35% inhibition,970,960,362,789,309,758,323,761
Kerala,KL,35.7,72.7,33.7,69.2,37.0,72.5,,NADCP 2,2022,2022,SPCE,1.65 log10 @ 35% inhibition,2182,2182,779,1586,735,1510,807,1582
Madhya Pradesh,MP,35.1,63.0,38.0,66.6,20.8,51.9,,NADCP 2,2022,2022,SPCE,1.65 log10 @ 35% inhibition,1014,1014,356,639,385,675,211,526
Maharashtra,MH,37.0,77.6,38.3,81.5,35.9,79.8,,NADCP 2,2022,2022,SPCE,1.65 log10 @ 35% inhibition,3341,3809,1236,2957,1278,3106,1201,3040
Meghalaya,ML,34.8,90.9,60.6,92.2,8.1,66.2,,NADCP 2,2022,2022,SPCE,1.65 log10 @ 35% inhibition,198,154,69,140,120,142,16,102
Nagaland,NL,44.3,NaN,28.1,NaN,31.6,NaN,,NADCP 2,2022,2022,SPCE,1.65 log10 @ 35% inhibition,1056,0,468,0,297,0,334,0
Odisha,OD,13.4,89.9,12.5,87.9,12.7,87.0,,NADCP 2,2022,2022,SPCE,1.65 log10 @ 35% inhibition,2262,2262,303,2034,283,1988,287,1968
Pondichery,PY,91.3,95.9,83.1,89.8,85.5,89.1,,NADCP 2,2022,2022,SPCE,1.65 log10 @ 35% inhibition,883,883,806,847,734,793,755,787
Punjab,PB,33.2,66.1,29.5,66.7,30.2,68.1,,NADCP 2,2022,2022,SPCE,1.65 log10 @ 35% inhibition,2196,2196,729,1452,648,1465,663,1495
Sikkim,SK,12.5,52.4,11.2,48.2,12.6,45.9,,NADCP 2,2022,2022,SPCE,1.65 log10 @ 35% inhibition,1138,1016,142,532,127,490,143,466
Tamil Nadu,TN,51.4,78.3,36.5,68.5,40.6,70.3,,NADCP 2,2022,2022,SPCE,1.65 log10 @ 35% inhibition,2327,2327,1196,1822,849,1594,945,1636
Telangana,TS,29.8,64.0,22.6,56.0,22.0,57.2,,NADCP 2,2022,2022,SPCE,1.65 log10 @ 35% inhibition,2275,2275,678,1456,514,1274,500,1301
Uttar Pradesh,UP,30.2,54.6,24.2,57.1,18.8,45.3,,NADCP 2,2022,2022,SPCE,1.65 log10 @ 35% inhibition,1554,2240,469,1223,376,1279,292,1015
Uttarakhand,UK,16.7,58.2,13.3,59.7,11.0,45.0,,NADCP 2,2022,2022,SPCE,1.65 log10 @ 35% inhibition,1358,1236,227,719,181,738,149,556
West Bengal,WB,30.8,75.3,17.2,63.0,19.6,63.6,,NADCP 2,2022,2022,SPCE,1.65 log10 @ 35% inhibition,803,814,247,613,138,513,157,518
Total,,30.6,67.3,25.2,64.2,24.9,62.8,,NADCP 2,2022,2022,SPCE,1.65 log10 @ 35% inhibition,35346,33967,10801,22856,8893,21804,8797,21330
Haryana,HR,32.4,74.3,35.9,77.9,34.6,79.5,,NADCP 3,2022,2022,SPCE,1.65 log10 @ 35% inhibition,2145,2143,695,1592,770,1669,742,1704
Karnataka,KA,45.3,,42.3,,41.4,,,NADCP 3,2022,2022,SPCE,1.65 log10 @ 35% inhibition,1612,,730,,682,,667,
Total,,37.9,74.3,38.6,77.9,37.5,79.5,,NADCP 3,2022,2022,SPCE,1.65 log10 @ 35% inhibition,3757,2143,1424,1592,1450,1669,1409,1704
Odisha,OD,23.8,58.8,14.7,44.9,17.1,50.8,28,1,2017,2019,SPCE,1.8 log10 @ 50% inhibition,,,,,,,,
Odisha,OD,26.4,47.9,16.5,35.4,22.4,44.7,28,2,2018,2019,SPCE,1.8 log10 @ 50% inhibition,,,,,,,,
Odisha,OD,34.1,51.3,17.8,33.8,27.7,40.0,28,3,2018,2019,SPCE,1.8 log10 @ 50% inhibition,,,,,,,,
Odisha,OD,25.3,48.0,13.0,39.0,17.1,35.7,28,4,2019,2019,SPCE,1.8 log10 @ 50% inhibition,,,,,,,,
Odisha,OD,21.6,40.2,12.9,28.0,16.1,21.1,28,5,2019,2019,SPCE,1.8 log10 @ 50% inhibition,,,,,,,,
Andhra Pradesh,AP,83.9,96.3,72.5,86.9,84.8,92.3,,Organized farms,2021,2021,SPCE,1.8 log10 @ 50% inhibition,429,480,360,462,311,417,364,443
Chhattisgarh,CG,65.1,79.3,61.4,87.8,57.8,67.1,,Organized farms,2021,2021,SPCE,1.8 log10 @ 50% inhibition,83,82,54,65,51,72,48,55
Gujarat,GJ,63.2,95.0,53.5,79.2,63.2,77.4,,Organized farms,2021,2021,SPCE,1.8 log10 @ 50% inhibition,340,159,215,151,182,126,215,123
Haryana,HR,89.9,95.8,79.7,92.4,89.0,95.7,,Organized farms,2021,2021,SPCE,1.8 log10 @ 50% inhibition,1283,1574,1153,1508,1023,1454,1142,1506
Himachal Pradesh,HP,84.4,92.2,53.1,81.3,32.8,54.7,,Organized farms,2021,2021,SPCE,1.8 log10 @ 50% inhibition,64,64,54,59,34,52,21,35
Kerala,KL,84.5,92.6,73.0,86.8,85.5,91.6,,Organized farms,2021,2021,SPCE,1.8 log10 @ 50% inhibition,882,901,745,834,644,782,754,825
Madhya Pradesh,MP,66.7,90.7,61.2,79.0,78.4,91.2,,Organized farms,2021,2021,SPCE,1.8 log10 @ 50% inhibition,402,601,268,545,246,475,315,548
Tamil Nadu,TN,87.6,97.1,69.5,96.2,77.1,93.3,,Organized farms,2021,2021,SPCE,1.8 log10 @ 50% inhibition,105,105,92,102,73,101,81,98
Uttar Pradesh,UP,72.1,83.4,69.6,72.8,89.2,87.6,,Organized farms,2021,2021,SPCE,1.8 log10 @ 50% inhibition,240,169,173,141,167,123,214,148
West Bengal,WB,88.2,94.5,91.8,97.3,93.6,97.3,,Organized farms,2021,2021,SPCE,1.8 log10 @ 50% inhibition,110,110,97,104,101,107,103,107
Total,,81.6,93.6,71.9,87.4,82.7,91.6,,Organized farms,2021,2021,SPCE,1.8 log10 @ 50% inhibition,3938,4245,3213,3973,2831,3710,3257,3888
Andhra Pradesh,AP,98.6,97.9,96.2,96.6,98.6,100.0,,Organized farms,2022,2022,SPCE,1.65 log10 @ 35% inhibition,501,326,494,319,482,315,494,326
Chhattisgarh,CG,78.5,100.0,68.8,100.0,74.2,100.0,,Organized farms,2022,2022,SPCE,1.65 log10 @ 35% inhibition,93,68,73,68,64,68,69,68
Gujarat,GJ,100.0,100.0,98.7,94.3,93.1,95.0,,Organized farms,2022,2022,SPCE,1.65 log10 @ 35% inhibition,379,562,379,562,374,530,353,534
Haryana,HR,93.6,98.5,93.3,98.7,93.0,98.8,,Organized farms,2022,2022,SPCE,1.65 log10 @ 35% inhibition,644,868,603,855,601,857,599,858
Himachal Pradesh,HP,96.1,95.8,97.1,97.2,96.1,96.5,,Organized farms,2022,2022,SPCE,1.65 log10 @ 35% inhibition,103,144,99,138,100,140,99,139
Karnataka,KA,94.1,99.4,94.9,99.4,94.3,99.4,,Organized farms,2022,2022,SPCE,1.65 log10 @ 35% inhibition,370,339,348,337,351,337,349,337
Kerala,KL,90.9,91.8,88.4,91.7,90.6,92.0,,Organized farms,2022,2022,SPCE,1.65 log10 @ 35% inhibition,1305,1295,1186,1189,1154,1188,1182,1191
Madhya Pradesh,MP,92.5,99.5,90.8,97.7,92.5,97.5,,Organized farms,2022,2022,SPCE,1.65 log10 @ 35% inhibition,401,398,371,396,364,389,371,388
Maharashtra,MH,92.2,100.0,91.9,100.0,91.5,100.0,,Organized farms,2022,2022,SPCE,1.65 log10 @ 35% inhibition,283,240,261,240,260,240,259,240
Odisha,OD,28.6,90.5,23.8,90.5,19.0,85.7,,Organized farms,2022,2022,SPCE,1.65 log10 @ 35% inhibition,21,21,6,19,5,19,4,18
Tamil Nadu,TN,97.6,98.8,92.7,97.6,97.4,98.8,,Organized farms,2022,2022,SPCE,1.65 log10 @ 35% inhibition,547,500,534,494,507,488,533,494
Telangana,TS,14.3,99.0,0.0,95.8,0.0,99.0,,Organized farms,2022,2022,SPCE,1.65 log10 @ 35% inhibition,14,96,2,95,0,92,0,95
Uttar Pradesh,UP,84.2,90.3,91.9,90.0,93.0,97.9,,Organized farms,2022,2022,SPCE,1.65 log10 @ 35% inhibition,570,339,480,306,524,305,530,332
Uttarakhand,UK,93.2,95.5,93.2,95.5,100.0,100.0,,Organized farms,2022,2022,SPCE,1.65 log10 @ 35% inhibition,44,44,41,42,41,42,44,44
Total,,92.5,96.6,91.5,95.6,92.6,96.6,,Organized farms,2022,2022,SPCE,1.65 log10 @ 35% inhibition,5275,5240,4879,5062,4827,5009,4885,5062
Pondichery,PY,42.1,52.6,26.3,36.8,,21.1,31,2,2012,2019,SPCE,1.8 log10 @ 50% inhibition,,,,,,,,
Pondichery,PY,45.7,63.0,15.2,43.5,56.5,65.2,31,3,2013,2019,SPCE,1.8 log10 @ 50% inhibition,,,,,,,,
Pondichery,PY,87.0,96.3,74.0,94.3,87.0,95.5,31,6,2014,2019,SPCE,1.8 log10 @ 50% inhibition,,,,,,,,
Pondichery,PY,95.1,96.0,60.4,86.0,93.0,95.1,31,7,2015,2019,SPCE,1.8 log10 @ 50% inhibition,,,,,,,,
Pondichery,PY,88.0,94.9,73.5,86.5,85.8,92.7,31,11,2016,2019,SPCE,1.8 log10 @ 50% inhibition,,,,,,,,
Pondichery,PY,95.8,98.1,85.7,89.8,94.7,95.5,31,12,2017,2019,SPCE,1.8 log10 @ 50% inhibition,,,,,,,,
Pondichery,PY,58.7,75.5,49.8,60.8,69.0,78.4,31,13,2017,2019,SPCE,1.8 log10 @ 50% inhibition,,,,,,,,
Pondichery,PY,69.8,82.3,49.6,80.2,73.4,89.1,31,14,2018,2019,SPCE,1.8 log10 @ 50% inhibition,,,,,,,,
Pondichery,PY,63.9,73.6,41.3,69.8,83.3,93.4,31,15,2018,2019,SPCE,1.8 log10 @ 50% inhibition,,,,,,,,
Pondichery,PY,69.0,85.2,57.2,74.5,77.9,90.3,31,16,2019,2019,SPCE,1.8 log10 @ 50% inhibition,,,,,,,,
Punjab,PB,65.5,70.7,62.7,68.2,63.2,81.7,25,3,2013,2019,SPCE,1.8 log10 @ 50% inhibition,,,,,,,,
Punjab,PB,55.6,75.5,68.1,48.8,74.6,87.6,25,4,2013,2019,SPCE,1.8 log10 @ 50% inhibition,,,,,,,,
Punjab,PB,55.1,68.2,68.8,81.5,84.1,94.0,25,5,2014,2019,SPCE,1.8 log10 @ 50% inhibition,,,,,,,,
Punjab,PB,66.7,71.2,76.0,80.7,84.5,92.1,25,6,2014,2019,SPCE,1.8 log10 @ 50% inhibition,,,,,,,,
Punjab,PB,67.8,75.8,64.1,74.4,64.2,77.7,25,7,2015,2019,SPCE,1.8 log10 @ 50% inhibition,,,,,,,,
Punjab,PB,71.8,79.7,65.7,73.9,60.2,70.2,25,8,2015,2019,SPCE,1.8 log10 @ 50% inhibition,,,,,,,,
Punjab,PB,63.7,76.1,49.1,62.2,61.4,70.2,25,10,2016,2019,SPCE,1.8 log10 @ 50% inhibition,,,,,,,,
Punjab,PB,41.4,62.4,40.8,55.6,40.5,55.3,25,11,2017,2019,SPCE,1.8 log10 @ 50% inhibition,,,,,,,,
Punjab,PB,40.5,63.8,34.4,58.8,36.7,50.7,25,12,2018,2019,SPCE,1.8 log10 @ 50% inhibition,,,,,,,,
Punjab,PB,31.4,39.0,30.6,45.9,26.7,38.1,25,13,2018,2019,SPCE,1.8 log10 @ 50% inhibition,,,,,,,,
Rajasthan,RJ,53.6,83.3,60.1,71.1,63.9,72.1,23,2,2016,2019,SPCE,1.8 log10 @ 50% inhibition,,,,,,,,
Rajasthan,RJ,67.1,96.2,74.0,83.2,91.6,89.5,23,3,2016,2019,SPCE,1.8 log10 @ 50% inhibition,,,,,,,,
Rajasthan,RJ,31.0,54.6,29.0,51.2,22.5,44.7,23,5,2017,2019,SPCE,1.8 log10 @ 50% inhibition,,,,,,,,
Rajasthan,RJ,25.7,45.0,17.4,33.4,20.0,31.9,23,6,2018,2019,SPCE,1.8 log10 @ 50% inhibition,,,,,,,,
Rajasthan,RJ,17.6,37.4,11.5,30.3,12.6,25.7,23,7,2019,2019,SPCE,1.8 log10 @ 50% inhibition,,,,,,,,
Rajasthan,RJ,20.4,42.0,16.6,33.9,11.3,20.0,23,8,2019,2019,SPCE,1.8 log10 @ 50% inhibition,,,,,,,,
Tamil Nadu,TN,83.3,96.6,78.4,94.2,87.1,97.5,17,7,2014,2019,SPCE,1.8 log10 @ 50% inhibition,,,,,,,,
Tamil Nadu,TN,85.6,98.2,83.6,97.8,91.3,98.8,17,8,2015,2019,SPCE,1.8 log10 @ 50% inhibition,,,,,,,,
Tamil Nadu,TN,86.2,97.3,81.7,95.7,86.7,98.2,17,9,2015,2019,SPCE,1.8 log10 @ 50% inhibition,,,,,,,,
Tamil Nadu,TN,64.4,83.4,56.4,78.9,70.1,86.5,17,11,2016,2019,SPCE,1.8 log10 @ 50% inhibition,,,,,,,,
Tamil Nadu,TN,59.3,77.0,52.5,74.5,61.0,77.6,17,12,2017,2019,SPCE,1.8 log10 @ 50% inhibition,,,,,,,,
Tamil Nadu,TN,62.2,84.7,52.8,76.8,59.5,80.1,17,13,2017,2019,SPCE,1.8 log10 @ 50% inhibition,,,,,,,,
Tamil Nadu,TN,53.5,78.4,45.7,70.2,52.3,74.8,17,14,2018,2019,SPCE,1.8 log10 @ 50% inhibition,,,,,,,,
Tamil Nadu,TN,47.3,77.4,40.2,69.2,51.7,73.9,17,15,2018,2019,SPCE,1.8 log10 @ 50% inhibition,,,,,,,,
Tamil Nadu,TN,53.5,75.7,41.3,63.3,47.5,60.1,17,16,2019,2019,SPCE,1.8 log10 @ 50% inhibition,,,,,,,,
Tamil Nadu,TN,40.3,78.6,36.8,75.0,36.4,72.2,17,17,2019,2019,SPCE,1.8 log10 @ 50% inhibition,,,,,,,,
Telangana,TS,77.4,94.9,83.4,94.5,77.5,95.3,20,7,2014,2019,SPCE,1.8 log10 @ 50% inhibition,,,,,,,,
Telangana,TS,88.7,94.7,78.4,89.2,86.9,93.5,20,8,2015,2019,SPCE,1.8 log10 @ 50% inhibition,,,,,,,,
Telangana,TS,81.7,84.7,74.1,91.5,84.7,94.8,20,9,2015,2019,SPCE,1.8 log10 @ 50% inhibition,,,,,,,,
Telangana,TS,66.8,76.7,57.4,71.4,65.5,74.3,20,10,2016,2019,SPCE,1.8 log10 @ 50% inhibition,,,,,,,,
Telangana,TS,61.9,77.8,56.4,69.0,57.9,79.3,20,11,2017,2019,SPCE,1.8 log10 @ 50% inhibition,,,,,,,,
Telangana,TS,73.0,86.9,60.0,72.3,65.1,81.5,20,12,2017,2019,SPCE,1.8 log10 @ 50% inhibition,,,,,,,,
Telangana,TS,55.9,75.9,44.3,69.7,53.1,74.4,20,13,2018,2019,SPCE,1.8 log10 @ 50% inhibition,,,,,,,,
Telangana,TS,49.2,78.3,37.7,63.4,52.6,76.7,20,14,2018,2019,SPCE,1.8 log10 @ 50% inhibition,,,,,,,,
Telangana,TS,53.4,82.5,46.6,75.9,54.5,82.7,20,15,2019,2019,SPCE,1.8 log10 @ 50% inhibition,,,,,,,,
Telangana,TS,57.0,79.3,48.3,75.8,57.9,78.9,20,16,2019,2019,SPCE,1.8 log10 @ 50% inhibition,,,,,,,,
Uttar Pradesh,UP,20.5,34.4,15.7,28.3,20.0,34.8,24,6,2017,2019,SPCE,1.8 log10 @ 50% inhibition,,,,,,,,
Uttar Pradesh,UP,16.7,30.8,13.9,24.5,18.9,32.4,24,7,2018,2019,SPCE,1.8 log10 @ 50% inhibition,,,,,,,,
Uttar Pradesh,UP,20.9,38.1,16.2,28.8,24.1,41.9,24,8,2018,2019,SPCE,1.8 log10 @ 50% inhibition,,,,,,,,
Uttar Pradesh,UP,17.2,38.6,12.4,33.7,17.5,40.2,24,9,2019,2019,SPCE,1.8 log10 @ 50% inhibition,,,,,,,,
Uttarakhand,UK,16.0,18.6,9.2,9.8,12.0,13.4,24,1,2017,2019,SPCE,1.8 log10 @ 50% inhibition,,,,,,,,
Uttarakhand,UK,18.6,17.5,26.1,12.1,26.7,12.1,24,2,2017,2019,SPCE,1.8 log10 @ 50% inhibition,,,,,,,,
Uttarakhand,UK,14.9,18.7,8.7,10.1,11.8,12.4,24,3,2018,2019,SPCE,1.8 log10 @ 50% inhibition,,,,,,,,
Uttarakhand,UK,15.3,17.6,12.7,15.2,13.7,14.1,24,4,2018,2019,SPCE,1.8 log10 @ 50% inhibition,,,,,,,,
Uttarakhand,UK,13.2,22.1,7.9,15.5,10.9,16.5,24,5,2019,2019,SPCE,1.8 log10 @ 50% inhibition,,,,,,,,
West Bengal,WB,26.8,35.8,17.3,22.0,19.5,27.2,27,1,2017,2019,SPCE,1.8 log10 @ 50% inhibition,,,,,,,,
West Bengal,WB,19.2,40.5,13.1,25.4,11.2,23.1,27,2,2017,2019,SPCE,1.8 log10 @ 50% inhibition,,,,,,,,
West Bengal,WB,22.9,42.5,11.3,22.9,15.5,29.0,27,3,2018,2019,SPCE,1.8 log10 @ 50% inhibition,,,,,,,,
Andhra Pradesh,AP,72.3,86.8,55.3,82.2,69.0,87.1,19,8,2015,2019,SPCE,1.8 log10 @ 50% inhibition,,,,,,,,
Andhra Pradesh,AP,52.9,71.9,37.0,58.8,47.9,71.8,19,9,2015,2019,SPCE,1.8 log10 @ 50% inhibition,,,,,,,,
Andhra Pradesh,AP,61.9,75.7,50.2,66.8,54.9,69.1,19,10,2016,2019,SPCE,1.8 log10 @ 50% inhibition,,,,,,,,
Andhra Pradesh,AP,51.4,63.8,35.8,54.0,44.2,63.0,19,11,2016,2019,SPCE,1.8 log10 @ 50% inhibition,,,,,,,,
Andhra Pradesh,AP,48.9,60.3,30.3,45.0,45.9,60.8,19,12,2017,2019,SPCE,1.8 log10 @ 50% inhibition,,,,,,,,
Andhra Pradesh,AP,35.6,55.8,30.7,51.6,40.0,60.0,19,13,2017,2019,SPCE,1.8 log10 @ 50% inhibition,,,,,,,,
Andhra Pradesh,AP,35.7,58.5,28.2,50.3,38.7,56.6,19,14,2018,2019,SPCE,1.8 log10 @ 50% inhibition,,,,,,,,
Andhra Pradesh,AP,45.0,75.7,31.0,66.0,46.5,72.4,19,15,2018,2019,SPCE,1.8 log10 @ 50% inhibition,,,,,,,,
Andhra Pradesh,AP,43.1,70.5,29.6,57.7,47.3,68.4,19,16,2019,2019,SPCE,1.8 log10 @ 50% inhibition,,,,,,,,
Andhra Pradesh,AP,36.5,61.4,28.4,54.3,43.9,65.5,19,17,2019,2019,SPCE,1.8 log10 @ 50% inhibition,,,,,,,,
Bihar,BR,,11.0,,7.8,,4.8,27,4,2017,2019,SPCE,1.8 log10 @ 50% inhibition,,,,,,,,
Bihar,BR,3.6,9.3,2.4,7.2,2.2,5.6,27,5,2018,2019,SPCE,1.8 log10 @ 50% inhibition,,,,,,,,
Bihar,BR,0.0,4.6,0.0,3.8,0.0,2.7,27,7,2019,2019,SPCE,1.8 log10 @ 50% inhibition,,,,,,,,
Chhattisgarh,CG,29.2,43.9,17.3,31.4,27.9,39.3,21,1,2018,2019,SPCE,1.8 log10 @ 50% inhibition,,,,,,,,
Chhattisgarh,CG,34.3,46.9,17.8,34.2,34.8,50.5,21,2,2018,2019,SPCE,1.8 log10 @ 50% inhibition,,,,,,,,
Chhattisgarh,CG,24.4,47.6,16.5,30.7,20.8,46.8,21,3,2019,2019,SPCE,1.8 log10 @ 50% inhibition,,,,,,,,
Chhattisgarh,CG,28.2,50.9,20.3,42.3,23.9,44.3,21,4,2019,2019,SPCE,1.8 log10 @ 50% inhibition,,,,,,,,
A&N Island,AN,21.3,49.9,23.0,52.6,29.9,60.7,31,15,2013,2019,SPCE,1.8 log10 @ 50% inhibition,,,,,,,,
A&N Island,AN,41.5,62.2,45.8,79.3,50.0,74.3,31,16,2014,2019,SPCE,1.8 log10 @ 50% inhibition,,,,,,,,
A&N Island,AN,42.3,69.2,58.0,82.0,55.0,78.0,31,17,2014,2019,SPCE,1.8 log10 @ 50% inhibition,,,,,,,,
A&N Island,AN,62.9,82.3,67.9,85.9,82.3,92.3,31,18,2015,2019,SPCE,1.8 log10 @ 50% inhibition,,,,,,,,
A&N Island,AN,60.6,73.1,63.8,87.9,72.7,86.7,31,19,2015,2019,SPCE,1.8 log10 @ 50% inhibition,,,,,,,,
A&N Island,AN,14.6,33.9,16.4,28.8,24.4,37.8,31,20,2016,2019,SPCE,1.8 log10 @ 50% inhibition,,,,,,,,
A&N Island,AN,17.7,34.3,14.9,19.4,19.1,38.8,31,21,2016,2019,SPCE,1.8 log10 @ 50% inhibition,,,,,,,,
A&N Island,AN,18.6,40.9,15.8,37.2,20.9,44.1,31,22,2017,2019,SPCE,1.8 log10 @ 50% inhibition,,,,,,,,
A&N Island,AN,21.8,40.4,12.7,27.3,22.7,43.3,31,23,2018,2019,SPCE,1.8 log10 @ 50% inhibition,,,,,,,,
A&N Island,AN,25.1,55.2,9.6,46.9,29.7,61.8,31,24,2019,2019,SPCE,1.8 log10 @ 50% inhibition,,,,,,,,
Andhra Pradesh,AP,72.3,86.8,55.3,82.2,69.0,87.1,19,8,2015,2019,SPCE,1.8 log10 @ 50% inhibition,,,,,,,,
Andhra Pradesh,AP,52.9,71.9,37.0,58.8,47.9,71.8,19,9,2015,2019,SPCE,1.8 log10 @ 50% inhibition,,,,,,,,
Andhra Pradesh,AP,61.9,75.7,50.2,66.8,54.9,69.1,19,10,2016,2019,SPCE,1.8 log10 @ 50% inhibition,,,,,,,,
Andhra Pradesh,AP,51.4,63.8,35.8,54.0,44.2,63.0,19,11,2016,2019,SPCE,1.8 log10 @ 50% inhibition,,,,,,,,
Andhra Pradesh,AP,48.9,60.3,30.3,45.0,45.9,60.8,19,12,2017,2019,SPCE,1.8 log10 @ 50% inhibition,,,,,,,,
Andhra Pradesh,AP,35.6,55.8,30.7,51.6,40.0,60.0,19,13,2017,2019,SPCE,1.8 log10 @ 50% inhibition,,,,,,,,
Andhra Pradesh,AP,35.7,58.5,28.2,50.3,38.7,56.6,19,14,2018,2019,SPCE,1.8 log10 @ 50% inhibition,,,,,,,,
Andhra Pradesh,AP,45.0,75.7,31.0,66.0,46.5,72.4,19,15,2018,2019,SPCE,1.8 log10 @ 50% inhibition,,,,,,,,
Andhra Pradesh,AP,43.1,70.5,29.6,57.7,47.3,68.4,19,16,2019,2019,SPCE,1.8 log10 @ 50% inhibition,,,,,,,,
Andhra Pradesh,AP,36.5,61.4,28.4,54.3,43.9,65.5,19,17,2019,2019,SPCE,1.8 log10 @ 50% inhibition,,,,,,,,
Bihar,BR,,11.0,,7.8,,4.8,27,4,2017,2019,SPCE,1.8 log10 @ 50% inhibition,,,,,,,,
Bihar,BR,3.6,9.3,2.4,7.2,2.2,5.6,27,5,2018,2019,SPCE,1.8 log10 @ 50% inhibition,,,,,,,,
Bihar,BR,0.0,4.6,0.0,3.8,0.0,2.7,27,7,2019,2019,SPCE,1.8 log10 @ 50% inhibition,,,,,,,,
Chhattisgarh,CG,29.2,43.9,17.3,31.4,27.9,39.3,21,1,2018,2019,SPCE,1.8 log10 @ 50% inhibition,,,,,,,,
Chhattisgarh,CG,34.3,46.9,17.8,34.2,34.8,50.5,21,2,2018,2019,SPCE,1.8 log10 @ 50% inhibition,,,,,,,,
Chhattisgarh,CG,24.4,47.6,16.5,30.7,20.8,46.8,21,3,2019,2019,SPCE,1.8 log10 @ 50% inhibition,,,,,,,,
Chhattisgarh,CG,28.2,50.9,20.3,42.3,23.9,44.3,21,4,2019,2019,SPCE,1.8 log10 @ 50% inhibition,,,,,,,,
Goa,GA,47.4,82.1,64.3,86.1,54.4,86.0,30,3,2013,2019,SPCE,1.8 log10 @ 50% inhibition,,,,,,,,
Goa,GA,45.1,77.0,58.5,86.0,57.0,85.1,30,4,2013,2019,SPCE,1.8 log10 @ 50% inhibition,,,,,,,,
Goa,GA,85.9,98.9,77.1,96.3,51.7,90.1,30,5,2014,2019,SPCE,1.8 log10 @ 50% inhibition,,,,,,,,
Goa,GA,71.2,97.6,56.9,91.1,63.3,92.5,30,6,2014,2019,SPCE,1.8 log10 @ 50% inhibition,,,,,,,,
Goa,GA,65.3,93.0,67.8,98.1,76.4,98.6,30,7,2015,2019,SPCE,1.8 log10 @ 50% inhibition,,,,,,,,
Goa,GA,43.3,71.8,33.0,68.3,36.5,67.0,30,11,2017,2019,SPCE,1.8 log10 @ 50% inhibition,,,,,,,,
Goa,GA,43.5,64.8,29.8,55.8,33.0,58.0,30,12,2017,2019,SPCE,1.8 log10 @ 50% inhibition,,,,,,,,
Goa,GA,36.5,43.5,34.8,39.0,38.3,43.3,30,13,2018,2019,SPCE,1.8 log10 @ 50% inhibition,,,,,,,,
Goa,GA,31.3,49.8,26.3,41.0,38.5,48.5,30,14,2018,2019,SPCE,1.8 log10 @ 50% inhibition,,,,,,,,
Goa,GA,40.8,54.0,33.3,46.8,36.5,50.5,30,15,2019,2019,SPCE,1.8 log10 @ 50% inhibition,,,,,,,,
Gujarat,GJ,54.5,75.9,62.5,76.9,69.2,81.3,22,4,2013,2019,SPCE,1.8 log10 @ 50% inhibition,,,,,,,,
Gujarat,GJ,59.5,74.4,62.7,76.4,74.9,80.0,22,5,2014,2019,SPCE,1.8 log10 @ 50% inhibition,,,,,,,,
Gujarat,GJ,74.9,81.6,49.6,65.8,65.6,79.5,22,6,2014,2019,SPCE,1.8 log10 @ 50% inhibition,,,,,,,,
Gujarat,GJ,60.0,73.1,61.6,74.6,72.4,80.6,22,7,2015,2019,SPCE,1.8 log10 @ 50% inhibition,,,,,,,,
Gujarat,GJ,31.5,58.4,24.4,46.6,25.7,53.4,22,9,2016,2019,SPCE,1.8 log10 @ 50% inhibition,,,,,,,,
Gujarat,GJ,31.7,57.7,23.9,48.0,24.3,52.6,22,10,2017,2019,SPCE,1.8 log10 @ 50% inhibition,,,,,,,,
Gujarat,GJ,26.0,44.0,19.8,35.4,25.3,43.1,22,11,2017,2019,SPCE,1.8 log10 @ 50% inhibition,,,,,,,,
Gujarat,GJ,21.9,48.9,15.4,37.8,24.3,50.3,22,12,2018,2019,SPCE,1.8 log10 @ 50% inhibition,,,,,,,,
Gujarat,GJ,22.3,52.8,13.2,41.4,21.2,53.8,22,13,2018,2019,SPCE,1.8 log10 @ 50% inhibition,,,,,,,,
Gujarat,GJ,29.5,53.3,19.4,37.4,26.1,49.9,22,14,2019,2019,SPCE,1.8 log10 @ 50% inhibition,,,,,,,,
Haryana,HR,42.7,76.9,32.4,69.8,29.7,61.6,26,1,2011,2019,SPCE,1.8 log10 @ 50% inhibition,2587,2573,1105,1979,838,1796,769,1586
Haryana,HR,41.8,72.3,38.1,72.3,28.1,59.3,26,2,2011,2019,SPCE,1.8 log10 @ 50% inhibition,2586,2594,1081,1876,986,1876,727,1537
Haryana,HR,42.7,70.6,43.6,72.4,25.4,61.5,26,3,2012,2019,SPCE,1.8 log10 @ 50% inhibition,2555,2562,1092,1809,1113,1856,650,1576
Haryana,HR,40.7,79.6,34.8,70.3,32.7,66.0,26,4,2012,2019,SPCE,1.8 log10 @ 50% inhibition,2565,2575,1043,2049,893,1811,840,1700
Haryana,HR,46.5,71.8,45.3,63.0,38.8,65.7,26,5,2013,2019,SPCE,1.8 log10 @ 50% inhibition,2600,2600,1210,1867,1178,1638,1010,1709
Haryana,HR,45.4,80.0,56.4,83.8,72.3,90.7,26,6,2013,2019,SPCE,1.8 log10 @ 50% inhibition,2580,2580,1171,2063,1455,2161,1865,2341
Haryana,HR,68.6,88.0,74.1,83.2,80.1,95.6,26,7,2014,2019,SPCE,1.8 log10 @ 50% inhibition,2558,2597,1755,2285,1895,2160,2050,2483
Haryana,HR,76.4,93.3,73.3,91.2,82.2,96.4,26,8,2014,2019,SPCE,1.8 log10 @ 50% inhibition,2600,2600,1987,2427,1907,2371,2138,2506
Haryana,HR,81.3,94.1,81.2,93.8,84.9,97.8,26,9,2015,2019,SPCE,1.8 log10 @ 50% inhibition,2600,2600,2113,2447,2112,2439,2208,2542
Haryana,HR,67.4,96.0,67.2,95.5,77.8,99.5,26,10,2015,2019,SPCE,1.8 log10 @ 50% inhibition,2000,200,1347,192,1343,191,1555,199
Haryana,HR,27.1,71.4,22.0,70.5,28.7,74.0,26,16,2019,2019,SPCE,1.8 log10 @ 50% inhibition,797,1383,216,988,175,975,229,1024
Haryana,HR,39.5,71.3,44.6,75.6,41.9,74.8,26,17,2019,2019,SPCE,1.8 log10 @ 50% inhibition,1200,1800,474,1284,535,1361,503,1347
Jammu & Kashmir,JK,16.4,46.4,14.6,29.3,12.9,18.7,26,1,2018,2019,SPCE,1.8 log10 @ 50% inhibition,,,,,,,,
Jammu & Kashmir,JK,20.0,,15.8,,10.7,,26,2,2019,2019,SPCE,1.8 log10 @ 50% inhibition,,,,,,,,
Karnataka,KA,83.0,97.0,88.0,94.0,93.0,98.0,18,7,2014,2019,SPCE,1.8 log10 @ 50% inhibition,,,,,,,,
Karnataka,KA,87.5,95.5,84.9,96.7,91.2,97.1,18,8,2015,2019,SPCE,1.8 log10 @ 50% inhibition,,,,,,,,
Karnataka,KA,73.5,87.8,65.3,86.0,74.9,89.9,18,9,2015,2019,SPCE,1.8 log10 @ 50% inhibition,,,,,,,,
Karnataka,KA,70.6,82.9,59.1,75.8,74.5,83.8,18,10,2016,2019,SPCE,1.8 log10 @ 50% inhibition,,,,,,,,
Karnataka,KA,67.9,82.0,63.0,78.0,71.8,80.7,18,11,2016,2019,SPCE,1.8 log10 @ 50% inhibition,,,,,,,,
Karnataka,KA,75.0,88.0,88.0,90.0,74.0,84.0,18,12,2017,2019,SPCE,1.8 log10 @ 50% inhibition,,,,,,,,
Karnataka,KA,52.5,69.7,45.8,61.2,51.0,65.9,18,13,2017,2019,SPCE,1.8 log10 @ 50% inhibition,,,,,,,,
Karnataka,KA,47.4,64.8,41.8,56.1,44.2,56.3,18,14,2018,2019,SPCE,1.8 log10 @ 50% inhibition,,,,,,,,
Karnataka,KA,36.1,61.6,31.8,49.8,37.4,53.8,18,15,2019,2019,SPCE,1.8 log10 @ 50% inhibition,,,,,,,,
Karnataka,KA,26.2,48.1,20.8,39.5,24.8,44.1,18,16,2019,2019,SPCE,1.8 log10 @ 50% inhibition,,,,,,,,
Kerala,KL,13.0,25.0,15.2,30.0,17.0,35.0,18,4,2013,2019,SPCE,1.8 log10 @ 50% inhibition,,,,,,,,
Kerala,KL,20.0,51.1,24.7,58.5,45.1,70.3,18,5,2013,2019,SPCE,1.8 log10 @ 50% inhibition,,,,,,,,
Kerala,KL,53.7,90.5,51.1,79.0,61.3,88.2,18,6,2014,2019,SPCE,1.8 log10 @ 50% inhibition,,,,,,,,
Kerala,KL,76.6,81.1,64.0,92.0,78.3,97.1,18,7,2014,2019,SPCE,1.8 log10 @ 50% inhibition,,,,,,,,
Kerala,KL,82.3,92.0,76.6,87.2,88.1,95.9,18,8,2015,2019,SPCE,1.8 log10 @ 50% inhibition,,,,,,,,
Kerala,KL,67.0,82.7,57.4,79.6,60.4,79.6,18,11,2016,2019,SPCE,1.8 log10 @ 50% inhibition,,,,,,,,
Kerala,KL,51.5,83.4,54.6,83.1,61.5,86.7,18,12,2017,2019,SPCE,1.8 log10 @ 50% inhibition,,,,,,,,
Kerala,KL,59.0,83.8,41.0,68.9,59.9,84.0,18,13,2018,2019,SPCE,1.8 log10 @ 50% inhibition,,,,,,,,
Kerala,KL,38.9,62.2,31.8,55.5,45.9,62.9,18,14,2019,2019,SPCE,1.8 log10 @ 50% inhibition,,,,,,,,
Kerala,KL,44.4,75.6,34.5,64.0,48.0,73.5,18,15,2019,2019,SPCE,1.8 log10 @ 50% inhibition,,,,,,,,
Madhya Pradesh,MP,11.0,27.5,8.5,20.3,7.6,22.0,20,1,2017,2019,SPCE,1.8 log10 @ 50% inhibition,,,,,,,,
Madhya Pradesh,MP,15.2,31.7,10.2,23.2,11.8,30.1,20,2,2017,2019,SPCE,1.8 log10 @ 50% inhibition,,,,,,,,
Madhya Pradesh,MP,14.5,30.3,9.6,22.5,11.6,28.0,20,3,2018,2019,SPCE,1.8 log10 @ 50% inhibition,,,,,,,,
Madhya Pradesh,MP,21.5,14.9,15.6,37.5,28.3,33.5,20,4,2018,2019,SPCE,1.8 log10 @ 50% inhibition,,,,,,,,
Maharashtra,MH,61.3,92.5,43.1,82.8,35.5,77.0,22,6,2014,2019,SPCE,1.8 log10 @ 50% inhibition,,,,,,,,
Maharashtra,MH,71.1,93.0,57.4,89.0,60.0,65.0,22,7,2014,2019,SPCE,1.8 log10 @ 50% inhibition,,,,,,,,
Maharashtra,MH,60.5,89.4,67.9,93.3,67.2,93.9,22,8,2015,2019,SPCE,1.8 log10 @ 50% inhibition,,,,,,,,
Maharashtra,MH,46.3,67.0,28.9,51.9,38.9,60.7,22,9,2015,2019,SPCE,1.8 log10 @ 50% inhibition,,,,,,,,
Maharashtra,MH,66.1,75.8,46.2,59.0,54.2,67.1,22,10,2016,2019,SPCE,1.8 log10 @ 50% inhibition,,,,,,,,
Maharashtra,MH,44.9,66.9,32.8,57.6,41.4,60.8,22,11,2017,2019,SPCE,1.8 log10 @ 50% inhibition,,,,,,,,
Maharashtra,MH,40.2,57.5,27.2,44.9,36.4,50.9,22,12,2018,2019,SPCE,1.8 log10 @ 50% inhibition,,,,,,,,
Maharashtra,MH,44.1,59.0,29.8,49.0,38.4,59.5,22,13,2018,2019,SPCE,1.8 log10 @ 50% inhibition,,,,,,,,
Maharashtra,MH,30.6,43.9,20.2,33.6,24.1,37.9,22,14,2019,2019,SPCE,1.8 log10 @ 50% inhibition,,,,,,,,
Manipur,MN,21.6,50.4,13.5,36.8,16.7,46.4,29,1,2018,2019,SPCE,1.8 log10 @ 50% inhibition,,,,,,,,
Manipur,MN,13.5,62.7,8.8,60.9,12.4,61.8,29,2,2019,2019,SPCE,1.8 log10 @ 50% inhibition,,,,,,,,
Mizoram,MZ,29.4,62.5,23.5,54.0,34.5,60.5,29,1,2019,2019,SPCE,1.8 log10 @ 50% inhibition,,,,,,,,
Mizoram,MZ,45.1,70.1,39.6,67.2,38.3,63.6,29,2,2019,2019,SPCE,1.8 log10 @ 50% inhibition,,,,,,,,
Odisha,OD,23.8,58.8,14.7,44.9,17.1,50.8,28,1,2017,2019,SPCE,1.8 log10 @ 50% inhibition,,,,,,,,
Odisha,OD,26.4,47.9,16.5,35.4,22.4,44.7,28,2,2018,2019,SPCE,1.8 log10 @ 50% inhibition,,,,,,,,
Odisha,OD,34.1,51.3,17.8,33.8,27.7,40.0,28,3,2018,2019,SPCE,1.8 log10 @ 50% inhibition,,,,,,,,
Odisha,OD,25.3,48.0,13.0,39.0,17.1,35.7,28,4,2019,2019,SPCE,1.8 log10 @ 50% inhibition,,,,,,,,
Odisha,OD,21.6,40.2,12.9,28.0,16.1,21.1,28,5,2019,2019,SPCE,1.8 log10 @ 50% inhibition,,,,,,,,
Pondichery,PY,42.1,52.6,26.3,36.8,,21.1,31,2,2012,2019,SPCE,1.8 log10 @ 50% inhibition,,,,,,,,
Pondichery,PY,45.7,63.0,15.2,43.5,56.5,65.2,31,3,2013,2019,SPCE,1.8 log10 @ 50% inhibition,,,,,,,,
Pondichery,PY,87.0,96.3,74.0,94.3,87.0,95.5,31,6,2014,2019,SPCE,1.8 log10 @ 50% inhibition,,,,,,,,
Pondichery,PY,95.1,96.0,60.4,86.0,93.0,95.1,31,7,2015,2019,SPCE,1.8 log10 @ 50% inhibition,,,,,,,,
Pondichery,PY,88.0,94.9,73.5,86.5,85.8,92.7,31,11,2016,2019,SPCE,1.8 log10 @ 50% inhibition,,,,,,,,
Pondichery,PY,95.8,98.1,85.7,89.8,94.7,95.5,31,12,2017,2019,SPCE,1.8 log10 @ 50% inhibition,,,,,,,,
Pondichery,PY,58.7,75.5,49.8,60.8,69.0,78.4,31,13,2017,2019,SPCE,1.8 log10 @ 50% inhibition,,,,,,,,
Pondichery,PY,69.8,82.3,49.6,80.2,73.4,89.1,31,14,2018,2019,SPCE,1.8 log10 @ 50% inhibition,,,,,,,,
Pondichery,PY,63.9,73.6,41.3,69.8,83.3,93.4,31,15,2018,2019,SPCE,1.8 log10 @ 50% inhibition,,,,,,,,
Pondichery,PY,69.0,85.2,57.2,74.5,77.9,90.3,31,16,2019,2019,SPCE,1.8 log10 @ 50% inhibition,,,,,,,,
Punjab,PB,65.5,70.7,62.7,68.2,63.2,81.7,25,3,2013,2019,SPCE,1.8 log10 @ 50% inhibition,,,,,,,,
Punjab,PB,55.6,75.5,68.1,48.8,74.6,87.6,25,4,2013,2019,SPCE,1.8 log10 @ 50% inhibition,,,,,,,,
Punjab,PB,55.1,68.2,68.8,81.5,84.1,94.0,25,5,2014,2019,SPCE,1.8 log10 @ 50% inhibition,,,,,,,,
Punjab,PB,66.7,71.2,76.0,80.7,84.5,92.1,25,6,2014,2019,SPCE,1.8 log10 @ 50% inhibition,,,,,,,,
Punjab,PB,67.8,75.8,64.1,74.4,64.2,77.7,25,7,2015,2019,SPCE,1.8 log10 @ 50% inhibition,,,,,,,,
Punjab,PB,71.8,79.7,65.7,73.9,60.2,70.2,25,8,2015,2019,SPCE,1.8 log10 @ 50% inhibition,,,,,,,,
Punjab,PB,63.7,76.1,49.1,62.2,61.4,70.2,25,10,2016,2019,SPCE,1.8 log10 @ 50% inhibition,,,,,,,,
Punjab,PB,41.4,62.4,40.8,55.6,40.5,55.3,25,11,2017,2019,SPCE,1.8 log10 @ 50% inhibition,,,,,,,,
Punjab,PB,40.5,63.8,34.4,58.8,36.7,50.7,25,12,2018,2019,SPCE,1.8 log10 @ 50% inhibition,,,,,,,,
Punjab,PB,31.4,39.0,30.6,45.9,26.7,38.1,25,13,2018,2019,SPCE,1.8 log10 @ 50% inhibition,,,,,,,,
Rajasthan,RJ,53.6,83.3,60.1,71.1,63.9,72.1,23,2,2016,2019,SPCE,1.8 log10 @ 50% inhibition,,,,,,,,
Rajasthan,RJ,67.1,96.2,74.0,83.2,91.6,89.5,23,3,2016,2019,SPCE,1.8 log10 @ 50% inhibition,,,,,,,,
Rajasthan,RJ,31.0,54.6,29.0,51.2,22.5,44.7,23,5,2017,2019,SPCE,1.8 log10 @ 50% inhibition,,,,,,,,
Rajasthan,RJ,25.7,45.0,17.4,33.4,20.0,31.9,23,6,2018,2019,SPCE,1.8 log10 @ 50% inhibition,,,,,,,,
Rajasthan,RJ,17.6,37.4,11.5,30.3,12.6,25.7,23,7,2019,2019,SPCE,1.8 log10 @ 50% inhibition,,,,,,,,
Rajasthan,RJ,20.4,42.0,16.6,33.9,11.3,20.0,23,8,2019,2019,SPCE,1.8 log10 @ 50% inhibition,,,,,,,,
Tamil Nadu,TN,83.3,96.6,78.4,94.2,87.1,97.5,17,7,2014,2019,SPCE,1.8 log10 @ 50% inhibition,,,,,,,,
Tamil Nadu,TN,85.6,98.2,83.6,97.8,91.3,98.8,17,8,2015,2019,SPCE,1.8 log10 @ 50% inhibition,,,,,,,,
Tamil Nadu,TN,86.2,97.3,81.7,95.7,86.7,98.2,17,9,2015,2019,SPCE,1.8 log10 @ 50% inhibition,,,,,,,,
Tamil Nadu,TN,64.4,83.4,56.4,78.9,70.1,86.5,17,11,2016,2019,SPCE,1.8 log10 @ 50% inhibition,,,,,,,,
Tamil Nadu,TN,59.3,77.0,52.5,74.5,61.0,77.6,17,12,2017,2019,SPCE,1.8 log10 @ 50% inhibition,,,,,,,,
Tamil Nadu,TN,62.2,84.7,52.8,76.8,59.5,80.1,17,13,2017,2019,SPCE,1.8 log10 @ 50% inhibition,,,,,,,,
Tamil Nadu,TN,53.5,78.4,45.7,70.2,52.3,74.8,17,14,2018,2019,SPCE,1.8 log10 @ 50% inhibition,,,,,,,,
Tamil Nadu,TN,47.3,77.4,40.2,69.2,51.7,73.9,17,15,2018,2019,SPCE,1.8 log10 @ 50% inhibition,,,,,,,,
Tamil Nadu,TN,53.5,75.7,41.3,63.3,47.5,60.1,17,16,2019,2019,SPCE,1.8 log10 @ 50% inhibition,,,,,,,,
Tamil Nadu,TN,40.3,78.6,36.8,75.0,36.4,72.2,17,17,2019,2019,SPCE,1.8 log10 @ 50% inhibition,,,,,,,,
Telangana,TS,77.4,94.9,83.4,94.5,77.5,95.3,20,7,2014,2019,SPCE,1.8 log10 @ 50% inhibition,,,,,,,,
Telangana,TS,88.7,94.7,78.4,89.2,86.9,93.5,20,8,2015,2019,SPCE,1.8 log10 @ 50% inhibition,,,,,,,,
Telangana,TS,81.7,84.7,74.1,91.5,84.7,94.8,20,9,2015,2019,SPCE,1.8 log10 @ 50% inhibition,,,,,,,,
Telangana,TS,66.8,76.7,57.4,71.4,65.5,74.3,20,10,2016,2019,SPCE,1.8 log10 @ 50% inhibition,,,,,,,,
Telangana,TS,61.9,77.8,56.4,69.0,57.9,79.3,20,11,2017,2019,SPCE,1.8 log10 @ 50% inhibition,,,,,,,,
Telangana,TS,73.0,86.9,60.0,72.3,65.1,81.5,20,12,2017,2019,SPCE,1.8 log10 @ 50% inhibition,,,,,,,,
Telangana,TS,55.9,75.9,44.3,69.7,53.1,74.4,20,13,2018,2019,SPCE,1.8 log10 @ 50% inhibition,,,,,,,,
Telangana,TS,49.2,78.3,37.7,63.4,52.6,76.7,20,14,2018,2019,SPCE,1.8 log10 @ 50% inhibition,,,,,,,,
Telangana,TS,53.4,82.5,46.6,75.9,54.5,82.7,20,15,2019,2019,SPCE,1.8 log10 @ 50% inhibition,,,,,,,,
Telangana,TS,57.0,79.3,48.3,75.8,57.9,78.9,20,16,2019,2019,SPCE,1.8 log10 @ 50% inhibition,,,,,,,,
Uttar Pradesh,UP,20.5,34.4,15.7,28.3,20.0,34.8,24,6,2017,2019,SPCE,1.8 log10 @ 50% inhibition,,,,,,,,
Uttar Pradesh,UP,16.7,30.8,13.9,24.5,18.9,32.4,24,7,2018,2019,SPCE,1.8 log10 @ 50% inhibition,,,,,,,,
Uttar Pradesh,UP,20.9,38.1,16.2,28.8,24.1,41.9,24,8,2018,2019,SPCE,1.8 log10 @ 50% inhibition,,,,,,,,
Uttar Pradesh,UP,17.2,38.6,12.4,33.7,17.5,40.2,24,9,2019,2019,SPCE,1.8 log10 @ 50% inhibition,,,,,,,,
Uttarakhand,UK,16.0,18.6,9.2,9.8,12.0,13.4,24,1,2017,2019,SPCE,1.8 log10 @ 50% inhibition,,,,,,,,
Uttarakhand,UK,18.6,17.5,26.1,12.1,26.7,12.1,24,2,2017,2019,SPCE,1.8 log10 @ 50% inhibition,,,,,,,,
Uttarakhand,UK,14.9,18.7,8.7,10.1,11.8,12.4,24,3,2018,2019,SPCE,1.8 log10 @ 50% inhibition,,,,,,,,
Uttarakhand,UK,15.3,17.6,12.7,15.2,13.7,14.1,24,4,2018,2019,SPCE,1.8 log10 @ 50% inhibition,,,,,,,,
Uttarakhand,UK,13.2,22.1,7.9,15.5,10.9,16.5,24,5,2019,2019,SPCE,1.8 log10 @ 50% inhibition,,,,,,,,
West Bengal,WB,26.8,35.8,17.3,22.0,19.5,27.2,27,1,2017,2019,SPCE,1.8 log10 @ 50% inhibition,,,,,,,,
West Bengal,WB,19.2,40.5,13.1,25.4,11.2,23.1,27,2,2017,2019,SPCE,1.8 log10 @ 50% inhibition,,,,,,,,
West Bengal,WB,22.9,42.5,11.3,22.9,15.5,29.0,27,3,2018,2019,SPCE,1.8 log10 @ 50% inhibition,,,,,,,,
A&N Island,AN,19.8,39.3,9.8,34.9,24.4,45.3,,NADCP 1,2020/2021,2021,SPCE,1.8 log10 @ 50% inhibition,328,516,65,203,32,180,80,234
Andhra Pradesh,AP,9.0,29.2,5.6,23.8,9.2,27.2,,NADCP 1,2020/2021,2021,SPCE,1.8 log10 @ 50% inhibition,2119,2116,191,618,119,504,195,576
Arunachal Pradesh,AR,2.7,,14.0,,1.1,,,NADCP 1,2020/2021,2021,SPCE,1.8 log10 @ 50% inhibition,186,,5,,26,,2,
Assam,AS,9.3,16.0,2.0,6.9,1.3,6.2,,NADCP 1,2020/2021,2021,SPCE,1.8 log10 @ 50% inhibition,1989,1401,185,224,40,97,26,87
Chhattisgarh,CG,17.0,35.6,10.9,22.9,11.5,22.7,,NADCP 1,2020/2021,2021,SPCE,1.8 log10 @ 50% inhibition,2152,2011,366,716,235,461,247,456
Delhi,,39.5,81.2,47.5,74.9,40.5,77.5,,NADCP 1,2020/2021,2021,SPCE,1.8 log10 @ 50% inhibition,200,191,79,155,95,143,81,148
Goa,GA,34.1,49.1,27.6,43.3,34.4,42.7,,NADCP 1,2020/2021,2021,SPCE,1.8 log10 @ 50% inhibition,735,735,251,361,203,318,253,314
Gujarat,GJ,18.8,44.2,16.4,42.4,20.1,46.5,,NADCP 1,2020/2021,2021,SPCE,1.8 log10 @ 50% inhibition,2223,2223,418,983,365,943,447,1034
Haryana,HR,24.2,59.2,24.0,60.8,28.4,63.8,,NADCP 1,2020/2021,2021,SPCE,1.8 log10 @ 50% inhibition,2267,2271,549,1344,544,1381,644,1449
Himachal Pradesh,HP,2.9,9.0,3.5,7.3,1.2,4.0,,NADCP 1,2020/2021,2021,SPCE,1.8 log10 @ 50% inhibition,1504,2301,44,207,53,168,18,92
Jammu & Kashmir,JK,17.4,35.3,9.2,23.1,10.3,19.3,,NADCP 1,2020/2021,2021,SPCE,1.8 log10 @ 50% inhibition,1525,1276,265,450,140,295,157,246
Jharkhand,JH,9.0,29.1,3.4,13.2,4.7,16.7,,NADCP 1,2020/2021,2021,SPCE,1.8 log10 @ 50% inhibition,1506,492,136,143,51,65,71,82
Karnataka,KA,16.3,45.2,12.3,33.3,13.2,37.6,,NADCP 1,2020/2021,2021,SPCE,1.8 log10 @ 50% inhibition,2300,2303,375,1041,283,767,304,866
Kerala,KL,47.4,70.9,39.5,60.1,45.7,67.6,,NADCP 1,2020/2021,2021,SPCE,1.8 log10 @ 50% inhibition,2145,2145,1017,1521,847,1289,980,1450
Madhya Pradesh,MP,10.0,28.4,8.7,21.4,9.3,24.1,,NADCP 1,2020/2021,2021,SPCE,1.8 log10 @ 50% inhibition,4589,4589,459,1303,399,982,427,1106
Maharashtra,MH,17.5,36.3,14.4,29.5,16.2,32.3,,NADCP 1,2020/2021,2021,SPCE,1.8 log10 @ 50% inhibition,4346,4359,761,1582,626,1286,704,1408
Manipur,MN,9.7,45.8,7.1,40.8,7.2,36.8,,NADCP 1,2020/2021,2021,SPCE,1.8 log10 @ 50% inhibition,807,807,78,370,57,329,58,297
Meghalaya,ML,14.0,41.6,7.0,34.5,16.9,32.4,,NADCP 1,2020/2021,2021,SPCE,1.8 log10 @ 50% inhibition,586,586,82,244,41,202,99,190
Mizoram,MZ,10.5,30.4,8.9,26.5,10.9,28.8,,NADCP 1,2020/2021,2021,SPCE,1.8 log10 @ 50% inhibition,838,838,88,255,75,222,91,241
Nagaland,NL,13.2,6.0,6.2,12.9,4.3,9.5,,NADCP 1,2020/2021,2021,SPCE,1.8 log10 @ 50% inhibition,726,419,96,25,45,54,31,40
Odisha,OD,12.7,36.0,8.8,20.5,7.3,17.8,,NADCP 1,2020/2021,2021,SPCE,1.8 log10 @ 50% inhibition,2262,2262,287,814,199,464,165,403
Pondichery,PY,84.1,89.3,78.6,80.3,84.8,89.2,,NADCP 1,2020/2021,2021,SPCE,1.8 log10 @ 50% inhibition,960,960,807,857,755,771,814,856
Punjab,PB,11.5,22.7,18.9,16.7,18.1,23.6,,NADCP 1,2020/2021,2021,SPCE,1.8 log10 @ 50% inhibition,2198,886,253,201,415,148,398,209
Rajasthan,RJ,44.9,57.1,44.6,54.0,38.6,52.9,,NADCP 1,2020/2021,2021,SPCE,1.8 log10 @ 50% inhibition,1188,1188,533,678,530,642,459,628
Sikkim,SK,2.7,22.2,3.9,14.9,2.8,16.6,,NADCP 1,2020/2021,2021,SPCE,1.8 log10 @ 50% inhibition,999,743,27,165,39,111,28,123
Tamil Nadu,TN,37.0,70.3,27.5,60.8,27.8,61.8,,NADCP 1,2020/2021,2021,SPCE,1.8 log10 @ 50% inhibition,2246,2246,831,1579,618,1366,624,1388
Telangana,TS,20.7,52.4,14.5,49.1,20.5,55.0,,NADCP 1,2020/2021,2021,SPCE,1.8 log10 @ 50% inhibition,2210,2210,457,1158,320,1085,453,1216
Uttar Pradesh,UP,9.9,28.7,7.5,18.2,8.6,22.1,,NADCP 1,2020/2021,2021,SPCE,1.8 log10 @ 50% inhibition,7468,5975,739,1715,560,1087,642,1320
Uttarakhand,UK,4.2,24.3,3.8,17.5,3.0,23.1,,NADCP 1,2020/2021,2021,SPCE,1.8 log10 @ 50% inhibition,1320,1291,55,314,50,226,40,298
Total,,17.6,39.0,14.4,31.6,15.8,34.0,,NADCP 1,2020/2021,2021,SPCE,1.8 log10 @ 50% inhibition,53922,49340,9490,19243,7765,15591,8520,16776
Himachal Pradesh,HP,2.8,9.4,3.4,7.3,1.0,3.8,,NADCP 1,2021,2021,SPCE,1.8 log10 @ 50% inhibition,879,1273,25,120,30,93,9,48
Jammu & Kashmir,JK,NaN,24.5,NaN,19.4,NaN,18.7,,NADCP 1,2021,2021,SPCE,1.8 log10 @ 50% inhibition,0,139,0,34,0,27,0,26
Kerala,KL,53.9,71.1,45.4,58.4,51.2,66.6,,NADCP 1,2021,2021,SPCE,1.8 log10 @ 50% inhibition,1485,1349,800,959,674,788,761,898
Meghalaya,ML,14.0,41.6,7.0,34.5,16.9,32.4,,NADCP 1,2021,2021,SPCE,1.8 log10 @ 50% inhibition,586,586,82,244,41,202,99,190
Nagaland,NL,13.2,6.0,6.2,12.9,4.3,9.5,,NADCP 1,2021,2021,SPCE,1.8 log10 @ 50% inhibition,726,419,96,25,45,54,31,40
Pondichery,PY,84.1,89.3,78.6,80.3,84.8,89.2,,NADCP 1,2021,2021,SPCE,1.8 log10 @ 50% inhibition,960,960,807,857,755,771,814,856
Punjab,PB,17.0,22.7,13.2,16.7,15.1,23.6,,NADCP 1,2021,2021,SPCE,1.8 log10 @ 50% inhibition,53,886,9,201,7,148,8,209
Rajasthan,RJ,44.9,57.1,44.6,54.0,38.6,52.9,,NADCP 1,2021,2021,SPCE,1.8 log10 @ 50% inhibition,1188,1188,533,678,530,642,459,628
Sikkim,SK,7.7,17.6,5.1,13.0,7.7,11.0,,NADCP 1,2021,2021,SPCE,1.8 log10 @ 50% inhibition,78,353,6,62,4,46,6,39
Total,,39.6,44.5,35.0,38.7,36.7,41.0,,NADCP 1,2021,2021,SPCE,1.8 log10 @ 50% inhibition,5955,7153,2358,3180,2086,2771,2187,2934
A&N Island,AN,19.8,39.3,9.8,34.9,24.4,45.3,,NADCP 1,2020,2020,SPCE,1.8 log10 @ 50% inhibition,328,516,65,203,32,180,80,234
Andhra Pradesh,AP,9.0,29.2,5.6,23.8,9.2,27.2,,NADCP 1,2020,2020,SPCE,1.8 log10 @ 50% inhibition,2119,2116,191,618,119,504,196,576
Arunachal Pradesh,AR,2.7,,14.0,,1.1,,,NADCP 1,2020,2020,SPCE,1.8 log10 @ 50% inhibition,186,,5,,26,,2,
Assam,AS,9.3,16.0,2.0,6.9,1.3,6.2,,NADCP 1,2020,2020,SPCE,1.8 log10 @ 50% inhibition,1989,1401,184,224,39,96,26,87
Chhattisgarh,CG,17.0,35.6,10.9,22.9,11.5,22.7,,NADCP 1,2020,2020,SPCE,1.8 log10 @ 50% inhibition,2152,2011,366,716,234,461,248,457
Delhi,,39.5,81.2,47.5,74.9,40.5,77.5,,NADCP 1,2020,2020,SPCE,1.8 log10 @ 50% inhibition,200,191,79,155,95,143,81,148
Goa,GA,34.1,49.1,27.6,43.3,34.4,42.7,,NADCP 1,2020,2020,SPCE,1.8 log10 @ 50% inhibition,735,735,251,361,203,318,253,314
Gujarat,GJ,18.8,44.2,16.4,42.4,20.1,46.5,,NADCP 1,2020,2020,SPCE,1.8 log10 @ 50% inhibition,2223,2223,418,982,364,942,447,1033
Haryana,HR,24.2,59.2,24.0,60.8,28.4,63.8,,NADCP 1,2020,2020,SPCE,1.8 log10 @ 50% inhibition,2267,2271,549,1345,545,1380,643,1448
Himachal Pradesh,HP,3.0,8.5,3.7,7.3,1.4,4.3,,NADCP 1,2020,2020,SPCE,1.8 log10 @ 50% inhibition,625,1028,19,87,23,75,9,44
Jammu & Kashmir,JK,17.4,36.6,9.2,23.6,10.3,19.3,,NADCP 1,2020,2020,SPCE,1.8 log10 @ 50% inhibition,1525,1137,265,416,141,268,157,220
Jharkhand,JH,9.0,29.1,3.4,13.2,4.7,16.7,,NADCP 1,2020,2020,SPCE,1.8 log10 @ 50% inhibition,1506,492,135,143,51,65,71,82
Karnataka,KA,16.3,45.2,12.3,33.3,13.2,37.6,,NADCP 1,2020,2020,SPCE,1.8 log10 @ 50% inhibition,2300,2303,376,1042,284,766,304,865
Kerala,KL,32.9,70.6,26.2,62.9,33.2,69.3,,NADCP 1,2020,2020,SPCE,1.8 log10 @ 50% inhibition,660,796,217,562,173,501,219,552
Madhya Pradesh,MP,10.0,28.4,8.7,21.4,9.3,24.1,,NADCP 1,2020,2020,SPCE,1.8 log10 @ 50% inhibition,4589,4589,458,1304,397,983,428,1108
Maharashtra,MH,17.5,36.3,14.4,29.5,16.2,32.3,,NADCP 1,2020,2020,SPCE,1.8 log10 @ 50% inhibition,4346,4359,761,1581,627,1285,705,1410
Manipur,MN,9.7,45.8,7.1,40.8,7.2,36.8,,NADCP 1,2020,2020,SPCE,1.8 log10 @ 50% inhibition,807,807,78,370,57,329,58,297
Mizoram,MZ,10.5,30.4,8.9,26.5,10.9,28.8,,NADCP 1,2020,2020,SPCE,1.8 log10 @ 50% inhibition,838,838,88,255,75,222,91,241
Odisha,OD,12.7,36.0,8.8,20.5,7.3,17.8,,NADCP 1,2020,2020,SPCE,1.8 log10 @ 50% inhibition,2262,2262,287,814,198,464,166,402
Punjab,PB,11.4,,19.0,,18.2,,,NADCP 1,2020,2020,SPCE,1.8 log10 @ 50% inhibition,2145,,244,,408,,390,
Sikkim,SK,2.3,26.4,3.8,16.7,2.4,21.5,,NADCP 1,2020,2020,SPCE,1.8 log10 @ 50% inhibition,921,390,21,103,35,65,22,84
Tamil Nadu,TN,37.0,70.3,27.5,60.8,27.8,61.8,,NADCP 1,2020,2020,SPCE,1.8 log10 @ 50% inhibition,2246,2246,832,1578,618,1366,625,1388
Telangana,TS,20.7,52.4,14.5,49.1,20.5,55.0,,NADCP 1,2020,2020,SPCE,1.8 log10 @ 50% inhibition,2210,2210,458,1157,321,1085,453,1215
Uttar Pradesh,UP,9.9,28.7,7.5,18.2,8.6,22.1,,NADCP 1,2020,2020,SPCE,1.8 log10 @ 50% inhibition,7468,5975,738,1714,559,1086,642,1323
Uttarakhand,UK,4.2,24.3,3.8,17.5,3.0,23.1,,NADCP 1,2020,2020,SPCE,1.8 log10 @ 50% inhibition,1320,1291,55,314,50,226,39,298
Total,,14.9,38.0,11.8,30.4,13.2,32.8,,NADCP 1,2020,2020,SPCE,1.8 log10 @ 50% inhibition,47967,42187,7140,16044,5674,12810,6355,13826
A&N Island,AN,15.3,79.2,6.8,68.0,16.7,85.8,,NADCP 2,2021/2022,2022,SPCE,1.65 log10 @ 35% inhibition,472,472,72,374,32,321,79,405
Andhra Pradesh,AP,19.7,41.5,19.5,46.5,22.9,49.2,,NADCP 2,2021/2022,2022,SPCE,1.65 log10 @ 35% inhibition,2722,2716,536,1127,531,1263,623,1336
Arunachal Pradesh,AR,15.6,82.5,12.0,73.1,0.5,72.5,,NADCP 2,2021/2022,2022,SPCE,1.65 log10 @ 35% inhibition,417,342,65,282,50,250,2,248
Assam,AS,24.7,57.1,19.9,54.2,19.9,55.0,,NADCP 2,2021/2022,2022,SPCE,1.65 log10 @ 35% inhibition,1848,1848,456,1055,368,1002,368,1016
Bihar,BR,16.0,45.3,7.4,45.9,11.8,37.2,,NADCP 2,2021/2022,2022,SPCE,1.65 log10 @ 35% inhibition,2246,2117,359,959,166,972,265,788
Chandigarh,CH,35.5,75.5,32.0,68.0,40.0,79.0,,NADCP 2,2021/2022,2022,SPCE,1.65 log10 @ 35% inhibition,200,200,71,151,64,136,80,158
Chhattisgarh,CG,24.4,,16.6,,11.5,,,NADCP 2,2021/2022,2022,SPCE,1.65 log10 @ 35% inhibition,2209,,539,,367,,254,
Dadra and Nagar Haveli and Daman and Diu,DD,56.0,69.6,27.5,67.5,32.0,58.6,,NADCP 2,2021/2022,2022,SPCE,1.65 log10 @ 35% inhibition,200,191,112,133,55,129,64,112
Delhi,,73.1,88.7,65.0,86.1,65.0,89.6,,NADCP 2,2021/2022,2022,SPCE,1.65 log10 @ 35% inhibition,234,230,171,204,152,198,152,206
Goa,GA,48.4,77.8,35.1,79.8,43.2,84.8,,NADCP 2,2021/2022,2022,SPCE,1.65 log10 @ 35% inhibition,1289,1289,624,1003,452,1029,557,1093
Gujarat,GJ,15.2,40.6,12.1,27.1,14.0,34.8,,NADCP 2,2021/2022,2022,SPCE,1.65 log10 @ 35% inhibition,2184,2184,332,887,264,592,306,760
Haryana,HR,36.4,68.8,34.7,67.9,43.2,72.9,,NADCP 2,2021/2022,2022,SPCE,1.65 log10 @ 35% inhibition,2289,2285,833,1572,794,1552,989,1666
Himachal Pradesh,HP,31.7,61.5,26.8,54.9,20.5,55.1,,NADCP 2,2021/2022,2022,SPCE,1.65 log10 @ 35% inhibition,619,1432,196,881,166,786,127,789
Jammu & Kashmir,JK,18.5,67.3,13.0,58.2,10.3,57.4,,NADCP 2,2021/2022,2022,SPCE,1.65 log10 @ 35% inhibition,1073,1048,199,705,139,610,111,602
Jharkhand,JH,33.7,,15.7,,36.1,,,NADCP 2,2021/2022,2022,SPCE,1.65 log10 @ 35% inhibition,83,,28,,13,,30,
Karnataka,KA,50.0,85.5,45.2,84.1,45.5,83.2,,NADCP 2,2021/2022,2022,SPCE,1.65 log10 @ 35% inhibition,2166,2173,1083,1858,979,1827,986,1808
Kerala,KL,35.7,72.7,33.7,69.2,37.0,72.5,,NADCP 2,2021/2022,2022,SPCE,1.65 log10 @ 35% inhibition,2182,2182,779,1586,735,1510,807,1582
Madhya Pradesh,MP,35.1,63.0,38.0,66.6,20.8,51.9,,NADCP 2,2021/2022,2022,SPCE,1.65 log10 @ 35% inhibition,1014,1014,356,639,385,675,211,526
Maharashtra,MH,31.4,76.3,33.5,79.7,31.2,77.8,,NADCP 2,2021/2022,2022,SPCE,1.65 log10 @ 35% inhibition,4420,4420,1388,3372,1481,3523,1379,3439
Meghalaya,ML,34.8,90.9,60.6,92.2,8.1,66.2,,NADCP 2,2021/2022,2022,SPCE,1.65 log10 @ 35% inhibition,198,154,69,140,120,142,16,102
Nagaland,NL,44.3,,28.1,,31.6,,,NADCP 2,2021/2022,2022,SPCE,1.65 log10 @ 35% inhibition,1056,,468,,297,,334,
Odisha,OD,13.4,89.9,12.5,87.9,12.7,87.0,,NADCP 2,2021/2022,2022,SPCE,1.65 log10 @ 35% inhibition,2262,2262,303,2034,283,1988,287,1968
Pondichery,PY,91.3,95.9,83.1,89.8,85.5,89.1,,NADCP 2,2021/2022,2022,SPCE,1.65 log10 @ 35% inhibition,883,883,806,847,734,793,755,787
Punjab,PB,33.2,66.1,29.5,66.7,30.2,68.1,,NADCP 2,2021/2022,2022,SPCE,1.65 log10 @ 35% inhibition,2196,2196,729,1452,648,1465,663,1495
Sikkim,SK,12.5,52.4,11.2,48.2,12.6,45.9,,NADCP 2,2021/2022,2022,SPCE,1.65 log10 @ 35% inhibition,1138,1016,142,532,127,490,143,466
Tamil Nadu,TN,51.4,78.3,36.5,68.5,40.6,70.3,,NADCP 2,2021/2022,2022,SPCE,1.65 log10 @ 35% inhibition,2327,2327,1196,1822,849,1594,945,1636
Telangana,TS,29.8,64.0,22.6,56.0,22.0,57.2,,NADCP 2,2021/2022,2022,SPCE,1.65 log10 @ 35% inhibition,2275,2275,678,1456,514,1274,500,1301
Uttar Pradesh,UP,33.0,54.6,22.0,57.1,25.2,45.3,,NADCP 2,2021/2022,2022,SPCE,1.65 log10 @ 35% inhibition,2433,2240,803,1223,535,1279,613,1015
Uttarakhand,UK,16.7,58.2,13.3,59.7,11.0,45.0,,NADCP 2,2021/2022,2022,SPCE,1.65 log10 @ 35% inhibition,1358,1236,227,719,181,738,149,556
West Bengal,WB,30.8,75.3,17.2,63.0,19.6,63.6,,NADCP 2,2021/2022,2022,SPCE,1.65 log10 @ 35% inhibition,803,814,247,613,138,513,157,518
Total,,31.0,66.5,25.9,64.1,26.7,63.5,,NADCP 2,2021/2022,2022,SPCE,1.65 log10 @ 35% inhibition,44796,41546,13887,27628,11602,26631,11961,26382
A&N Island,AN,10.2,79.2,5.6,68.0,13.9,85.8,,NADCP 2,2022,2022,SPCE,1.65 log10 @ 35% inhibition,108,472,11,374,6,321,15,405
Arunachal Pradesh,AR,15.6,82.5,12.0,73.1,0.5,72.5,,NADCP 2,2022,2022,SPCE,1.65 log10 @ 35% inhibition,417,342,65,282,50,250,2,248
Assam,AS,24.7,57.1,19.9,54.2,19.9,55.0,,NADCP 2,2022,2022,SPCE,1.65 log10 @ 35% inhibition,1848,1848,456,1055,368,1002,368,1016
Bihar,BR,16.0,45.3,7.4,45.9,11.8,37.2,,NADCP 2,2022,2022,SPCE,1.65 log10 @ 35% inhibition,2246,2117,359,959,166,972,265,788
Chhattisgarh,CG,24.4,NaN,16.6,NaN,11.5,NaN,,NADCP 2,2022,2022,SPCE,1.65 log10 @ 35% inhibition,2209,0,539,0,367,0,254,0
Dadra and Nagar Haveli and Daman and Diu,DD,56.0,69.6,27.5,67.5,32.0,58.6,,NADCP 2,2022,2022,SPCE,1.65 log10 @ 35% inhibition,200,191,112,133,55,129,64,112
Goa,GA,48.4,77.8,35.1,79.8,43.2,84.8,,NADCP 2,2022,2022,SPCE,1.65 log10 @ 35% inhibition,1289,1289,624,1003,452,1029,557,1093
Gujarat,GJ,15.2,40.6,12.1,27.1,14.0,34.8,,NADCP 2,2022,2022,SPCE,1.65 log10 @ 35% inhibition,2184,2184,332,887,264,592,306,760
Himachal Pradesh,HP,31.7,58.6,26.8,51.8,20.5,49.9,,NADCP 2,2022,2022,SPCE,1.65 log10 @ 35% inhibition,619,1108,196,649,166,574,127,553
Jammu & Kashmir,JK,2.0,67.3,2.0,58.2,4.4,57.4,,NADCP 2,2022,2022,SPCE,1.65 log10 @ 35% inhibition,586,1048,12,705,12,610,26,602
Jharkhand,JH,33.7,NaN,15.7,NaN,36.1,NaN,,NADCP 2,2022,2022,SPCE,1.65 log10 @ 35% inhibition,83,0,28,0,13,0,30,0
Karnataka,KA,37.3,82.2,31.9,79.0,33.3,79.3,,NADCP 2,2022,2022,SPCE,1.65 log10 @ 35% inhibition,970,960,362,789,309,758,323,761
Kerala,KL,35.7,72.7,33.7,69.2,37.0,72.5,,NADCP 2,2022,2022,SPCE,1.65 log10 @ 35% inhibition,2182,2182,779,1586,735,1510,807,1582
Madhya Pradesh,MP,35.1,63.0,38.0,66.6,20.8,51.9,,NADCP 2,2022,2022,SPCE,1.65 log10 @ 35% inhibition,1014,1014,356,639,385,675,211,526
Maharashtra,MH,37.0,77.6,38.3,81.5,35.9,79.8,,NADCP 2,2022,2022,SPCE,1.65 log10 @ 35% inhibition,3341,3809,1236,2957,1278,3106,1201,3040
Meghalaya,ML,34.8,90.9,60.6,92.2,8.1,66.2,,NADCP 2,2022,2022,SPCE,1.65 log10 @ 35% inhibition,198,154,69,140,120,142,16,102
Nagaland,NL,44.3,NaN,28.1,NaN,31.6,NaN,,NADCP 2,2022,2022,SPCE,1.65 log10 @ 35% inhibition,1056,0,468,0,297,0,334,0
Odisha,OD,13.4,89.9,12.5,87.9,12.7,87.0,,NADCP 2,2022,2022,SPCE,1.65 log10 @ 35% inhibition,2262,2262,303,2034,283,1988,287,1968
Pondichery,PY,91.3,95.9,83.1,89.8,85.5,89.1,,NADCP 2,2022,2022,SPCE,1.65 log10 @ 35% inhibition,883,883,806,847,734,793,755,787
Punjab,PB,33.2,66.1,29.5,66.7,30.2,68.1,,NADCP 2,2022,2022,SPCE,1.65 log10 @ 35% inhibition,2196,2196,729,1452,648,1465,663,1495
Sikkim,SK,12.5,52.4,11.2,48.2,12.6,45.9,,NADCP 2,2022,2022,SPCE,1.65 log10 @ 35% inhibition,1138,1016,142,532,127,490,143,466
Tamil Nadu,TN,51.4,78.3,36.5,68.5,40.6,70.3,,NADCP 2,2022,2022,SPCE,1.65 log10 @ 35% inhibition,2327,2327,1196,1822,849,1594,945,1636
Telangana,TS,29.8,64.0,22.6,56.0,22.0,57.2,,NADCP 2,2022,2022,SPCE,1.65 log10 @ 35% inhibition,2275,2275,678,1456,514,1274,500,1301
Uttar Pradesh,UP,30.2,54.6,24.2,57.1,18.8,45.3,,NADCP 2,2022,2022,SPCE,1.65 log10 @ 35% inhibition,1554,2240,469,1223,376,1279,292,1015
Uttarakhand,UK,16.7,58.2,13.3,59.7,11.0,45.0,,NADCP 2,2022,2022,SPCE,1.65 log10 @ 35% inhibition,1358,1236,227,719,181,738,149,556
West Bengal,WB,30.8,75.3,17.2,63.0,19.6,63.6,,NADCP 2,2022,2022,SPCE,1.65 log10 @ 35% inhibition,803,814,247,613,138,513,157,518
Total,,30.6,67.3,25.2,64.2,24.9,62.8,,NADCP 2,2022,2022,SPCE,1.65 log10 @ 35% inhibition,35346,33967,10801,22856,8893,21804,8797,21330
A&N Island,AN,16.8,,7.1,,17.6,,,NADCP 2,2021,2021,SPCE,1.65 log10 @ 35% inhibition,364,,61,,26,,64,
Andhra Pradesh,AP,19.7,41.5,19.5,46.5,22.9,49.2,,NADCP 2,2021,2021,SPCE,1.65 log10 @ 35% inhibition,2722,2716,536,1127,531,1263,623,1336
Chandigarh,CH,35.5,75.5,32.0,68.0,40.0,79.0,,NADCP 2,2021,2021,SPCE,1.65 log10 @ 35% inhibition,200,200,71,151,64,136,80,158
Delhi,,73.1,88.7,65.0,86.1,65.0,89.6,,NADCP 2,2021,2021,SPCE,1.65 log10 @ 35% inhibition,234,230,171,204,152,198,152,206
Haryana,HR,36.4,68.8,34.7,67.9,43.2,72.9,,NADCP 2,2021,2021,SPCE,1.65 log10 @ 35% inhibition,2289,2285,833,1572,794,1552,989,1666
Himachal Pradesh,HP,,71.6,,65.4,,72.8,,NADCP 2,2021,2021,SPCE,1.65 log10 @ 35% inhibition,,324,,232,,212,,236
Jammu & Kashmir,JK,38.4,,26.1,,17.5,,,NADCP 2,2021,2021,SPCE,1.65 log10 @ 35% inhibition,487,,187,,127,,85,
Karnataka,KA,60.3,88.1,56.0,88.1,55.4,86.3,,NADCP 2,2021,2021,SPCE,1.65 log10 @ 35% inhibition,1196,1213,721,1069,670,1069,663,1047
Maharashtra,MH,14.1,67.9,18.8,68.2,16.5,65.3,,NADCP 2,2021,2021,SPCE,1.65 log10 @ 35% inhibition,1079,611,152,415,203,417,178,399
Uttar Pradesh,UP,38.0,,18.1,,36.5,,,NADCP 2,2021,2021,SPCE,1.65 log10 @ 35% inhibition,879,,334,,159,,321,
Total,,32.5,62.9,28.8,63.9,33.4,66.6,,NADCP 2,2021,2021,SPCE,1.65 log10 @ 35% inhibition,9450,7579,3071,4767,2722,4843,3156,5048
Andhra Pradesh,,83.9,96.3,72.5,86.9,84.8,92.3,,Organized farms,2021,2021,SPCE,1.8 log10 @ 50% inhibition,429,480,360,462,311,417,364,443
Chhattisgarh,,65.1,79.3,61.4,87.8,57.8,67.1,,Organized farms,2021,2021,SPCE,1.8 log10 @ 50% inhibition,83,82,54,65,51,72,48,55
Gujarat,,63.2,95.0,53.5,79.2,63.2,77.4,,Organized farms,2021,2021,SPCE,1.8 log10 @ 50% inhibition,340,159,215,151,182,126,215,123
Haryana,,89.9,95.8,79.7,92.4,89.0,95.7,,Organized farms,2021,2021,SPCE,1.8 log10 @ 50% inhibition,1283,1574,1153,1508,1023,1454,1142,1506
Himachal Pradesh,,84.4,92.2,53.1,81.3,32.8,54.7,,Organized farms,2021,2021,SPCE,1.8 log10 @ 50% inhibition,64,64,54,59,34,52,21,35
Kerala,,84.5,92.6,73.0,86.8,85.5,91.6,,Organized farms,2021,2021,SPCE,1.8 log10 @ 50% inhibition,882,901,745,834,644,782,754,825
Madhya Pradesh,,66.7,90.7,61.2,79.0,78.4,91.2,,Organized farms,2021,2021,SPCE,1.8 log10 @ 50% inhibition,402,601,268,545,246,475,315,548
Tamil Nadu,,87.6,97.1,69.5,96.2,77.1,93.3,,Organized farms,2021,2021,SPCE,1.8 log10 @ 50% inhibition,105,105,92,102,73,101,81,98
Uttar Pradesh,,72.1,83.4,69.6,72.8,89.2,87.6,,Organized farms,2021,2021,SPCE,1.8 log10 @ 50% inhibition,240,169,173,141,167,123,214,148
West Bengal,,88.2,94.5,91.8,97.3,93.6,97.3,,Organized farms,2021,2021,SPCE,1.8 log10 @ 50% inhibition,110,110,97,104,101,107,103,107
Total,,81.6,93.6,71.9,87.4,82.7,91.6,,Organized farms,2021,2021,SPCE,1.8 log10 @ 50% inhibition,3938,4245,3213,3973,2831,3710,3257,3888
Andhra Pradesh,,98.6,97.9,96.2,96.6,98.6,100.0,,Organized farms,2022,2022,SPCE,1.65 log10 @ 35% inhibition,501,326,494,319,482,315,494,326
Chhattisgarh,,78.5,100.0,68.8,100.0,74.2,100.0,,Organized farms,2022,2022,SPCE,1.65 log10 @ 35% inhibition,93,68,73,68,64,68,69,68
Gujarat,,100.0,100.0,98.7,94.3,93.1,95.0,,Organized farms,2022,2022,SPCE,1.65 log10 @ 35% inhibition,379,562,379,562,374,530,353,534
Haryana,,93.6,98.5,93.3,98.7,93.0,98.8,,Organized farms,2022,2022,SPCE,1.65 log10 @ 35% inhibition,644,868,603,855,601,857,599,858
Himachal Pradesh,,96.1,95.8,97.1,97.2,96.1,96.5,,Organized farms,2022,2022,SPCE,1.65 log10 @ 35% inhibition,103,144,99,138,100,140,99,139
Karnataka,,94.1,99.4,94.9,99.4,94.3,99.4,,Organized farms,2022,2022,SPCE,1.65 log10 @ 35% inhibition,370,339,348,337,351,337,349,337
Kerala,,90.9,91.8,88.4,91.7,90.6,92.0,,Organized farms,2022,2022,SPCE,1.65 log10 @ 35% inhibition,1305,1295,1186,1189,1154,1188,1182,1191
Madhya Pradesh,,92.5,99.5,90.8,97.7,92.5,97.5,,Organized farms,2022,2022,SPCE,1.65 log10 @ 35% inhibition,401,398,371,396,364,389,371,388
Maharashtra,,92.2,100.0,91.9,100.0,91.5,100.0,,Organized farms,2022,2022,SPCE,1.65 log10 @ 35% inhibition,283,240,261,240,260,240,259,240
Odisha,,28.6,90.5,23.8,90.5,19.0,85.7,,Organized farms,2022,2022,SPCE,1.65 log10 @ 35% inhibition,21,21,6,19,5,19,4,18
Tamil Nadu,,97.6,98.8,92.7,97.6,97.4,98.8,,Organized farms,2022,2022,SPCE,1.65 log10 @ 35% inhibition,547,500,534,494,507,488,533,494
Telangana,,14.3,99.0,0.0,95.8,0.0,99.0,,Organized farms,2022,2022,SPCE,1.65 log10 @ 35% inhibition,14,96,2,95,0,92,0,95
Uttar Pradesh,,84.2,90.3,91.9,90.0,93.0,97.9,,Organized farms,2022,2022,SPCE,1.65 log10 @ 35% inhibition,570,339,480,306,524,305,530,332
Uttarakhand,,93.2,95.5,93.2,95.5,100.0,100.0,,Organized farms,2022,2022,SPCE,1.65 log10 @ 35% inhibition,44,44,41,42,41,42,44,44
Total,,92.5,96.6,91.5,95.6,92.6,96.6,,Organized farms,2022,2022,SPCE,1.65 log10 @ 35% inhibition,5275,5240,4879,5062,4827,5009,4885,5062
Andhra Pradesh,,83.9,96.3,72.5,86.9,84.8,92.3,,Organized farms,2021,2021,SPCE,1.8 log10 @ 50% inhibition,429,480,360,462,311,417,364,443
Chhattisgarh,,65.1,79.3,61.4,87.8,57.8,67.1,,Organized farms,2021,2021,SPCE,1.8 log10 @ 50% inhibition,83,82,54,65,51,72,48,55
Gujarat,,63.2,95.0,53.5,79.2,63.2,77.4,,Organized farms,2021,2021,SPCE,1.8 log10 @ 50% inhibition,340,159,215,151,182,126,215,123
Haryana,,89.9,95.8,79.7,92.4,89.0,95.7,,Organized farms,2021,2021,SPCE,1.8 log10 @ 50% inhibition,1283,1574,1153,1508,1023,1454,1142,1506
Himachal Pradesh,,84.4,92.2,53.1,81.3,32.8,54.7,,Organized farms,2021,2021,SPCE,1.8 log10 @ 50% inhibition,64,64,54,59,34,52,21,35
Kerala,,84.5,92.6,73.0,86.8,85.5,91.6,,Organized farms,2021,2021,SPCE,1.8 log10 @ 50% inhibition,882,901,745,834,644,782,754,825
Madhya Pradesh,,66.7,90.7,61.2,79.0,78.4,91.2,,Organized farms,2021,2021,SPCE,1.8 log10 @ 50% inhibition,402,601,268,545,246,475,315,548
Tamil Nadu,,87.6,97.1,69.5,96.2,77.1,93.3,,Organized farms,2021,2021,SPCE,1.8 log10 @ 50% inhibition,105,105,92,102,73,101,81,98
Uttar Pradesh,,72.1,83.4,69.6,72.8,89.2,87.6,,Organized farms,2021,2021,SPCE,1.8 log10 @ 50% inhibition,240,169,173,141,167,123,214,148
West Bengal,,88.2,94.5,91.8,97.3,93.6,97.3,,Organized farms,2021,2021,SPCE,1.8 log10 @ 50% inhibition,110,110,97,104,101,107,103,107
Total,,81.6,93.6,71.9,87.4,82.7,91.6,,Organized farms,2021,2021,SPCE,1.8 log10 @ 50% inhibition,3938,4245,3213,3973,2831,3710,3257,3888
Andhra Pradesh,,98.6,97.9,96.2,96.6,98.6,100.0,,Organized farms,2022,2022,SPCE,1.65 log10 @ 35% inhibition,501,326,494,319,482,315,494,326
Chhattisgarh,,78.5,100.0,68.8,100.0,74.2,100.0,,Organized farms,2022,2022,SPCE,1.65 log10 @ 35% inhibition,93,68,73,68,64,68,69,68
Gujarat,,100.0,100.0,98.7,94.3,93.1,95.0,,Organized farms,2022,2022,SPCE,1.65 log10 @ 35% inhibition,379,562,379,562,374,530,353,534
Haryana,,93.6,98.5,93.3,98.7,93.0,98.8,,Organized farms,2022,2022,SPCE,1.65 log10 @ 35% inhibition,644,868,603,855,601,857,599,858
Himachal Pradesh,,96.1,95.8,97.1,97.2,96.1,96.5,,Organized farms,2022,2022,SPCE,1.65 log10 @ 35% inhibition,103,144,99,138,100,140,99,139
Karnataka,,94.1,99.4,94.9,99.4,94.3,99.4,,Organized farms,2022,2022,SPCE,1.65 log10 @ 35% inhibition,370,339,348,337,351,337,349,337
Kerala,,90.9,91.8,88.4,91.7,90.6,92.0,,Organized farms,2022,2022,SPCE,1.65 log10 @ 35% inhibition,1305,1295,1186,1189,1154,1188,1182,1191
Madhya Pradesh,,92.5,99.5,90.8,97.7,92.5,97.5,,Organized farms,2022,2022,SPCE,1.65 log10 @ 35% inhibition,401,398,371,396,364,389,371,388
Maharashtra,,92.2,100.0,91.9,100.0,91.5,100.0,,Organized farms,2022,2022,SPCE,1.65 log10 @ 35% inhibition,283,240,261,240,260,240,259,240
Odisha,,28.6,90.5,23.8,90.5,19.0,85.7,,Organized farms,2022,2022,SPCE,1.65 log10 @ 35% inhibition,21,21,6,19,5,19,4,18
Tamil Nadu,,97.6,98.8,92.7,97.6,97.4,98.8,,Organized farms,2022,2022,SPCE,1.65 log10 @ 35% inhibition,547,500,534,494,507,488,533,494
Telangana,,14.3,99.0,0.0,95.8,0.0,99.0,,Organized farms,2022,2022,SPCE,1.65 log10 @ 35% inhibition,14,96,2,95,0,92,0,95
Uttar Pradesh,,84.2,90.3,91.9,90.0,93.0,97.9,,Organized farms,2022,2022,SPCE,1.65 log10 @ 35% inhibition,570,339,480,306,524,305,530,332
Uttarakhand,,93.2,95.5,93.2,95.5,100.0,100.0,,Organized farms,2022,2022,SPCE,1.65 log10 @ 35% inhibition,44,44,41,42,41,42,44,44
Total,,92.5,96.6,91.5,95.6,92.6,96.6,,Organized farms,2022,2022,SPCE,1.65 log10 @ 35% inhibition,5275,5240,4879,5062,4827,5009,4885,5062
Andhra Pradesh,AP,83.9,96.3,72.5,86.9,84.8,92.3,,Organized farms,2021,2021,SPCE,1.8 log10 @ 50% inhibition,429,480,360,462,311,417,364,443
Chhattisgarh,CG,65.1,79.3,61.4,87.8,57.8,67.1,,Organized farms,2021,2021,SPCE,1.8 log10 @ 50% inhibition,83,82,54,65,51,72,48,55
Gujarat,GJ,63.2,95.0,53.5,79.2,63.2,77.4,,Organized farms,2021,2021,SPCE,1.8 log10 @ 50% inhibition,340,159,215,151,182,126,215,123
Haryana,HR,89.9,95.8,79.7,92.4,89.0,95.7,,Organized farms,2021,2021,SPCE,1.8 log10 @ 50% inhibition,1283,1574,1153,1508,1023,1454,1142,1506
Himachal Pradesh,HP,84.4,92.2,53.1,81.3,32.8,54.7,,Organized farms,2021,2021,SPCE,1.8 log10 @ 50% inhibition,64,64,54,59,34,52,21,35
Kerala,KL,84.5,92.6,73.0,86.8,85.5,91.6,,Organized farms,2021,2021,SPCE,1.8 log10 @ 50% inhibition,882,901,745,834,644,782,754,825
Madhya Pradesh,MP,66.7,90.7,61.2,79.0,78.4,91.2,,Organized farms,2021,2021,SPCE,1.8 log10 @ 50% inhibition,402,601,268,545,246,475,315,548
Tamil Nadu,TN,87.6,97.1,69.5,96.2,77.1,93.3,,Organized farms,2021,2021,SPCE,1.8 log10 @ 50% inhibition,105,105,92,102,73,101,81,98
Uttar Pradesh,UP,72.1,83.4,69.6,72.8,89.2,87.6,,Organized farms,2021,2021,SPCE,1.8 log10 @ 50% inhibition,240,169,173,141,167,123,214,148
West Bengal,WB,88.2,94.5,91.8,97.3,93.6,97.3,,Organized farms,2021,2021,SPCE,1.8 log10 @ 50% inhibition,110,110,97,104,101,107,103,107
Total,,81.6,93.6,71.9,87.4,82.7,91.6,,Organized farms,2021,2021,SPCE,1.8 log10 @ 50% inhibition,3938,4245,3213,3973,2831,3710,3257,3888
Andhra Pradesh,AP,98.6,97.9,96.2,96.6,98.6,100.0,,Organized farms,2022,2022,SPCE,1.65 log10 @ 35% inhibition,501,326,494,319,482,315,494,326
Chhattisgarh,CG,78.5,100.0,68.8,100.0,74.2,100.0,,Organized farms,2022,2022,SPCE,1.65 log10 @ 35% inhibition,93,68,73,68,64,68,69,68
Gujarat,GJ,100.0,100.0,98.7,94.3,93.1,95.0,,Organized farms,2022,2022,SPCE,1.65 log10 @ 35% inhibition,379,562,379,562,374,530,353,534
Haryana,HR,93.6,98.5,93.3,98.7,93.0,98.8,,Organized farms,2022,2022,SPCE,1.65 log10 @ 35% inhibition,644,868,603,855,601,857,599,858
Himachal Pradesh,HP,96.1,95.8,97.1,97.2,96.1,96.5,,Organized farms,2022,2022,SPCE,1.65 log10 @ 35% inhibition,103,144,99,138,100,140,99,139
Karnataka,KA,94.1,99.4,94.9,99.4,94.3,99.4,,Organized farms,2022,2022,SPCE,1.65 log10 @ 35% inhibition,370,339,348,337,351,337,349,337
Kerala,KL,90.9,91.8,88.4,91.7,90.6,92.0,,Organized farms,2022,2022,SPCE,1.65 log10 @ 35% inhibition,1305,1295,1186,1189,1154,1188,1182,1191
Madhya Pradesh,MP,92.5,99.5,90.8,97.7,92.5,97.5,,Organized farms,2022,2022,SPCE,1.65 log10 @ 35% inhibition,401,398,371,396,364,389,371,388
Maharashtra,MH,92.2,100.0,91.9,100.0,91.5,100.0,,Organized farms,2022,2022,SPCE,1.65 log10 @ 35% inhibition,283,240,261,240,260,240,259,240
Odisha,OD,28.6,90.5,23.8,90.5,19.0,85.7,,Organized farms,2022,2022,SPCE,1.65 log10 @ 35% inhibition,21,21,6,19,5,19,4,18
Tamil Nadu,TN,97.6,98.8,92.7,97.6,97.4,98.8,,Organized farms,2022,2022,SPCE,1.65 log10 @ 35% inhibition,547,500,534,494,507,488,533,494
Telangana,TS,14.3,99.0,0.0,95.8,0.0,99.0,,Organized farms,2022,2022,SPCE,1.65 log10 @ 35% inhibition,14,96,2,95,0,92,0,95
Uttar Pradesh,UP,84.2,90.3,91.9,90.0,93.0,97.9,,Organized farms,2022,2022,SPCE,1.65 log10 @ 35% inhibition,570,339,480,306,524,305,530,332
Uttarakhand,UK,93.2,95.5,93.2,95.5,100.0,100.0,,Organized farms,2022,2022,SPCE,1.65 log10 @ 35% inhibition,44,44,41,42,41,42,44,44
Total,,92.5,96.6,91.5,95.6,92.6,96.6,,Organized farms,2022,2022,SPCE,1.65 log10 @ 35% inhibition,5275,5240,4879,5062,4827,5009,4885,5062
Goa,GA,47.4,82.1,64.3,86.1,54.4,86.0,30,3,2013,2019,SPCE,1.8 log10 @ 50% inhibition,,,,,,,,
Goa,GA,45.1,77.0,58.5,86.0,57.0,85.1,30,4,2013,2019,SPCE,1.8 log10 @ 50% inhibition,,,,,,,,
Goa,GA,85.9,98.9,77.1,96.3,51.7,90.1,30,5,2014,2019,SPCE,1.8 log10 @ 50% inhibition,,,,,,,,
Goa,GA,71.2,97.6,56.9,91.1,63.3,92.5,30,6,2014,2019,SPCE,1.8 log10 @ 50% inhibition,,,,,,,,
Goa,GA,65.3,93.0,67.8,98.1,76.4,98.6,30,7,2015,2019,SPCE,1.8 log10 @ 50% inhibition,,,,,,,,
Goa,GA,43.3,71.8,33.0,68.3,36.5,67.0,30,11,2017,2019,SPCE,1.8 log10 @ 50% inhibition,,,,,,,,
Goa,GA,43.5,64.8,29.8,55.8,33.0,58.0,30,12,2017,2019,SPCE,1.8 log10 @ 50% inhibition,,,,,,,,
Goa,GA,36.5,43.5,34.8,39.0,38.3,43.3,30,13,2018,2019,SPCE,1.8 log10 @ 50% inhibition,,,,,,,,
Goa,GA,31.3,49.8,26.3,41.0,38.5,48.5,30,14,2018,2019,SPCE,1.8 log10 @ 50% inhibition,,,,,,,,
Goa,GA,40.8,54.0,33.3,46.8,36.5,50.5,30,15,2019,2019,SPCE,1.8 log10 @ 50% inhibition,,,,,,,,
Gujarat,GJ,54.5,75.9,62.5,76.9,69.2,81.3,22,4,2013,2019,SPCE,1.8 log10 @ 50% inhibition,,,,,,,,
Gujarat,GJ,59.5,74.4,62.7,76.4,74.9,80.0,22,5,2014,2019,SPCE,1.8 log10 @ 50% inhibition,,,,,,,,
Gujarat,GJ,74.9,81.6,49.6,65.8,65.6,79.5,22,6,2014,2019,SPCE,1.8 log10 @ 50% inhibition,,,,,,,,
Gujarat,GJ,60.0,73.1,61.6,74.6,72.4,80.6,22,7,2015,2019,SPCE,1.8 log10 @ 50% inhibition,,,,,,,,
Gujarat,GJ,31.5,58.4,24.4,46.6,25.7,53.4,22,9,2016,2019,SPCE,1.8 log10 @ 50% inhibition,,,,,,,,
Gujarat,GJ,31.7,57.7,23.9,48.0,24.3,52.6,22,10,2017,2019,SPCE,1.8 log10 @ 50% inhibition,,,,,,,,
Gujarat,GJ,26.0,44.0,19.8,35.4,25.3,43.1,22,11,2017,2019,SPCE,1.8 log10 @ 50% inhibition,,,,,,,,
Gujarat,GJ,21.9,48.9,15.4,37.8,24.3,50.3,22,12,2018,2019,SPCE,1.8 log10 @ 50% inhibition,,,,,,,,
Gujarat,GJ,22.3,52.8,13.2,41.4,21.2,53.8,22,13,2018,2019,SPCE,1.8 log10 @ 50% inhibition,,,,,,,,
Gujarat,GJ,29.5,53.3,19.4,37.4,26.1,49.9,22,14,2019,2019,SPCE,1.8 log10 @ 50% inhibition,,,,,,,,
Haryana,HR,42.7,76.9,32.4,69.8,29.7,61.6,26,1,2011,2019,SPCE,1.8 log10 @ 50% inhibition,2587,2573,1105,1979,838,1796,769,1586
Haryana,HR,41.8,72.3,38.1,72.3,28.1,59.3,26,2,2011,2019,SPCE,1.8 log10 @ 50% inhibition,2586,2594,1081,1876,986,1876,727,1537
Haryana,HR,42.7,70.6,43.6,72.4,25.4,61.5,26,3,2012,2019,SPCE,1.8 log10 @ 50% inhibition,2555,2562,1092,1809,1113,1856,650,1576
Haryana,HR,40.7,79.6,34.8,70.3,32.7,66.0,26,4,2012,2019,SPCE,1.8 log10 @ 50% inhibition,2565,2575,1043,2049,893,1811,840,1700
Haryana,HR,46.5,71.8,45.3,63.0,38.8,65.7,26,5,2013,2019,SPCE,1.8 log10 @ 50% inhibition,2600,2600,1210,1867,1178,1638,1010,1709
Haryana,HR,45.4,80.0,56.4,83.8,72.3,90.7,26,6,2013,2019,SPCE,1.8 log10 @ 50% inhibition,2580,2580,1171,2063,1455,2161,1865,2341
Haryana,HR,68.6,88.0,74.1,83.2,80.1,95.6,26,7,2014,2019,SPCE,1.8 log10 @ 50% inhibition,2558,2597,1755,2285,1895,2160,2050,2483
Haryana,HR,76.4,93.3,73.3,91.2,82.2,96.4,26,8,2014,2019,SPCE,1.8 log10 @ 50% inhibition,2600,2600,1987,2427,1907,2371,2138,2506
Haryana,HR,81.3,94.1,81.2,93.8,84.9,97.8,26,9,2015,2019,SPCE,1.8 log10 @ 50% inhibition,2600,2600,2113,2447,2112,2439,2208,2542
Haryana,HR,67.4,96.0,67.2,95.5,77.8,99.5,26,10,2015,2019,SPCE,1.8 log10 @ 50% inhibition,2000,200,1347,192,1343,191,1555,199
Haryana,HR,27.1,71.4,22.0,70.5,28.7,74.0,26,16,2019,2019,SPCE,1.8 log10 @ 50% inhibition,797,1383,216,988,175,975,229,1024
Haryana,HR,39.5,71.3,44.6,75.6,41.9,74.8,26,17,2019,2019,SPCE,1.8 log10 @ 50% inhibition,1200,1800,474,1284,535,1361,503,1347
Jammu & Kashmir,JK,16.4,46.4,14.6,29.3,12.9,18.7,26,1,2018,2019,SPCE,1.8 log10 @ 50% inhibition,,,,,,,,
Jammu & Kashmir,JK,20.0,,15.8,,10.7,,26,2,2019,2019,SPCE,1.8 log10 @ 50% inhibition,,,,,,,,
Karnataka,KA,83.0,97.0,88.0,94.0,93.0,98.0,18,7,2014,2019,SPCE,1.8 log10 @ 50% inhibition,,,,,,,,
Karnataka,KA,87.5,95.5,84.9,96.7,91.2,97.1,18,8,2015,2019,SPCE,1.8 log10 @ 50% inhibition,,,,,,,,
Karnataka,KA,73.5,87.8,65.3,86.0,74.9,89.9,18,9,2015,2019,SPCE,1.8 log10 @ 50% inhibition,,,,,,,,
Karnataka,KA,70.6,82.9,59.1,75.8,74.5,83.8,18,10,2016,2019,SPCE,1.8 log10 @ 50% inhibition,,,,,,,,
Karnataka,KA,67.9,82.0,63.0,78.0,71.8,80.7,18,11,2016,2019,SPCE,1.8 log10 @ 50% inhibition,,,,,,,,
Karnataka,KA,75.0,88.0,88.0,90.0,74.0,84.0,18,12,2017,2019,SPCE,1.8 log10 @ 50% inhibition,,,,,,,,
Karnataka,KA,52.5,69.7,45.8,61.2,51.0,65.9,18,13,2017,2019,SPCE,1.8 log10 @ 50% inhibition,,,,,,,,
Karnataka,KA,47.4,64.8,41.8,56.1,44.2,56.3,18,14,2018,2019,SPCE,1.8 log10 @ 50% inhibition,,,,,,,,
Karnataka,KA,36.1,61.6,31.8,49.8,37.4,53.8,18,15,2019,2019,SPCE,1.8 log10 @ 50% inhibition,,,,,,,,
Karnataka,KA,26.2,48.1,20.8,39.5,24.8,44.1,18,16,2019,2019,SPCE,1.8 log10 @ 50% inhibition,,,,,,,,
Kerala,KL,13.0,25.0,15.2,30.0,17.0,35.0,18,4,2013,2019,SPCE,1.8 log10 @ 50% inhibition,,,,,,,,
Kerala,KL,20.0,51.1,24.7,58.5,45.1,70.3,18,5,2013,2019,SPCE,1.8 log10 @ 50% inhibition,,,,,,,,
Kerala,KL,53.7,90.5,51.1,79.0,61.3,88.2,18,6,2014,2019,SPCE,1.8 log10 @ 50% inhibition,,,,,,,,
Kerala,KL,76.6,81.1,64.0,92.0,78.3,97.1,18,7,2014,2019,SPCE,1.8 log10 @ 50% inhibition,,,,,,,,
Kerala,KL,82.3,92.0,76.6,87.2,88.1,95.9,18,8,2015,2019,SPCE,1.8 log10 @ 50% inhibition,,,,,,,,
Kerala,KL,67.0,82.7,57.4,79.6,60.4,79.6,18,11,2016,2019,SPCE,1.8 log10 @ 50% inhibition,,,,,,,,
Kerala,KL,51.5,83.4,54.6,83.1,61.5,86.7,18,12,2017,2019,SPCE,1.8 log10 @ 50% inhibition,,,,,,,,
Kerala,KL,59.0,83.8,41.0,68.9,59.9,84.0,18,13,2018,2019,SPCE,1.8 log10 @ 50% inhibition,,,,,,,,
Kerala,KL,38.9,62.2,31.8,55.5,45.9,62.9,18,14,2019,2019,SPCE,1.8 log10 @ 50% inhibition,,,,,,,,
Kerala,KL,44.4,75.6,34.5,64.0,48.0,73.5,18,15,2019,2019,SPCE,1.8 log10 @ 50% inhibition,,,,,,,,
Madhya Pradesh,MP,11.0,27.5,8.5,20.3,7.6,22.0,20,1,2017,2019,SPCE,1.8 log10 @ 50% inhibition,,,,,,,,
Madhya Pradesh,MP,15.2,31.7,10.2,23.2,11.8,30.1,20,2,2017,2019,SPCE,1.8 log10 @ 50% inhibition,,,,,,,,
Madhya Pradesh,MP,14.5,30.3,9.6,22.5,11.6,28.0,20,3,2018,2019,SPCE,1.8 log10 @ 50% inhibition,,,,,,,,
Madhya Pradesh,MP,21.5,14.9,15.6,37.5,28.3,33.5,20,4,2018,2019,SPCE,1.8 log10 @ 50% inhibition,,,,,,,,
Maharashtra,MH,61.3,92.5,43.1,82.8,35.5,77.0,22,6,2014,2019,SPCE,1.8 log10 @ 50% inhibition,,,,,,,,
Maharashtra,MH,71.1,93.0,57.4,89.0,60.0,65.0,22,7,2014,2019,SPCE,1.8 log10 @ 50% inhibition,,,,,,,,
Maharashtra,MH,60.5,89.4,67.9,93.3,67.2,93.9,22,8,2015,2019,SPCE,1.8 log10 @ 50% inhibition,,,,,,,,
Maharashtra,MH,46.3,67.0,28.9,51.9,38.9,60.7,22,9,2015,2019,SPCE,1.8 log10 @ 50% inhibition,,,,,,,,
Maharashtra,MH,66.1,75.8,46.2,59.0,54.2,67.1,22,10,2016,2019,SPCE,1.8 log10 @ 50% inhibition,,,,,,,,
Maharashtra,MH,44.9,66.9,32.8,57.6,41.4,60.8,22,11,2017,2019,SPCE,1.8 log10 @ 50% inhibition,,,,,,,,
Maharashtra,MH,40.2,57.5,27.2,44.9,36.4,50.9,22,12,2018,2019,SPCE,1.8 log10 @ 50% inhibition,,,,,,,,
Maharashtra,MH,44.1,59.0,29.8,49.0,38.4,59.5,22,13,2018,2019,SPCE,1.8 log10 @ 50% inhibition,,,,,,,,
Maharashtra,MH,30.6,43.9,20.2,33.6,24.1,37.9,22,14,2019,2019,SPCE,1.8 log10 @ 50% inhibition,,,,,,,,
Manipur,MN,21.6,50.4,13.5,36.8,16.7,46.4,29,1,2018,2019,SPCE,1.8 log10 @ 50% inhibition,,,,,,,,
Manipur,MN,13.5,62.7,8.8,60.9,12.4,61.8,29,2,2019,2019,SPCE,1.8 log10 @ 50% inhibition,,,,,,,,
Mizoram,MZ,29.4,62.5,23.5,54.0,34.5,60.5,29,1,2019,2019,SPCE,1.8 log10 @ 50% inhibition,,,,,,,,
Mizoram,MZ,45.1,70.1,39.6,67.2,38.3,63.6,29,2,2019,2019,SPCE,1.8 log10 @ 50% inhibition,,,,,,,,
Andhra Pradesh,AP,9.0,29.2,5.6,23.8,9.2,27.2,,NADCP 1,2020/2021,2021,SPCE,1.8 log10 @ 50% inhibition,2119,2116,191,618,119,504,195,576
Tamil Nadu,TN,37.0,70.3,27.5,60.8,27.8,61.8,,NADCP 1,2020/2021,2021,SPCE,1.8 log10 @ 50% inhibition,2246,2246,831,1579,618,1366,624,1388
Karnataka,KA,16.3,45.2,12.3,33.3,13.2,37.6,,NADCP 1,2020/2021,2021,SPCE,1.8 log10 @ 50% inhibition,2300,2303,375,1041,283,767,304,866
Kerala,KL,47.4,70.9,39.5,60.1,45.7,67.6,,NADCP 1,2020/2021,2021,SPCE,1.8 log10 @ 50% inhibition,2145,2145,1017,1521,847,1289,980,1450
Telangana,TS,20.7,52.4,14.5,49.1,20.5,55.0,,NADCP 1,2020/2021,2021,SPCE,1.8 log10 @ 50% inhibition,2210,2210,457,1158,320,1085,453,1216
Maharashtra,MH,17.5,36.3,14.4,29.5,16.2,32.3,,NADCP 1,2020/2021,2021,SPCE,1.8 log10 @ 50% inhibition,4346,4359,761,1582,626,1286,704,1408
Gujarat,GJ,18.8,44.2,16.4,42.4,20.1,46.5,,NADCP 1,2020/2021,2021,SPCE,1.8 log10 @ 50% inhibition,2223,2223,418,983,365,943,447,1034
Madhya Pradesh,MP,10.0,28.4,8.7,21.4,9.3,24.1,,NADCP 1,2020/2021,2021,SPCE,1.8 log10 @ 50% inhibition,4589,4589,459,1303,399,982,427,1106
Chhattisgarh,CG,17.0,35.6,10.9,22.9,11.5,22.7,,NADCP 1,2020/2021,2021,SPCE,1.8 log10 @ 50% inhibition,2152,2011,366,716,235,461,247,456
Odisha,OD,12.7,36.0,8.8,20.5,7.3,17.8,,NADCP 1,2020/2021,2021,SPCE,1.8 log10 @ 50% inhibition,2262,2262,287,814,199,464,165,403
Jharkhand,JH,9.0,29.1,3.4,13.2,4.7,16.7,,NADCP 1,2020/2021,2021,SPCE,1.8 log10 @ 50% inhibition,1506,492,136,143,51,65,71,82
Haryana,HR,24.2,59.2,24.0,60.8,28.4,63.8,,NADCP 1,2020/2021,2021,SPCE,1.8 log10 @ 50% inhibition,2267,2271,549,1344,544,1381,644,1449
Punjab,PB,11.5,22.7,18.9,16.7,18.1,23.6,,NADCP 1,2020/2021,2021,SPCE,1.8 log10 @ 50% inhibition,2198,886,253,201,415,148,398,209
Uttar Pradesh,UP,9.9,28.7,7.5,18.2,8.6,22.1,,NADCP 1,2020/2021,2021,SPCE,1.8 log10 @ 50% inhibition,7468,5975,739,1715,560,1087,642,1320
Himachal Pradesh,HP,2.9,9.0,3.5,7.3,1.2,4.0,,NADCP 1,2020/2021,2021,SPCE,1.8 log10 @ 50% inhibition,1504,2301,44,207,53,168,18,92
Jammu & Kashmir,JK,17.4,35.3,9.2,23.1,10.3,19.3,,NADCP 1,2020/2021,2021,SPCE,1.8 log10 @ 50% inhibition,1525,1276,265,450,140,295,157,246
Uttarakhand,UK,4.2,24.3,3.8,17.5,3.0,23.1,,NADCP 1,2020/2021,2021,SPCE,1.8 log10 @ 50% inhibition,1320,1291,55,314,50,226,40,298
Mizoram,MZ,10.5,30.4,8.9,26.5,10.9,28.8,,NADCP 1,2020/2021,2021,SPCE,1.8 log10 @ 50% inhibition,838,838,88,255,75,222,91,241
Assam,AS,9.3,16.0,2.0,6.9,1.3,6.2,,NADCP 1,2020/2021,2021,SPCE,1.8 log10 @ 50% inhibition,1989,1401,185,224,40,97,26,87
Manipur,MN,9.7,45.8,7.1,40.8,7.2,36.8,,NADCP 1,2020/2021,2021,SPCE,1.8 log10 @ 50% inhibition,807,807,78,370,57,329,58,297
Sikkim,SK,2.7,22.2,3.9,14.9,2.8,16.6,,NADCP 1,2020/2021,2021,SPCE,1.8 log10 @ 50% inhibition,999,743,27,165,39,111,28,123
Meghalaya,ML,14.0,41.6,7.0,34.5,16.9,32.4,,NADCP 1,2020/2021,2021,SPCE,1.8 log10 @ 50% inhibition,586,586,82,244,41,202,99,190
Arunachal Pradesh,AR,2.7,,14.0,,1.1,,,NADCP 1,2020/2021,2021,SPCE,1.8 log10 @ 50% inhibition,186,,5,,26,,2,
Nagaland,NL,13.2,6.0,6.2,12.9,4.3,9.5,,NADCP 1,2020/2021,2021,SPCE,1.8 log10 @ 50% inhibition,726,419,96,25,45,54,31,40
Goa,GA,34.1,49.1,27.6,43.3,34.4,42.7,,NADCP 1,2020/2021,2021,SPCE,1.8 log10 @ 50% inhibition,735,735,251,361,203,318,253,314
A&N Island,AN,19.8,39.3,9.8,34.9,24.4,45.3,,NADCP 1,2020/2021,2021,SPCE,1.8 log10 @ 50% inhibition,328,516,65,203,32,180,80,234
Delhi,,39.5,81.2,47.5,74.9,40.5,77.5,,NADCP 1,2020/2021,2021,SPCE,1.8 log10 @ 50% inhibition,200,191,79,155,95,143,81,148
Rajasthan,RJ,44.9,57.1,44.6,54.0,38.6,52.9,,NADCP 1,2020/2021,2021,SPCE,1.8 log10 @ 50% inhibition,1188,1188,533,678,530,642,459,628
Pondichery,PY,84.1,89.3,78.6,80.3,84.8,89.2,,NADCP 1,2020/2021,2021,SPCE,1.8 log10 @ 50% inhibition,960,960,807,857,755,771,814,856
Total,,17.6,39.0,14.4,31.6,15.8,34.0,,NADCP 1,2020/2021,2021,SPCE,1.8 log10 @ 50% inhibition,53922,49340,9490,19243,7765,15591,8520,16776
Kerala,KL,53.9,71.1,45.4,58.4,51.2,66.6,,NADCP 1,2021,2021,SPCE,1.8 log10 @ 50% inhibition,1485,1349,800,959,674,788,761,898
Punjab,PB,17.0,22.7,13.2,16.7,15.1,23.6,,NADCP 1,2021,2021,SPCE,1.8 log10 @ 50% inhibition,53,886,9,201,7,148,8,209
Himachal Pradesh,HP,2.8,9.4,3.4,7.3,1.0,3.8,,NADCP 1,2021,2021,SPCE,1.8 log10 @ 50% inhibition,879,1273,25,120,30,93,9,48
Jammu & Kashmir,JK,NaN,24.5,NaN,19.4,NaN,18.7,,NADCP 1,2021,2021,SPCE,1.8 log10 @ 50% inhibition,0,139,0,34,0,27,0,26
Sikkim,SK,7.7,17.6,5.1,13.0,7.7,11.0,,NADCP 1,2021,2021,SPCE,1.8 log10 @ 50% inhibition,78,353,6,62,4,46,6,39
Meghalaya,ML,14.0,41.6,7.0,34.5,16.9,32.4,,NADCP 1,2021,2021,SPCE,1.8 log10 @ 50% inhibition,586,586,82,244,41,202,99,190
Nagaland,NL,13.2,6.0,6.2,12.9,4.3,9.5,,NADCP 1,2021,2021,SPCE,1.8 log10 @ 50% inhibition,726,419,96,25,45,54,31,40
Rajasthan,RJ,44.9,57.1,44.6,54.0,38.6,52.9,,NADCP 1,2021,2021,SPCE,1.8 log10 @ 50% inhibition,1188,1188,533,678,530,642,459,628
Pondichery,PY,84.1,89.3,78.6,80.3,84.8,89.2,,NADCP 1,2021,2021,SPCE,1.8 log10 @ 50% inhibition,960,960,807,857,755,771,814,856
Total,,39.6,44.5,35.0,38.7,36.7,41.0,,NADCP 1,2021,2021,SPCE,1.8 log10 @ 50% inhibition,5955,7153,2358,3180,2086,2771,2187,2934
Andhra Pradesh,AP,9.0,29.2,5.6,23.8,9.2,27.2,,NADCP 1,2020,2020,SPCE,1.8 log10 @ 50% inhibition,2119,2116,191,618,119,504,196,576
Arunachal Pradesh,AR,2.7,,14.0,,1.1,,,NADCP 1,2020,2020,SPCE,1.8 log10 @ 50% inhibition,186,,5,,26,,2,
Assam,AS,9.3,16.0,2.0,6.9,1.3,6.2,,NADCP 1,2020,2020,SPCE,1.8 log10 @ 50% inhibition,1989,1401,184,224,39,96,26,87
Chhattisgarh,CG,17.0,35.6,10.9,22.9,11.5,22.7,,NADCP 1,2020,2020,SPCE,1.8 log10 @ 50% inhibition,2152,2011,366,716,234,461,248,457
Goa,GA,34.1,49.1,27.6,43.3,34.4,42.7,,NADCP 1,2020,2020,SPCE,1.8 log10 @ 50% inhibition,735,735,251,361,203,318,253,314
Gujarat,GJ,18.8,44.2,16.4,42.4,20.1,46.5,,NADCP 1,2020,2020,SPCE,1.8 log10 @ 50% inhibition,2223,2223,418,982,364,942,447,1033
Haryana,HR,24.2,59.2,24.0,60.8,28.4,63.8,,NADCP 1,2020,2020,SPCE,1.8 log10 @ 50% inhibition,2267,2271,549,1345,545,1380,643,1448
Himachal Pradesh,HP,3.0,8.5,3.7,7.3,1.4,4.3,,NADCP 1,2020,2020,SPCE,1.8 log10 @ 50% inhibition,625,1028,19,87,23,75,9,44
Jharkhand,JH,9.0,29.1,3.4,13.2,4.7,16.7,,NADCP 1,2020,2020,SPCE,1.8 log10 @ 50% inhibition,1506,492,135,143,51,65,71,82
Karnataka,KA,16.3,45.2,12.3,33.3,13.2,37.6,,NADCP 1,2020,2020,SPCE,1.8 log10 @ 50% inhibition,2300,2303,376,1042,284,766,304,865
Kerala,KL,32.9,70.6,26.2,62.9,33.2,69.3,,NADCP 1,2020,2020,SPCE,1.8 log10 @ 50% inhibition,660,796,217,562,173,501,219,552
Maharashtra,MH,17.5,36.3,14.4,29.5,16.2,32.3,,NADCP 1,2020,2020,SPCE,1.8 log10 @ 50% inhibition,4346,4359,761,1581,627,1285,705,1410
Mizoram,MZ,10.5,30.4,8.9,26.5,10.9,28.8,,NADCP 1,2020,2020,SPCE,1.8 log10 @ 50% inhibition,838,838,88,255,75,222,91,241
Manipur,MN,9.7,45.8,7.1,40.8,7.2,36.8,,NADCP 1,2020,2020,SPCE,1.8 log10 @ 50% inhibition,807,807,78,370,57,329,58,297
Madhya Pradesh,MP,10.0,28.4,8.7,21.4,9.3,24.1,,NADCP 1,2020,2020,SPCE,1.8 log10 @ 50% inhibition,4589,4589,458,1304,397,983,428,1108
Odisha,OD,12.7,36.0,8.8,20.5,7.3,17.8,,NADCP 1,2020,2020,SPCE,1.8 log10 @ 50% inhibition,2262,2262,287,814,198,464,166,402
Punjab,PB,11.4,,19.0,,18.2,,,NADCP 1,2020,2020,SPCE,1.8 log10 @ 50% inhibition,2145,,244,,408,,390,
Sikkim,SK,2.3,26.4,3.8,16.7,2.4,21.5,,NADCP 1,2020,2020,SPCE,1.8 log10 @ 50% inhibition,921,390,21,103,35,65,22,84
Tamil Nadu,TN,37.0,70.3,27.5,60.8,27.8,61.8,,NADCP 1,2020,2020,SPCE,1.8 log10 @ 50% inhibition,2246,2246,832,1578,618,1366,625,1388
Telangana,TS,20.7,52.4,14.5,49.1,20.5,55.0,,NADCP 1,2020,2020,SPCE,1.8 log10 @ 50% inhibition,2210,2210,458,1157,321,1085,453,1215
Uttar Pradesh,UP,9.9,28.7,7.5,18.2,8.6,22.1,,NADCP 1,2020,2020,SPCE,1.8 log10 @ 50% inhibition,7468,5975,738,1714,559,1086,642,1323
Uttarakhand,UK,4.2,24.3,3.8,17.5,3.0,23.1,,NADCP 1,2020,2020,SPCE,1.8 log10 @ 50% inhibition,1320,1291,55,314,50,226,39,298
A&N Island,AN,19.8,39.3,9.8,34.9,24.4,45.3,,NADCP 1,2020,2020,SPCE,1.8 log10 @ 50% inhibition,328,516,65,203,32,180,80,234
Delhi,,39.5,81.2,47.5,74.9,40.5,77.5,,NADCP 1,2020,2020,SPCE,1.8 log10 @ 50% inhibition,200,191,79,155,95,143,81,148
Jammu & Kashmir,JK,17.4,36.6,9.2,23.6,10.3,19.3,,NADCP 1,2020,2020,SPCE,1.8 log10 @ 50% inhibition,1525,1137,265,416,141,268,157,220
Total,,14.9,38.0,11.8,30.4,13.2,32.8,,NADCP 1,2020,2020,SPCE,1.8 log10 @ 50% inhibition,47967,42187,7140,16044,5674,12810,6355,13826
Andhra Pradesh,AP,9.0,29.2,5.6,23.8,9.2,27.2,,NADCP 1,2020,2020,SPCE,1.8 log10 @ 50% inhibition,2119,2116,191,618,119,504,196,576
Arunachal Pradesh,AR,2.7,,14.0,,1.1,,,NADCP 1,2020,2020,SPCE,1.8 log10 @ 50% inhibition,186,,5,,26,,2,
Assam,AS,9.3,16.0,2.0,6.9,1.3,6.2,,NADCP 1,2020,2020,SPCE,1.8 log10 @ 50% inhibition,1989,1401,184,224,39,96,26,87
Chhattisgarh,CG,17.0,35.6,10.9,22.9,11.5,22.7,,NADCP 1,2020,2020,SPCE,1.8 log10 @ 50% inhibition,2152,2011,366,716,234,461,248,457
Goa,GA,34.1,49.1,27.6,43.3,34.4,42.7,,NADCP 1,2020,2020,SPCE,1.8 log10 @ 50% inhibition,735,735,251,361,203,318,253,314
Gujarat,GJ,18.8,44.2,16.4,42.4,20.1,46.5,,NADCP 1,2020,2020,SPCE,1.8 log10 @ 50% inhibition,2223,2223,418,982,364,942,447,1033
Haryana,HR,24.2,59.2,24.0,60.8,28.4,63.8,,NADCP 1,2020,2020,SPCE,1.8 log10 @ 50% inhibition,2267,2271,549,1345,545,1380,643,1448
Himachal Pradesh,HP,3.0,8.5,3.7,7.3,1.4,4.3,,NADCP 1,2020,2020,SPCE,1.8 log10 @ 50% inhibition,625,1028,19,87,23,75,9,44
Jharkhand,JH,9.0,29.1,3.4,13.2,4.7,16.7,,NADCP 1,2020,2020,SPCE,1.8 log10 @ 50% inhibition,1506,492,135,143,51,65,71,82
Karnataka,KA,16.3,45.2,12.3,33.3,13.2,37.6,,NADCP 1,2020,2020,SPCE,1.8 log10 @ 50% inhibition,2300,2303,376,1042,284,766,304,865
Kerala,KL,32.9,70.6,26.2,62.9,33.2,69.3,,NADCP 1,2020,2020,SPCE,1.8 log10 @ 50% inhibition,660,796,217,562,173,501,219,552
Maharashtra,MH,17.5,36.3,14.4,29.5,16.2,32.3,,NADCP 1,2020,2020,SPCE,1.8 log10 @ 50% inhibition,4346,4359,761,1581,627,1285,705,1410
Mizoram,MZ,10.5,30.4,8.9,26.5,10.9,28.8,,NADCP 1,2020,2020,SPCE,1.8 log10 @ 50% inhibition,838,838,88,255,75,222,91,241
Manipur,MN,9.7,45.8,7.1,40.8,7.2,36.8,,NADCP 1,2020,2020,SPCE,1.8 log10 @ 50% inhibition,807,807,78,370,57,329,58,297
Madhya Pradesh,MP,10.0,28.4,8.7,21.4,9.3,24.1,,NADCP 1,2020,2020,SPCE,1.8 log10 @ 50% inhibition,4589,4589,458,1304,397,983,428,1108
Odisha,OD,12.7,36.0,8.8,20.5,7.3,17.8,,NADCP 1,2020,2020,SPCE,1.8 log10 @ 50% inhibition,2262,2262,287,814,198,464,166,402
Punjab,PB,11.4,,19.0,,18.2,,,NADCP 1,2020,2020,SPCE,1.8 log10 @ 50% inhibition,2145,,244,,408,,390,
Sikkim,SK,2.3,26.4,3.8,16.7,2.4,21.5,,NADCP 1,2020,2020,SPCE,1.8 log10 @ 50% inhibition,921,390,21,103,35,65,22,84
Tamil Nadu,TN,37.0,70.3,27.5,60.8,27.8,61.8,,NADCP 1,2020,2020,SPCE,1.8 log10 @ 50% inhibition,2246,2246,832,1578,618,1366,625,1388
Telangana,TS,20.7,52.4,14.5,49.1,20.5,55.0,,NADCP 1,2020,2020,SPCE,1.8 log10 @ 50% inhibition,2210,2210,458,1157,321,1085,453,1215
Uttar Pradesh,UP,9.9,28.7,7.5,18.2,8.6,22.1,,NADCP 1,2020,2020,SPCE,1.8 log10 @ 50% inhibition,7468,5975,738,1714,559,1086,642,1323
Uttarakhand,UK,4.2,24.3,3.8,17.5,3.0,23.1,,NADCP 1,2020,2020,SPCE,1.8 log10 @ 50% inhibition,1320,1291,55,314,50,226,39,298
A&N Island,AN,19.8,39.3,9.8,34.9,24.4,45.3,,NADCP 1,2020,2020,SPCE,1.8 log10 @ 50% inhibition,328,516,65,203,32,180,80,234
Delhi,,39.5,81.2,47.5,74.9,40.5,77.5,,NADCP 1,2020,2020,SPCE,1.8 log10 @ 50% inhibition,200,191,79,155,95,143,81,148
Jammu & Kashmir,JK,17.4,36.6,9.2,23.6,10.3,19.3,,NADCP 1,2020,2020,SPCE,1.8 log10 @ 50% inhibition,1525,1137,265,416,141,268,157,220
Total,,14.9,38.0,11.8,30.4,13.2,32.8,,NADCP 1,2020,2020,SPCE,1.8 log10 @ 50% inhibition,47967,42187,7140,16044,5674,12810,6355,13826
Kerala,KL,53.9,71.1,45.4,58.4,51.2,66.6,,NADCP 1,2021,2021,SPCE,1.8 log10 @ 50% inhibition,1485,1349,800,959,674,788,761,898
Punjab,PB,17.0,22.7,13.2,16.7,15.1,23.6,,NADCP 1,2021,2021,SPCE,1.8 log10 @ 50% inhibition,53,886,9,201,7,148,8,209
Himachal Pradesh,HP,2.8,9.4,3.4,7.3,1.0,3.8,,NADCP 1,2021,2021,SPCE,1.8 log10 @ 50% inhibition,879,1273,25,120,30,93,9,48
Jammu & Kashmir,JK,NaN,24.5,NaN,19.4,NaN,18.7,,NADCP 1,2021,2021,SPCE,1.8 log10 @ 50% inhibition,0,139,0,34,0,27,0,26
Sikkim,SK,7.7,17.6,5.1,13.0,7.7,11.0,,NADCP 1,2021,2021,SPCE,1.8 log10 @ 50% inhibition,78,353,6,62,4,46,6,39
Meghalaya,ML,14.0,41.6,7.0,34.5,16.9,32.4,,NADCP 1,2021,2021,SPCE,1.8 log10 @ 50% inhibition,586,586,82,244,41,202,99,190
Nagaland,NL,13.2,6.0,6.2,12.9,4.3,9.5,,NADCP 1,2021,2021,SPCE,1.8 log10 @ 50% inhibition,726,419,96,25,45,54,31,40
Rajasthan,RJ,44.9,57.1,44.6,54.0,38.6,52.9,,NADCP 1,2021,2021,SPCE,1.8 log10 @ 50% inhibition,1188,1188,533,678,530,642,459,628
Pondichery,PY,84.1,89.3,78.6,80.3,84.8,89.2,,NADCP 1,2021,2021,SPCE,1.8 log10 @ 50% inhibition,960,960,807,857,755,771,814,856
Total,,39.6,44.5,35.0,38.7,36.7,41.0,,NADCP 1,2021,2021,SPCE,1.8 log10 @ 50% inhibition,5955,7153,2358,3180,2086,2771,2187,2934
A&N Island,AN,15.3,79.2,6.8,68.0,16.7,85.8,,NADCP 2,2021/2022,2022,SPCE,1.65 log10 @ 35% inhibition,472,472,72,374,32,321,79,405
Andhra Pradesh,AP,19.7,41.5,19.5,46.5,22.9,49.2,,NADCP 2,2021/2022,2022,SPCE,1.65 log10 @ 35% inhibition,2722,2716,536,1127,531,1263,623,1336
Arunachal Pradesh,AR,15.6,82.5,12.0,73.1,0.5,72.5,,NADCP 2,2021/2022,2022,SPCE,1.65 log10 @ 35% inhibition,417,342,65,282,50,250,2,248
Assam,AS,24.7,57.1,19.9,54.2,19.9,55.0,,NADCP 2,2021/2022,2022,SPCE,1.65 log10 @ 35% inhibition,1848,1848,456,1055,368,1002,368,1016
Bihar,BR,16.0,45.3,7.4,45.9,11.8,37.2,,NADCP 2,2021/2022,2022,SPCE,1.65 log10 @ 35% inhibition,2246,2117,359,959,166,972,265,788
Chandigarh,CH,35.5,75.5,32.0,68.0,40.0,79.0,,NADCP 2,2021/2022,2022,SPCE,1.65 log10 @ 35% inhibition,200,200,71,151,64,136,80,158
Chhattisgarh,CG,24.4,,16.6,,11.5,,,NADCP 2,2021/2022,2022,SPCE,1.65 log10 @ 35% inhibition,2209,,539,,367,,254,
Dadra and Nagar Haveli and Daman and Diu,DD,56.0,69.6,27.5,67.5,32.0,58.6,,NADCP 2,2021/2022,2022,SPCE,1.65 log10 @ 35% inhibition,200,191,112,133,55,129,64,112
Delhi,,73.1,88.7,65.0,86.1,65.0,89.6,,NADCP 2,2021/2022,2022,SPCE,1.65 log10 @ 35% inhibition,234,230,171,204,152,198,152,206
Goa,GA,48.4,77.8,35.1,79.8,43.2,84.8,,NADCP 2,2021/2022,2022,SPCE,1.65 log10 @ 35% inhibition,1289,1289,624,1003,452,1029,557,1093
Gujarat,GJ,15.2,40.6,12.1,27.1,14.0,34.8,,NADCP 2,2021/2022,2022,SPCE,1.65 log10 @ 35% inhibition,2184,2184,332,887,264,592,306,760
Haryana,HR,36.4,68.8,34.7,67.9,43.2,72.9,,NADCP 2,2021/2022,2022,SPCE,1.65 log10 @ 35% inhibition,2289,2285,833,1572,794,1552,989,1666
Himachal Pradesh,HP,31.7,61.5,26.8,54.9,20.5,55.1,,NADCP 2,2021/2022,2022,SPCE,1.65 log10 @ 35% inhibition,619,1432,196,881,166,786,127,789
Jammu & Kashmir,JK,18.5,67.3,13.0,58.2,10.3,57.4,,NADCP 2,2021/2022,2022,SPCE,1.65 log10 @ 35% inhibition,1073,1048,199,705,139,610,111,602
Jharkhand,JH,33.7,,15.7,,36.1,,,NADCP 2,2021/2022,2022,SPCE,1.65 log10 @ 35% inhibition,83,,28,,13,,30,
Karnataka,KA,50.0,85.5,45.2,84.1,45.5,83.2,,NADCP 2,2021/2022,2022,SPCE,1.65 log10 @ 35% inhibition,2166,2173,1083,1858,979,1827,986,1808
Kerala,KL,35.7,72.7,33.7,69.2,37.0,72.5,,NADCP 2,2021/2022,2022,SPCE,1.65 log10 @ 35% inhibition,2182,2182,779,1586,735,1510,807,1582
Madhya Pradesh,MP,35.1,63.0,38.0,66.6,20.8,51.9,,NADCP 2,2021/2022,2022,SPCE,1.65 log10 @ 35% inhibition,1014,1014,356,639,385,675,211,526
Maharashtra,MH,31.4,76.3,33.5,79.7,31.2,77.8,,NADCP 2,2021/2022,2022,SPCE,1.65 log10 @ 35% inhibition,4420,4420,1388,3372,1481,3523,1379,3439
Meghalaya,ML,34.8,90.9,60.6,92.2,8.1,66.2,,NADCP 2,2021/2022,2022,SPCE,1.65 log10 @ 35% inhibition,198,154,69,140,120,142,16,102
Nagaland,NL,44.3,,28.1,,31.6,,,NADCP 2,2021/2022,2022,SPCE,1.65 log10 @ 35% inhibition,1056,,468,,297,,334,
Odisha,OD,13.4,89.9,12.5,87.9,12.7,87.0,,NADCP 2,2021/2022,2022,SPCE,1.65 log10 @ 35% inhibition,2262,2262,303,2034,283,1988,287,1968
Pondichery,PY,91.3,95.9,83.1,89.8,85.5,89.1,,NADCP 2,2021/2022,2022,SPCE,1.65 log10 @ 35% inhibition,883,883,806,847,734,793,755,787
Punjab,PB,33.2,66.1,29.5,66.7,30.2,68.1,,NADCP 2,2021/2022,2022,SPCE,1.65 log10 @ 35% inhibition,2196,2196,729,1452,648,1465,663,1495
Sikkim,SK,12.5,52.4,11.2,48.2,12.6,45.9,,NADCP 2,2021/2022,2022,SPCE,1.65 log10 @ 35% inhibition,1138,1016,142,532,127,490,143,466
Tamil Nadu,TN,51.4,78.3,36.5,68.5,40.6,70.3,,NADCP 2,2021/2022,2022,SPCE,1.65 log10 @ 35% inhibition,2327,2327,1196,1822,849,1594,945,1636
Telangana,TS,29.8,64.0,22.6,56.0,22.0,57.2,,NADCP 2,2021/2022,2022,SPCE,1.65 log10 @ 35% inhibition,2275,2275,678,1456,514,1274,500,1301
Uttar Pradesh,UP,33.0,54.6,22.0,57.1,25.2,45.3,,NADCP 2,2021/2022,2022,SPCE,1.65 log10 @ 35% inhibition,2433,2240,803,1223,535,1279,613,1015
Uttarakhand,UK,16.7,58.2,13.3,59.7,11.0,45.0,,NADCP 2,2021/2022,2022,SPCE,1.65 log10 @ 35% inhibition,1358,1236,227,719,181,738,149,556
West Bengal,WB,30.8,75.3,17.2,63.0,19.6,63.6,,NADCP 2,2021/2022,2022,SPCE,1.65 log10 @ 35% inhibition,803,814,247,613,138,513,157,518
Total,,31.0,66.5,25.9,64.1,26.7,63.5,,NADCP 2,2021/2022,2022,SPCE,1.65 log10 @ 35% inhibition,44796,41546,13887,27628,11602,26631,11961,26382
A&N Island,AN,10.2,79.2,5.6,68.0,13.9,85.8,,NADCP 2,2022,2022,SPCE,1.65 log10 @ 35% inhibition,108,472,11,374,6,321,15,405
Arunachal Pradesh,AR,15.6,82.5,12.0,73.1,0.5,72.5,,NADCP 2,2022,2022,SPCE,1.65 log10 @ 35% inhibition,417,342,65,282,50,250,2,248
Assam,AS,24.7,57.1,19.9,54.2,19.9,55.0,,NADCP 2,2022,2022,SPCE,1.65 log10 @ 35% inhibition,1848,1848,456,1055,368,1002,368,1016
Bihar,BR,16.0,45.3,7.4,45.9,11.8,37.2,,NADCP 2,2022,2022,SPCE,1.65 log10 @ 35% inhibition,2246,2117,359,959,166,972,265,788
Chhattisgarh,CG,24.4,NaN,16.6,NaN,11.5,NaN,,NADCP 2,2022,2022,SPCE,1.65 log10 @ 35% inhibition,2209,0,539,0,367,0,254,0
Dadra and Nagar Haveli and Daman and Diu,DD,56.0,69.6,27.5,67.5,32.0,58.6,,NADCP 2,2022,2022,SPCE,1.65 log10 @ 35% inhibition,200,191,112,133,55,129,64,112
Goa,GA,48.4,77.8,35.1,79.8,43.2,84.8,,NADCP 2,2022,2022,SPCE,1.65 log10 @ 35% inhibition,1289,1289,624,1003,452,1029,557,1093
Gujarat,GJ,15.2,40.6,12.1,27.1,14.0,34.8,,NADCP 2,2022,2022,SPCE,1.65 log10 @ 35% inhibition,2184,2184,332,887,264,592,306,760
Himachal Pradesh,HP,31.7,58.6,26.8,51.8,20.5,49.9,,NADCP 2,2022,2022,SPCE,1.65 log10 @ 35% inhibition,619,1108,196,649,166,574,127,553
Jammu & Kashmir,JK,2.0,67.3,2.0,58.2,4.4,57.4,,NADCP 2,2022,2022,SPCE,1.65 log10 @ 35% inhibition,586,1048,12,705,12,610,26,602
Jharkhand,JH,33.7,NaN,15.7,NaN,36.1,NaN,,NADCP 2,2022,2022,SPCE,1.65 log10 @ 35% inhibition,83,0,28,0,13,0,30,0
Karnataka,KA,37.3,82.2,31.9,79.0,33.3,79.3,,NADCP 2,2022,2022,SPCE,1.65 log10 @ 35% inhibition,970,960,362,789,309,758,323,761
Kerala,KL,35.7,72.7,33.7,69.2,37.0,72.5,,NADCP 2,2022,2022,SPCE,1.65 log10 @ 35% inhibition,2182,2182,779,1586,735,1510,807,1582
Madhya Pradesh,MP,35.1,63.0,38.0,66.6,20.8,51.9,,NADCP 2,2022,2022,SPCE,1.65 log10 @ 35% inhibition,1014,1014,356,639,385,675,211,526
Maharashtra,MH,37.0,77.6,38.3,81.5,35.9,79.8,,NADCP 2,2022,2022,SPCE,1.65 log10 @ 35% inhibition,3341,3809,1236,2957,1278,3106,1201,3040
Meghalaya,ML,34.8,90.9,60.6,92.2,8.1,66.2,,NADCP 2,2022,2022,SPCE,1.65 log10 @ 35% inhibition,198,154,69,140,120,142,16,102
Nagaland,NL,44.3,NaN,28.1,NaN,31.6,NaN,,NADCP 2,2022,2022,SPCE,1.65 log10 @ 35% inhibition,1056,0,468,0,297,0,334,0
Odisha,OD,13.4,89.9,12.5,87.9,12.7,87.0,,NADCP 2,2022,2022,SPCE,1.65 log10 @ 35% inhibition,2262,2262,303,2034,283,1988,287,1968
Pondichery,PY,91.3,95.9,83.1,89.8,85.5,89.1,,NADCP 2,2022,2022,SPCE,1.65 log10 @ 35% inhibition,883,883,806,847,734,793,755,787
Punjab,PB,33.2,66.1,29.5,66.7,30.2,68.1,,NADCP 2,2022,2022,SPCE,1.65 log10 @ 35% inhibition,2196,2196,729,1452,648,1465,663,1495
Sikkim,SK,12.5,52.4,11.2,48.2,12.6,45.9,,NADCP 2,2022,2022,SPCE,1.65 log10 @ 35% inhibition,1138,1016,142,532,127,490,143,466
Tamil Nadu,TN,51.4,78.3,36.5,68.5,40.6,70.3,,NADCP 2,2022,2022,SPCE,1.65 log10 @ 35% inhibition,2327,2327,1196,1822,849,1594,945,1636
Telangana,TS,29.8,64.0,22.6,56.0,22.0,57.2,,NADCP 2,2022,2022,SPCE,1.65 log10 @ 35% inhibition,2275,2275,678,1456,514,1274,500,1301
Uttar Pradesh,UP,30.2,54.6,24.2,57.1,18.8,45.3,,NADCP 2,2022,2022,SPCE,1.65 log10 @ 35% inhibition,1554,2240,469,1223,376,1279,292,1015
Uttarakhand,UK,16.7,58.2,13.3,59.7,11.0,45.0,,NADCP 2,2022,2022,SPCE,1.65 log10 @ 35% inhibition,1358,1236,227,719,181,738,149,556
West Bengal,WB,30.8,75.3,17.2,63.0,19.6,63.6,,NADCP 2,2022,2022,SPCE,1.65 log10 @ 35% inhibition,803,814,247,613,138,513,157,518
Total,,30.6,67.3,25.2,64.2,24.9,62.8,,NADCP 2,2022,2022,SPCE,1.65 log10 @ 35% inhibition,35346,33967,10801,22856,8893,21804,8797,21330
Haryana,HR,36.4,68.8,34.7,67.9,43.2,72.9,,NADCP 2,2021,2021,SPCE,1.65 log10 @ 35% inhibition,2289,2285,833,1572,794,1552,989,1666
Maharashtra,MH,14.1,67.9,18.8,68.2,16.5,65.3,,NADCP 2,2021,2021,SPCE,1.65 log10 @ 35% inhibition,1079,611,152,415,203,417,178,399
Delhi,,73.1,88.7,65.0,86.1,65.0,89.6,,NADCP 2,2021,2021,SPCE,1.65 log10 @ 35% inhibition,234,230,171,204,152,198,152,206
Uttar Pradesh,UP,38.0,,18.1,,36.5,,,NADCP 2,2021,2021,SPCE,1.65 log10 @ 35% inhibition,879,,334,,159,,321,
Karnataka,KA,60.3,88.1,56.0,88.1,55.4,86.3,,NADCP 2,2021,2021,SPCE,1.65 log10 @ 35% inhibition,1196,1213,721,1069,670,1069,663,1047
Jammu & Kashmir,JK,38.4,,26.1,,17.5,,,NADCP 2,2021,2021,SPCE,1.65 log10 @ 35% inhibition,487,,187,,127,,85,
Chandigarh,CH,35.5,75.5,32.0,68.0,40.0,79.0,,NADCP 2,2021,2021,SPCE,1.65 log10 @ 35% inhibition,200,200,71,151,64,136,80,158
Andhra Pradesh,AP,19.7,41.5,19.5,46.5,22.9,49.2,,NADCP 2,2021,2021,SPCE,1.65 log10 @ 35% inhibition,2722,2716,536,1127,531,1263,623,1336
A&N Island,AN,16.8,,7.1,,17.6,,,NADCP 2,2021,2021,SPCE,1.65 log10 @ 35% inhibition,364,,61,,26,,64,
Himachal Pradesh,HP,,71.6,,65.4,,72.8,,NADCP 2,2021,2021,SPCE,1.65 log10 @ 35% inhibition,,324,,232,,212,,236
Total,,32.5,62.9,28.8,63.9,33.4,66.6,,NADCP 2,2021,2021,SPCE,1.65 log10 @ 35% inhibition,9450,7579,3071,4767,2722,4843,3156,5048
Haryana,HR,36.4,68.8,34.7,67.9,43.2,72.9,,NADCP 2,2021,2021,SPCE,1.65 log10 @ 35% inhibition,2289,2285,833,1572,794,1552,989,1666
Maharashtra,MH,14.1,67.9,18.8,68.2,16.5,65.3,,NADCP 2,2021,2021,SPCE,1.65 log10 @ 35% inhibition,1079,611,152,415,203,417,178,399
Delhi,,73.1,88.7,65.0,86.1,65.0,89.6,,NADCP 2,2021,2021,SPCE,1.65 log10 @ 35% inhibition,234,230,171,204,152,198,152,206
Uttar Pradesh,UP,38.0,,18.1,,36.5,,,NADCP 2,2021,2021,SPCE,1.65 log10 @ 35% inhibition,879,,334,,159,,321,
Karnataka,KA,60.3,88.1,56.0,88.1,55.4,86.3,,NADCP 2,2021,2021,SPCE,1.65 log10 @ 35% inhibition,1196,1213,721,1069,670,1069,663,1047
Jammu & Kashmir,JK,38.4,,26.1,,17.5,,,NADCP 2,2021,2021,SPCE,1.65 log10 @ 35% inhibition,487,,187,,127,,85,
Chandigarh,CH,35.5,75.5,32.0,68.0,40.0,79.0,,NADCP 2,2021,2021,SPCE,1.65 log10 @ 35% inhibition,200,200,71,151,64,136,80,158
Andhra Pradesh,AP,19.7,41.5,19.5,46.5,22.9,49.2,,NADCP 2,2021,2021,SPCE,1.65 log10 @ 35% inhibition,2722,2716,536,1127,531,1263,623,1336
A&N Island,AN,16.8,,7.1,,17.6,,,NADCP 2,2021,2021,SPCE,1.65 log10 @ 35% inhibition,364,,61,,26,,64,
Himachal Pradesh,HP,,71.6,,65.4,,72.8,,NADCP 2,2021,2021,SPCE,1.65 log10 @ 35% inhibition,,324,,232,,212,,236
Total,,32.5,62.9,28.8,63.9,33.4,66.6,,NADCP 2,2021,2021,SPCE,1.65 log10 @ 35% inhibition,9450,7579,3071,4767,2722,4843,3156,5048
A&N Island,AN,10.2,79.2,5.6,68.0,13.9,85.8,,NADCP 2,2022,2022,SPCE,1.65 log10 @ 35% inhibition,108,472,11,374,6,321,15,405
Arunachal Pradesh,AR,15.6,82.5,12.0,73.1,0.5,72.5,,NADCP 2,2022,2022,SPCE,1.65 log10 @ 35% inhibition,417,342,65,282,50,250,2,248
Assam,AS,24.7,57.1,19.9,54.2,19.9,55.0,,NADCP 2,2022,2022,SPCE,1.65 log10 @ 35% inhibition,1848,1848,456,1055,368,1002,368,1016
Bihar,BR,16.0,45.3,7.4,45.9,11.8,37.2,,NADCP 2,2022,2022,SPCE,1.65 log10 @ 35% inhibition,2246,2117,359,959,166,972,265,788
Chhattisgarh,CG,24.4,NaN,16.6,NaN,11.5,NaN,,NADCP 2,2022,2022,SPCE,1.65 log10 @ 35% inhibition,2209,0,539,0,367,0,254,0
Dadra and Nagar Haveli and Daman and Diu,DD,56.0,69.6,27.5,67.5,32.0,58.6,,NADCP 2,2022,2022,SPCE,1.65 log10 @ 35% inhibition,200,191,112,133,55,129,64,112
Goa,GA,48.4,77.8,35.1,79.8,43.2,84.8,,NADCP 2,2022,2022,SPCE,1.65 log10 @ 35% inhibition,1289,1289,624,1003,452,1029,557,1093
Gujarat,GJ,15.2,40.6,12.1,27.1,14.0,34.8,,NADCP 2,2022,2022,SPCE,1.65 log10 @ 35% inhibition,2184,2184,332,887,264,592,306,760
Himachal Pradesh,HP,31.7,58.6,26.8,51.8,20.5,49.9,,NADCP 2,2022,2022,SPCE,1.65 log10 @ 35% inhibition,619,1108,196,649,166,574,127,553
Jammu & Kashmir,JK,2.0,67.3,2.0,58.2,4.4,57.4,,NADCP 2,2022,2022,SPCE,1.65 log10 @ 35% inhibition,586,1048,12,705,12,610,26,602
Jharkhand,JH,33.7,NaN,15.7,NaN,36.1,NaN,,NADCP 2,2022,2022,SPCE,1.65 log10 @ 35% inhibition,83,0,28,0,13,0,30,0
Karnataka,KA,37.3,82.2,31.9,79.0,33.3,79.3,,NADCP 2,2022,2022,SPCE,1.65 log10 @ 35% inhibition,970,960,362,789,309,758,323,761
Kerala,KL,35.7,72.7,33.7,69.2,37.0,72.5,,NADCP 2,2022,2022,SPCE,1.65 log10 @ 35% inhibition,2182,2182,779,1586,735,1510,807,1582
Madhya Pradesh,MP,35.1,63.0,38.0,66.6,20.8,51.9,,NADCP 2,2022,2022,SPCE,1.65 log10 @ 35% inhibition,1014,1014,356,639,385,675,211,526
Maharashtra,MH,37.0,77.6,38.3,81.5,35.9,79.8,,NADCP 2,2022,2022,SPCE,1.65 log10 @ 35% inhibition,3341,3809,1236,2957,1278,3106,1201,3040
Meghalaya,ML,34.8,90.9,60.6,92.2,8.1,66.2,,NADCP 2,2022,2022,SPCE,1.65 log10 @ 35% inhibition,198,154,69,140,120,142,16,102
Nagaland,NL,44.3,NaN,28.1,NaN,31.6,NaN,,NADCP 2,2022,2022,SPCE,1.65 log10 @ 35% inhibition,1056,0,468,0,297,0,334,0
Odisha,OD,13.4,89.9,12.5,87.9,12.7,87.0,,NADCP 2,2022,2022,SPCE,1.65 log10 @ 35% inhibition,2262,2262,303,2034,283,1988,287,1968
Pondichery,PY,91.3,95.9,83.1,89.8,85.5,89.1,,NADCP 2,2022,2022,SPCE,1.65 log10 @ 35% inhibition,883,883,806,847,734,793,755,787
Punjab,PB,33.2,66.1,29.5,66.7,30.2,68.1,,NADCP 2,2022,2022,SPCE,1.65 log10 @ 35% inhibition,2196,2196,729,1452,648,1465,663,1495
Sikkim,SK,12.5,52.4,11.2,48.2,12.6,45.9,,NADCP 2,2022,2022,SPCE,1.65 log10 @ 35% inhibition,1138,1016,142,532,127,490,143,466
Tamil Nadu,TN,51.4,78.3,36.5,68.5,40.6,70.3,,NADCP 2,2022,2022,SPCE,1.65 log10 @ 35% inhibition,2327,2327,1196,1822,849,1594,945,1636
Telangana,TS,29.8,64.0,22.6,56.0,22.0,57.2,,NADCP 2,2022,2022,SPCE,1.65 log10 @ 35% inhibition,2275,2275,678,1456,514,1274,500,1301
Uttar Pradesh,UP,30.2,54.6,24.2,57.1,18.8,45.3,,NADCP 2,2022,2022,SPCE,1.65 log10 @ 35% inhibition,1554,2240,469,1223,376,1279,292,1015
Uttarakhand,UK,16.7,58.2,13.3,59.7,11.0,45.0,,NADCP 2,2022,2022,SPCE,1.65 log10 @ 35% inhibition,1358,1236,227,719,181,738,149,556
West Bengal,WB,30.8,75.3,17.2,63.0,19.6,63.6,,NADCP 2,2022,2022,SPCE,1.65 log10 @ 35% inhibition,803,814,247,613,138,513,157,518
Total,,30.6,67.3,25.2,64.2,24.9,62.8,,NADCP 2,2022,2022,SPCE,1.65 log10 @ 35% inhibition,35346,33967,10801,22856,8893,21804,8797,21330
Haryana,HR,32.4,74.3,35.9,77.9,34.6,79.5,,NADCP 3,2022,2022,SPCE,1.65 log10 @ 35% inhibition,2145,2143,695,1592,770,1669,742,1704
Karnataka,KA,45.3,,42.3,,41.4,,,NADCP 3,2022,2022,SPCE,1.65 log10 @ 35% inhibition,1612,,730,,682,,667,
Total,,37.9,74.3,38.6,77.9,37.5,79.5,,NADCP 3,2022,2022,SPCE,1.65 log10 @ 35% inhibition,3757,2143,1424,1592,1450,1669,1409,1704
Odisha,OD,23.8,58.8,14.7,44.9,17.1,50.8,28,1,2017,2019,SPCE,1.8 log10 @ 50% inhibition,,,,,,,,
Odisha,OD,26.4,47.9,16.5,35.4,22.4,44.7,28,2,2018,2019,SPCE,1.8 log10 @ 50% inhibition,,,,,,,,
Odisha,OD,34.1,51.3,17.8,33.8,27.7,40.0,28,3,2018,2019,SPCE,1.8 log10 @ 50% inhibition,,,,,,,,
Odisha,OD,25.3,48.0,13.0,39.0,17.1,35.7,28,4,2019,2019,SPCE,1.8 log10 @ 50% inhibition,,,,,,,,
Odisha,OD,21.6,40.2,12.9,28.0,16.1,21.1,28,5,2019,2019,SPCE,1.8 log10 @ 50% inhibition,,,,,,,,
Haryana,HR,89.9,95.8,79.7,92.4,89.0,95.7,,Organized farms,2021,2021,SPCE,1.8 log10 @ 50% inhibition,1283,1574,1153,1508,1023,1454,1142,1506
Himachal Pradesh,HP,84.4,92.2,53.1,81.3,32.8,54.7,,Organized farms,2021,2021,SPCE,1.8 log10 @ 50% inhibition,64,64,54,59,34,52,21,35
Andhra Pradesh,AP,83.9,96.3,72.5,86.9,84.8,92.3,,Organized farms,2021,2021,SPCE,1.8 log10 @ 50% inhibition,429,480,360,462,311,417,364,443
Madhya Pradesh,MP,66.7,90.7,61.2,79.0,78.4,91.2,,Organized farms,2021,2021,SPCE,1.8 log10 @ 50% inhibition,402,601,268,545,246,475,315,548
Chhattisgarh,CG,65.1,79.3,61.4,87.8,57.8,67.1,,Organized farms,2021,2021,SPCE,1.8 log10 @ 50% inhibition,83,82,54,65,51,72,48,55
Uttar Pradesh,UP,72.1,83.4,69.6,72.8,89.2,87.6,,Organized farms,2021,2021,SPCE,1.8 log10 @ 50% inhibition,240,169,173,141,167,123,214,148
Gujarat,GJ,63.2,95.0,53.5,79.2,63.2,77.4,,Organized farms,2021,2021,SPCE,1.8 log10 @ 50% inhibition,340,159,215,151,182,126,215,123
Tamil Nadu,TN,87.6,97.1,69.5,96.2,77.1,93.3,,Organized farms,2021,2021,SPCE,1.8 log10 @ 50% inhibition,105,105,92,102,73,101,81,98
Kerala,KL,84.5,92.6,73.0,86.8,85.5,91.6,,Organized farms,2021,2021,SPCE,1.8 log10 @ 50% inhibition,882,901,745,834,644,782,754,825
West Bengal,WB,88.2,94.5,91.8,97.3,93.6,97.3,,Organized farms,2021,2021,SPCE,1.8 log10 @ 50% inhibition,110,110,97,104,101,107,103,107
Total,,81.6,93.6,71.9,87.4,82.7,91.6,,Organized farms,2021,2021,SPCE,1.8 log10 @ 50% inhibition,3938,4245,3213,3973,2831,3710,3257,3888
Andhra Pradesh,AP,98.6,97.9,96.2,96.6,98.6,100.0,,Organized farms,2022,2022,SPCE,1.65 log10 @ 35% inhibition,501,326,494,319,482,315,494,326
Kerala,KL,90.9,91.8,88.4,91.7,90.6,92.0,,Organized farms,2022,2022,SPCE,1.65 log10 @ 35% inhibition,1305,1295,1186,1189,1154,1188,1182,1191
Chhattisgarh,CG,78.5,100.0,68.8,100.0,74.2,100.0,,Organized farms,2022,2022,SPCE,1.65 log10 @ 35% inhibition,93,68,73,68,64,68,69,68
Uttar Pradesh,UP,84.2,90.3,91.9,90.0,93.0,97.9,,Organized farms,2022,2022,SPCE,1.65 log10 @ 35% inhibition,570,339,480,306,524,305,530,332
Himachal Pradesh,HP,96.1,95.8,97.1,97.2,96.1,96.5,,Organized farms,2022,2022,SPCE,1.65 log10 @ 35% inhibition,103,144,99,138,100,140,99,139
Madhya Pradesh,MP,92.5,99.5,90.8,97.7,92.5,97.5,,Organized farms,2022,2022,SPCE,1.65 log10 @ 35% inhibition,401,398,371,396,364,389,371,388
Tamil Nadu,TN,97.6,98.8,92.7,97.6,97.4,98.8,,Organized farms,2022,2022,SPCE,1.65 log10 @ 35% inhibition,547,500,534,494,507,488,533,494
Haryana,HR,93.6,98.5,93.3,98.7,93.0,98.8,,Organized farms,2022,2022,SPCE,1.65 log10 @ 35% inhibition,644,868,603,855,601,857,599,858
Odisha,OD,28.6,90.5,23.8,90.5,19.0,85.7,,Organized farms,2022,2022,SPCE,1.65 log10 @ 35% inhibition,21,21,6,19,5,19,4,18
Telangana,TS,14.3,99.0,0.0,95.8,0.0,99.0,,Organized farms,2022,2022,SPCE,1.65 log10 @ 35% inhibition,14,96,2,95,0,92,0,95
Maharashtra,MH,92.2,100.0,91.9,100.0,91.5,100.0,,Organized farms,2022,2022,SPCE,1.65 log10 @ 35% inhibition,283,240,261,240,260,240,259,240
Gujarat,GJ,100.0,100.0,98.7,94.3,93.1,95.0,,Organized farms,2022,2022,SPCE,1.65 log10 @ 35% inhibition,379,562,379,562,374,530,353,534
Uttarakhand,UK,93.2,95.5,93.2,95.5,100.0,100.0,,Organized farms,2022,2022,SPCE,1.65 log10 @ 35% inhibition,44,44,41,42,41,42,44,44
Karnataka,KA,94.1,99.4,94.9,99.4,94.3,99.4,,Organized farms,2022,2022,SPCE,1.65 log10 @ 35% inhibition,370,339,348,337,351,337,349,337
Total,,92.5,96.6,91.5,95.6,92.6,96.6,,Organized farms,2022,2022,SPCE,1.65 log10 @ 35% inhibition,5275,5240,4879,5062,4827,5009,4885,5062
Pondichery,PY,42.1,52.6,26.3,36.8,,21.1,31,2,2012,2019,SPCE,1.8 log10 @ 50% inhibition,,,,,,,,
Pondichery,PY,45.7,63.0,15.2,43.5,56.5,65.2,31,3,2013,2019,SPCE,1.8 log10 @ 50% inhibition,,,,,,,,
Pondichery,PY,87.0,96.3,74.0,94.3,87.0,95.5,31,6,2014,2019,SPCE,1.8 log10 @ 50% inhibition,,,,,,,,
Pondichery,PY,95.1,96.0,60.4,86.0,93.0,95.1,31,7,2015,2019,SPCE,1.8 log10 @ 50% inhibition,,,,,,,,
Pondichery,PY,88.0,94.9,73.5,86.5,85.8,92.7,31,11,2016,2019,SPCE,1.8 log10 @ 50% inhibition,,,,,,,,
Pondichery,PY,95.8,98.1,85.7,89.8,94.7,95.5,31,12,2017,2019,SPCE,1.8 log10 @ 50% inhibition,,,,,,,,
Pondichery,PY,58.7,75.5,49.8,60.8,69.0,78.4,31,13,2017,2019,SPCE,1.8 log10 @ 50% inhibition,,,,,,,,
Pondichery,PY,69.8,82.3,49.6,80.2,73.4,89.1,31,14,2018,2019,SPCE,1.8 log10 @ 50% inhibition,,,,,,,,
Pondichery,PY,63.9,73.6,41.3,69.8,83.3,93.4,31,15,2018,2019,SPCE,1.8 log10 @ 50% inhibition,,,,,,,,
Pondichery,PY,69.0,85.2,57.2,74.5,77.9,90.3,31,16,2019,2019,SPCE,1.8 log10 @ 50% inhibition,,,,,,,,
Punjab,PB,65.5,70.7,62.7,68.2,63.2,81.7,25,3,2013,2019,SPCE,1.8 log10 @ 50% inhibition,,,,,,,,
Punjab,PB,55.6,75.5,68.1,48.8,74.6,87.6,25,4,2013,2019,SPCE,1.8 log10 @ 50% inhibition,,,,,,,,
Punjab,PB,55.1,68.2,68.8,81.5,84.1,94.0,25,5,2014,2019,SPCE,1.8 log10 @ 50% inhibition,,,,,,,,
Punjab,PB,66.7,71.2,76.0,80.7,84.5,92.1,25,6,2014,2019,SPCE,1.8 log10 @ 50% inhibition,,,,,,,,
Punjab,PB,67.8,75.8,64.1,74.4,64.2,77.7,25,7,2015,2019,SPCE,1.8 log10 @ 50% inhibition,,,,,,,,
Punjab,PB,71.8,79.7,65.7,73.9,60.2,70.2,25,8,2015,2019,SPCE,1.8 log10 @ 50% inhibition,,,,,,,,
Punjab,PB,63.7,76.1,49.1,62.2,61.4,70.2,25,10,2016,2019,SPCE,1.8 log10 @ 50% inhibition,,,,,,,,
Punjab,PB,41.4,62.4,40.8,55.6,40.5,55.3,25,11,2017,2019,SPCE,1.8 log10 @ 50% inhibition,,,,,,,,
Punjab,PB,40.5,63.8,34.4,58.8,36.7,50.7,25,12,2018,2019,SPCE,1.8 log10 @ 50% inhibition,,,,,,,,
Punjab,PB,31.4,39.0,30.6,45.9,26.7,38.1,25,13,2018,2019,SPCE,1.8 log10 @ 50% inhibition,,,,,,,,
Rajasthan,RJ,53.6,83.3,60.1,71.1,63.9,72.1,23,2,2016,2019,SPCE,1.8 log10 @ 50% inhibition,,,,,,,,
Rajasthan,RJ,67.1,96.2,74.0,83.2,91.6,89.5,23,3,2016,2019,SPCE,1.8 log10 @ 50% inhibition,,,,,,,,
Rajasthan,RJ,31.0,54.6,29.0,51.2,22.5,44.7,23,5,2017,2019,SPCE,1.8 log10 @ 50% inhibition,,,,,,,,
Rajasthan,RJ,25.7,45.0,17.4,33.4,20.0,31.9,23,6,2018,2019,SPCE,1.8 log10 @ 50% inhibition,,,,,,,,
Rajasthan,RJ,17.6,37.4,11.5,30.3,12.6,25.7,23,7,2019,2019,SPCE,1.8 log10 @ 50% inhibition,,,,,,,,
Rajasthan,RJ,20.4,42.0,16.6,33.9,11.3,20.0,23,8,2019,2019,SPCE,1.8 log10 @ 50% inhibition,,,,,,,,
Tamil Nadu,TN,83.3,96.6,78.4,94.2,87.1,97.5,17,7,2014,2019,SPCE,1.8 log10 @ 50% inhibition,,,,,,,,
Tamil Nadu,TN,85.6,98.2,83.6,97.8,91.3,98.8,17,8,2015,2019,SPCE,1.8 log10 @ 50% inhibition,,,,,,,,
Tamil Nadu,TN,86.2,97.3,81.7,95.7,86.7,98.2,17,9,2015,2019,SPCE,1.8 log10 @ 50% inhibition,,,,,,,,
Tamil Nadu,TN,64.4,83.4,56.4,78.9,70.1,86.5,17,11,2016,2019,SPCE,1.8 log10 @ 50% inhibition,,,,,,,,
Tamil Nadu,TN,59.3,77.0,52.5,74.5,61.0,77.6,17,12,2017,2019,SPCE,1.8 log10 @ 50% inhibition,,,,,,,,
Tamil Nadu,TN,62.2,84.7,52.8,76.8,59.5,80.1,17,13,2017,2019,SPCE,1.8 log10 @ 50% inhibition,,,,,,,,
Tamil Nadu,TN,53.5,78.4,45.7,70.2,52.3,74.8,17,14,2018,2019,SPCE,1.8 log10 @ 50% inhibition,,,,,,,,
Tamil Nadu,TN,47.3,77.4,40.2,69.2,51.7,73.9,17,15,2018,2019,SPCE,1.8 log10 @ 50% inhibition,,,,,,,,
Tamil Nadu,TN,53.5,75.7,41.3,63.3,47.5,60.1,17,16,2019,2019,SPCE,1.8 log10 @ 50% inhibition,,,,,,,,
Tamil Nadu,TN,40.3,78.6,36.8,75.0,36.4,72.2,17,17,2019,2019,SPCE,1.8 log10 @ 50% inhibition,,,,,,,,
Telangana,TS,77.4,94.9,83.4,94.5,77.5,95.3,20,7,2014,2019,SPCE,1.8 log10 @ 50% inhibition,,,,,,,,
Telangana,TS,88.7,94.7,78.4,89.2,86.9,93.5,20,8,2015,2019,SPCE,1.8 log10 @ 50% inhibition,,,,,,,,
Telangana,TS,81.7,84.7,74.1,91.5,84.7,94.8,20,9,2015,2019,SPCE,1.8 log10 @ 50% inhibition,,,,,,,,
Telangana,TS,66.8,76.7,57.4,71.4,65.5,74.3,20,10,2016,2019,SPCE,1.8 log10 @ 50% inhibition,,,,,,,,
Telangana,TS,61.9,77.8,56.4,69.0,57.9,79.3,20,11,2017,2019,SPCE,1.8 log10 @ 50% inhibition,,,,,,,,
Telangana,TS,73.0,86.9,60.0,72.3,65.1,81.5,20,12,2017,2019,SPCE,1.8 log10 @ 50% inhibition,,,,,,,,
Telangana,TS,55.9,75.9,44.3,69.7,53.1,74.4,20,13,2018,2019,SPCE,1.8 log10 @ 50% inhibition,,,,,,,,
Telangana,TS,49.2,78.3,37.7,63.4,52.6,76.7,20,14,2018,2019,SPCE,1.8 log10 @ 50% inhibition,,,,,,,,
Telangana,TS,53.4,82.5,46.6,75.9,54.5,82.7,20,15,2019,2019,SPCE,1.8 log10 @ 50% inhibition,,,,,,,,
Telangana,TS,57.0,79.3,48.3,75.8,57.9,78.9,20,16,2019,2019,SPCE,1.8 log10 @ 50% inhibition,,,,,,,,
Uttar Pradesh,UP,20.5,34.4,15.7,28.3,20.0,34.8,24,6,2017,2019,SPCE,1.8 log10 @ 50% inhibition,,,,,,,,
Uttar Pradesh,UP,16.7,30.8,13.9,24.5,18.9,32.4,24,7,2018,2019,SPCE,1.8 log10 @ 50% inhibition,,,,,,,,
Uttar Pradesh,UP,20.9,38.1,16.2,28.8,24.1,41.9,24,8,2018,2019,SPCE,1.8 log10 @ 50% inhibition,,,,,,,,
Uttar Pradesh,UP,17.2,38.6,12.4,33.7,17.5,40.2,24,9,2019,2019,SPCE,1.8 log10 @ 50% inhibition,,,,,,,,
Uttarakhand,UK,16.0,18.6,9.2,9.8,12.0,13.4,24,1,2017,2019,SPCE,1.8 log10 @ 50% inhibition,,,,,,,,
Uttarakhand,UK,18.6,17.5,26.1,12.1,26.7,12.1,24,2,2017,2019,SPCE,1.8 log10 @ 50% inhibition,,,,,,,,
Uttarakhand,UK,14.9,18.7,8.7,10.1,11.8,12.4,24,3,2018,2019,SPCE,1.8 log10 @ 50% inhibition,,,,,,,,
Uttarakhand,UK,15.3,17.6,12.7,15.2,13.7,14.1,24,4,2018,2019,SPCE,1.8 log10 @ 50% inhibition,,,,,,,,
Uttarakhand,UK,13.2,22.1,7.9,15.5,10.9,16.5,24,5,2019,2019,SPCE,1.8 log10 @ 50% inhibition,,,,,,,,
West Bengal,WB,26.8,35.8,17.3,22.0,19.5,27.2,27,1,2017,2019,SPCE,1.8 log10 @ 50% inhibition,,,,,,,,
West Bengal,WB,19.2,40.5,13.1,25.4,11.2,23.1,27,2,2017,2019,SPCE,1.8 log10 @ 50% inhibition,,,,,,,,
West Bengal,WB,22.9,42.5,11.3,22.9,15.5,29.0,27,3,2018,2019,SPCE,1.8 log10 @ 50% inhibition,,,,,,,,
